{"type":"FeatureCollection","features":[{"type":"Feature","geometry":{"type":"Polygon","coordinates":[[[35.4633,0.5072],[35.44563,0.50244],[35.39083,0.50862],[35.35375,0.52337],[35.34858,0.53876],[35.32375,0.55895],[35.31321,0.52108],[35.29117,0.52938],[35.28185,0.51107],[35.28478,0.50911],[35.35388,0.46759],[35.38074,0.42564],[35.39305,0.42563],[35.39044,0.39824],[35.40244,0.39507],[35.39988,0.36415],[35.41376,0.35275],[35.40116,0.33475],[35.438,0.28569],[35.4139,0.25997],[35.44189,0.21601],[35.46381,0.20157],[35.47717,0.15934],[35.45977,0.13319],[35.48061,0.1084],[35.54298,0.10913],[35.54163,0.08935],[35.57366,0.06631],[35.5754,0.11567],[35.59058,0.14885],[35.58807,0.17054],[35.56786,0.19896],[35.55508,0.19087],[35.51269,0.18953],[35.53068,0.22095],[35.50521,0.22576],[35.48582,0.25055],[35.50417,0.29487],[35.49516,0.31385],[35.5095,0.31539],[35.49638,0.34495],[35.46878,0.37011],[35.48808,0.38134],[35.47268,0.4497],[35.46161,0.45612],[35.4633,0.5072]]]},"properties":{"shapeName":"Ainabkoi","shapeID":"3690345B95414198105650","shapeGroup":"KEN","shapeType":"ADM2","name":"Ainabkoi","code":"3690345B95414198105650"}},{"type":"Feature","geometry":{"type":"Polygon","coordinates":[[[35.32495,-0.25056],[35.29291,-0.23483],[35.2696,-0.23548],[35.25305,-0.2153],[35.2457,-0.26551],[35.2096,-0.24281],[35.2026,-0.25901],[35.1885,-0.25046],[35.18,-0.29151],[35.1661,-0.30852],[35.17012,-0.32713],[35.1974,-0.31432],[35.2352,-0.32481],[35.2448,-0.35041],[35.2311,-0.36671],[35.2446,-0.38061],[35.2333,-0.39641],[35.2473,-0.40861],[35.2837,-0.38911],[35.31746,-0.35028],[35.33237,-0.35143],[35.326,-0.33131],[35.3506,-0.30701],[35.40305,-0.27081],[35.4106,-0.25311],[35.3653,-0.26661],[35.32495,-0.25056]]]},"properties":{"shapeName":"Ainamoi","shapeID":"3690345B54801368411234","shapeGroup":"KEN","shapeType":"ADM2","name":"Ainamoi","code":"3690345B54801368411234"}},{"type":"Feature","geometry":{"type":"Polygon","coordinates":[[[35.13034,0.1363],[35.09619,0.14592],[35.06428,0.12295],[35.02548,0.12355],[35.00288,0.10835],[35.00323,0.0871],[34.97253,0.07985],[34.92958,0.08825],[34.93488,0.13075],[34.90528,0.14085],[34.90865,0.15478],[34.88313,0.144],[34.85955,0.12142],[34.85963,0.08411],[34.83611,0.03259],[34.82056,0.03499],[34.763,-0.00056],[34.74175,0.0056],[34.74622,-0.02122],[34.75097,-0.03178],[34.83068,0.02565],[34.80971,-0.00432],[34.80798,-0.01932],[34.8276,-0.02576],[34.92147,-0.02443],[34.94095,-0.03128],[34.94816,-0.00902],[34.99988,-0.00492],[35.00386,-0.02033],[35.04289,-0.02692],[35.05193,-0.0124],[35.08507,-0.00634],[35.09985,0.02315],[35.08776,0.04478],[35.10121,0.05884],[35.10816,0.08782],[35.11612,0.11997],[35.13034,0.1363]]]},"properties":{"shapeName":"Aldai","shapeID":"3690345B36924206491537","shapeGroup":"KEN","shapeType":"ADM2","name":"Aldai","code":"3690345B36924206491537"}},{"type":"Feature","geometry":{"type":"Polygon","coordinates":[[[34.21848,0.16479],[34.19367,0.1703],[34.17438,0.15852],[34.11787,0.1411],[34.10295,0.12612],[34.09512,0.1327],[34.07219,0.11891],[34.04426,0.00804],[34.11206,0.04019],[34.12323,0.01948],[34.15415,0.01499],[34.16431,-0.01002],[34.18842,-0.01635],[34.21708,-0.01171],[34.2233,-0.02971],[34.25592,-0.0473],[34.35545,-0.02755],[34.36883,-0.00646],[34.38862,0.00063],[34.37433,0.03729],[34.37889,0.08026],[34.36458,0.0965],[34.34872,0.13922],[34.30517,0.1555],[34.23588,0.14985],[34.21848,0.16479]]]},"properties":{"shapeName":"Alego Usonga","shapeID":"3690345B57306569752992","shapeGroup":"KEN","shapeType":"ADM2","name":"Alego Usonga","code":"3690345B57306569752992"}},{"type":"Feature","geometry":{"type":"Polygon","coordinates":[[[34.62157,-0.9854],[34.59807,-0.9446],[34.58637,-0.902],[34.58617,-0.8323],[34.56367,-0.7987],[34.57407,-0.783],[34.56987,-0.7552],[34.54125,-0.74317],[34.5363,-0.72831],[34.51817,-0.7566],[34.48547,-0.7868],[34.46497,-0.8344],[34.46381,-0.86214],[34.51037,-0.9066],[34.55513,-0.97973],[34.56587,-1.0094],[34.59007,-1.0162],[34.62157,-0.9854]]]},"properties":{"shapeName":"Awendo","shapeID":"3690345B13715496647196","shapeGroup":"KEN","shapeType":"ADM2","name":"Awendo","code":"3690345B13715496647196"}},{"type":"Feature","geometry":{"type":"Polygon","coordinates":[[[36.21213,-0.11934],[36.18228,-0.11695],[36.14718,-0.14715],[36.12163,-0.12095],[36.08918,-0.13635],[36.09018,-0.18435],[36.05528,-0.18465],[36.05388,-0.24915],[36.08958,-0.257],[36.14894,-0.29043],[36.16478,-0.28715],[36.15642,-0.31082],[36.19438,-0.33395],[36.22126,-0.32665],[36.21282,-0.26753],[36.24609,-0.25261],[36.23728,-0.22785],[36.21182,-0.20062],[36.20078,-0.13415],[36.21213,-0.11934]]]},"properties":{"shapeName":"Bahati","shapeID":"3690345B12998672958499","shapeGroup":"KEN","shapeType":"ADM2","name":"Bahati","code":"3690345B12998672958499"}},{"type":"Feature","geometry":{"type":"Polygon","coordinates":[[[39.50267,0.0063],[39.42216,0.01697],[39.42533,0.08261],[39.4338,0.10968],[39.43086,0.19794],[39.4019,0.23016],[39.36987,0.27631],[39.36873,0.30344],[39.34863,0.37225],[39.30031,0.38045],[39.22121,0.38195],[39.19402,0.33229],[39.19154,0.29796],[39.15588,0.258],[39.1105,0.24637],[39.05522,0.2977],[39.00282,0.28746],[38.97587,0.3136],[38.89782,0.32233],[38.88475,0.34071],[38.8431,0.34033],[38.82604,0.35446],[38.79354,0.34661],[38.74754,0.36178],[38.71063,0.36636],[38.75723,0.18381],[38.73467,0.14907],[38.72983,0.11929],[38.73056,0.04889],[38.74873,-0.02968],[38.77607,-0.02625],[38.8347,-0.04928],[38.88262,-0.05159],[38.91692,-0.03998],[38.93732,-0.04371],[38.955,-0.02283],[38.98185,-0.00931],[39.01825,-0.00217],[39.07253,-0.00308],[39.09444,-0.01073],[39.13907,-0.06653],[39.15767,-0.07945],[39.19684,-0.09063],[39.23122,-0.08545],[39.26011,-0.09309],[39.32949,-0.09065],[39.38597,-0.12467],[39.40865,-0.14477],[39.44667,-0.14914],[39.48659,-0.1787],[39.53276,-0.22061],[39.54555,-0.24517],[39.58214,-0.26771],[39.59972,-0.29686],[39.62625,-0.31919],[39.62594,-0.43096],[39.67302,-0.41795],[39.81322,-0.26336],[39.86516,-0.20567],[39.99944,-0.08156],[40.00345,-0.07547],[39.96271,-0.06211],[39.9415,-0.04633],[39.8998,-0.03068],[39.88292,-0.03255],[39.82535,0.00655],[39.81205,-0.00854],[39.78325,-0.02038],[39.71118,-0.03049],[39.66259,-0.01734],[39.62814,-0.02555],[39.61501,-0.00897],[39.582,0.00204],[39.50267,0.0063]]]},"properties":{"shapeName":"Balambala","shapeID":"3690345B82306211866493","shapeGroup":"KEN","shapeType":"ADM2","name":"Balambala","code":"3690345B82306211866493"}},{"type":"Feature","geometry":{"type":"Polygon","coordinates":[[[40.97955,4.11594],[40.9596,4.14181],[40.9068,4.15621],[40.8844,4.21421],[40.8538,4.22841],[40.8338,4.24741],[40.7907,4.26761],[40.7825,4.28051],[40.7586,4.28181],[40.7273,4.25101],[40.6971,4.24151],[40.3848,4.11531],[40.207,4.04211],[40.1913,4.04651],[40.153,4.01311],[40.1176,3.99911],[39.99021,3.93289],[40.01746,3.90189],[40.01271,3.88159],[40.03791,3.85484],[40.09796,3.82969],[40.10911,3.80639],[40.09811,3.75664],[40.10727,3.74182],[40.13981,3.74884],[40.19121,3.71324],[40.22091,3.73654],[40.23781,3.76924],[40.23376,3.73529],[40.24161,3.72599],[40.25701,3.75759],[40.27816,3.77159],[40.29331,3.76289],[40.30744,3.7244],[40.32427,3.75288],[40.33633,3.7556],[40.34816,3.72751],[40.3659,3.74252],[40.39188,3.80304],[40.4219,3.84502],[40.43756,3.87856],[40.51208,3.86265],[40.59252,3.86063],[40.60584,3.8728],[40.64873,3.8613],[40.67626,3.86316],[40.67261,3.87391],[40.68789,3.92189],[40.73442,3.94943],[40.7335,4.00493],[40.75068,4.01578],[40.79467,4.01546],[40.81951,4.0408],[40.84559,4.05146],[40.91259,4.0995],[40.95129,4.09232],[40.97955,4.11594]]]},"properties":{"shapeName":"Banissa","shapeID":"3690345B63925745903052","shapeGroup":"KEN","shapeType":"ADM2","name":"Banissa","code":"3690345B63925745903052"}},{"type":"Feature","geometry":{"type":"Polygon","coordinates":[[[35.77918,0.26365],[35.77738,0.29875],[35.81568,0.29675],[35.80608,0.33985],[35.83898,0.37385],[35.84258,0.3632],[35.87738,0.3682],[35.85408,0.41685],[35.85818,0.46635],[35.85243,0.47415],[35.8508,0.52467],[35.81418,0.53475],[35.80848,0.5533],[35.83791,0.60109],[35.81486,0.59964],[35.79918,0.58145],[35.74128,0.56515],[35.66528,0.56375],[35.64158,0.55105],[35.60238,0.55645],[35.61478,0.50945],[35.63068,0.50285],[35.66108,0.41145],[35.65498,0.39975],[35.68088,0.37255],[35.72012,0.35654],[35.71268,0.31615],[35.70938,0.25755],[35.72243,0.21495],[35.77758,0.22515],[35.77918,0.26365]]]},"properties":{"shapeName":"Baringo Central","shapeID":"3690345B17833085529385","shapeGroup":"KEN","shapeType":"ADM2","name":"Baringo Central","code":"3690345B17833085529385"}},{"type":"Feature","geometry":{"type":"Polygon","coordinates":[[[35.83791,0.60109],[35.87075,0.59536],[35.89168,0.57685],[35.92218,0.56855],[35.94058,0.59355],[35.97108,0.61165],[36.00678,0.61495],[36.01358,0.66565],[36.03106,0.71569],[36.03348,0.72355],[35.98623,0.7709],[35.99178,0.79165],[35.96028,0.79155],[35.97468,0.83545],[35.95138,0.82845],[35.91818,0.85185],[35.91348,0.87895],[35.90058,0.89065],[35.88768,0.92855],[35.83158,0.96605],[35.79438,0.98235],[35.76428,0.98685],[35.68984,0.94237],[35.65838,0.96815],[35.63828,0.967],[35.63008,0.95315],[35.63648,0.92135],[35.62608,0.90775],[35.62405,0.86174],[35.64278,0.84045],[35.63708,0.78885],[35.62038,0.73985],[35.63368,0.70305],[35.62538,0.67985],[35.60418,0.67065],[35.60878,0.64545],[35.59628,0.62205],[35.61168,0.58857],[35.60238,0.55645],[35.64158,0.55105],[35.66528,0.56375],[35.74128,0.56515],[35.79918,0.58145],[35.81486,0.59964],[35.83791,0.60109]]]},"properties":{"shapeName":"Baringo North","shapeID":"3690345B96976797039875","shapeGroup":"KEN","shapeType":"ADM2","name":"Baringo North","code":"3690345B96976797039875"}},{"type":"Feature","geometry":{"type":"Polygon","coordinates":[[[35.77918,0.26365],[35.83398,0.25885],[35.86968,0.27445],[35.89249,0.27191],[35.92028,0.30075],[35.9244,0.39292],[35.95618,0.39365],[35.99038,0.40985],[35.99809,0.39638],[35.99018,0.37385],[35.99368,0.34635],[35.98479,0.30243],[36.08568,0.30525],[36.11938,0.33065],[36.1419,0.32228],[36.15258,0.30585],[36.18618,0.31695],[36.21633,0.252],[36.20168,0.23575],[36.23568,0.21135],[36.2541,0.18393],[36.28799,0.20728],[36.29612,0.22994],[36.27966,0.27405],[36.26506,0.27793],[36.2309,0.33575],[36.261,0.3429],[36.25943,0.37605],[36.22745,0.39857],[36.22922,0.4219],[36.29412,0.56639],[36.27796,0.63296],[36.26418,0.65015],[36.24958,0.64305],[36.21188,0.64805],[36.17388,0.66355],[36.13438,0.69785],[36.08458,0.68665],[36.07148,0.70505],[36.07768,0.72105],[36.05413,0.73345],[36.03106,0.71569],[36.01358,0.66565],[36.00678,0.61495],[35.97108,0.61165],[35.94058,0.59355],[35.92218,0.56855],[35.89168,0.57685],[35.87075,0.59536],[35.83791,0.60109],[35.80848,0.5533],[35.81418,0.53475],[35.8508,0.52467],[35.85243,0.47415],[35.85818,0.46635],[35.85408,0.41685],[35.87738,0.3682],[35.84258,0.3632],[35.83898,0.37385],[35.80608,0.33985],[35.81568,0.29675],[35.77738,0.29875],[35.77918,0.26365]]]},"properties":{"shapeName":"Baringo South","shapeID":"3690345B40678140924762","shapeGroup":"KEN","shapeType":"ADM2","name":"Baringo South","code":"3690345B40678140924762"}},{"type":"Feature","geometry":{"type":"Polygon","coordinates":[[[35.17012,-0.32713],[35.12781,-0.33625],[35.1436,-0.35631],[35.1352,-0.38641],[35.1172,-0.38691],[35.0925,-0.41981],[35.0853,-0.47231],[35.11469,-0.46008],[35.1733,-0.46881],[35.18153,-0.48216],[35.21499,-0.47846],[35.20892,-0.46527],[35.23209,-0.42204],[35.2774,-0.41592],[35.30321,-0.42415],[35.33539,-0.4061],[35.36139,-0.40735],[35.36251,-0.48229],[35.39466,-0.45957],[35.42709,-0.45452],[35.44295,-0.4278],[35.47264,-0.39949],[35.44404,-0.35053],[35.42055,-0.36868],[35.3917,-0.37781],[35.3467,-0.37511],[35.33237,-0.35143],[35.31746,-0.35028],[35.2837,-0.38911],[35.2473,-0.40861],[35.2333,-0.39641],[35.2446,-0.38061],[35.2311,-0.36671],[35.2448,-0.35041],[35.2352,-0.32481],[35.1974,-0.31432],[35.17012,-0.32713]]]},"properties":{"shapeName":"Belgut","shapeID":"3690345B57157078015490","shapeGroup":"KEN","shapeType":"ADM2","name":"Belgut","code":"3690345B57157078015490"}},{"type":"Feature","geometry":{"type":"Polygon","coordinates":[[[34.91717,-0.9107],[34.89212,-0.85591],[34.85447,-0.8126],[34.75426,-0.72561],[34.74543,-0.70527],[34.71192,-0.71915],[34.72975,-0.7637],[34.73649,-0.8189],[34.76097,-0.856],[34.79389,-0.88378],[34.81347,-0.8861],[34.81897,-0.9239],[34.83067,-0.9327],[34.91717,-0.9107]]]},"properties":{"shapeName":"Bobasi","shapeID":"3690345B31874889890147","shapeGroup":"KEN","shapeType":"ADM2","name":"Bobasi","code":"3690345B31874889890147"}},{"type":"Feature","geometry":{"type":"Polygon","coordinates":[[[34.76097,-0.856],[34.74023,-0.8497],[34.72677,-0.8672],[34.72527,-0.8918],[34.68717,-0.8899],[34.68557,-0.908],[34.71477,-0.9606],[34.83067,-0.9327],[34.81897,-0.9239],[34.81347,-0.8861],[34.79389,-0.88378],[34.76097,-0.856]]]},"properties":{"shapeName":"Bomachoge Borabu","shapeID":"3690345B98322463475232","shapeGroup":"KEN","shapeType":"ADM2","name":"Bomachoge Borabu","code":"3690345B98322463475232"}},{"type":"Feature","geometry":{"type":"Polygon","coordinates":[[[34.71192,-0.71915],[34.68467,-0.7137],[34.67477,-0.7431],[34.68267,-0.7803],[34.69827,-0.8052],[34.67725,-0.83385],[34.68467,-0.8453],[34.68717,-0.8899],[34.72527,-0.8918],[34.72677,-0.8672],[34.74023,-0.8497],[34.76097,-0.856],[34.73649,-0.8189],[34.72975,-0.7637],[34.71192,-0.71915]]]},"properties":{"shapeName":"Bomachoge Chache","shapeID":"3690345B65258571851787","shapeGroup":"KEN","shapeType":"ADM2","name":"Bomachoge Chache","code":"3690345B65258571851787"}},{"type":"Feature","geometry":{"type":"Polygon","coordinates":[[[35.43296,-0.72684],[35.42651,-0.72135],[35.39718,-0.64423],[35.29404,-0.64924],[35.26263,-0.67566],[35.24392,-0.69306],[35.24339,-0.74617],[35.23633,-0.75682],[35.20014,-0.77083],[35.19897,-0.78791],[35.22664,-0.81518],[35.27476,-0.81469],[35.24859,-0.78968],[35.28584,-0.77733],[35.31016,-0.75488],[35.33041,-0.77569],[35.33579,-0.79566],[35.33983,-0.78067],[35.36556,-0.76109],[35.37938,-0.77339],[35.39402,-0.74163],[35.40959,-0.74418],[35.43296,-0.72684]]]},"properties":{"shapeName":"Bomet Central","shapeID":"3690345B53477019337333","shapeGroup":"KEN","shapeType":"ADM2","name":"Bomet Central","code":"3690345B53477019337333"}},{"type":"Feature","geometry":{"type":"Polygon","coordinates":[[[35.33579,-0.79566],[35.35249,-0.78279],[35.37109,-0.78514],[35.35208,-0.81108],[35.36229,-0.83624],[35.34929,-0.87514],[35.34455,-0.91594],[35.35197,-0.96945],[35.42133,-0.9439],[35.42391,-0.90452],[35.46181,-0.87201],[35.47909,-0.83887],[35.5205,-0.8135],[35.5465,-0.78757],[35.53426,-0.77833],[35.48084,-0.7641],[35.43296,-0.72684],[35.40959,-0.74418],[35.39402,-0.74163],[35.37938,-0.77339],[35.36556,-0.76109],[35.33983,-0.78067],[35.33579,-0.79566]]]},"properties":{"shapeName":"Bomet East","shapeID":"3690345B81361718006434","shapeGroup":"KEN","shapeType":"ADM2","name":"Bomet East","code":"3690345B81361718006434"}},{"type":"Feature","geometry":{"type":"Polygon","coordinates":[[[34.74543,-0.70527],[34.75507,-0.6753],[34.71687,-0.6235],[34.68997,-0.5962],[34.65937,-0.60145],[34.63467,-0.66059],[34.64303,-0.70404],[34.68467,-0.7137],[34.71192,-0.71915],[34.74543,-0.70527]]]},"properties":{"shapeName":"Bonchari","shapeID":"3690345B50760924854388","shapeGroup":"KEN","shapeType":"ADM2","name":"Bonchari","code":"3690345B50760924854388"}},{"type":"Feature","geometry":{"type":"Polygon","coordinates":[[[34.04426,0.00804],[34.01549,-0.02771],[33.94939,-0.02651],[33.98307,-0.1288],[33.94797,-0.3381],[34.24022,-0.33838],[34.24415,-0.23599],[34.27657,-0.2001],[34.31005,-0.11903],[34.38237,-0.06104],[34.35545,-0.02755],[34.25592,-0.0473],[34.2233,-0.02971],[34.21708,-0.01171],[34.18842,-0.01635],[34.16431,-0.01002],[34.15415,0.01499],[34.12323,0.01948],[34.11206,0.04019],[34.04426,0.00804]]]},"properties":{"shapeName":"Bondo","shapeID":"3690345B84738590288078","shapeGroup":"KEN","shapeType":"ADM2","name":"Bondo","code":"3690345B84738590288078"}},{"type":"Feature","geometry":{"type":"Polygon","coordinates":[[[35.03287,-0.49616],[35.03232,-0.5904],[35.01047,-0.5976],[34.98767,-0.5812],[34.96207,-0.53949],[34.94186,-0.55175],[34.97487,-0.6149],[34.99977,-0.62575],[35.01712,-0.65575],[35.01752,-0.67485],[35.01357,-0.7052],[34.98867,-0.7315],[34.97517,-0.7609],[34.95049,-0.78262],[35.01283,-0.88792],[35.02141,-0.84736],[35.04436,-0.85251],[35.09129,-0.80088],[35.04789,-0.70654],[35.07219,-0.69079],[35.05512,-0.65602],[35.05833,-0.61961],[35.04798,-0.52271],[35.05245,-0.49811],[35.03287,-0.49616]]]},"properties":{"shapeName":"Borabu","shapeID":"3690345B58519462810575","shapeGroup":"KEN","shapeType":"ADM2","name":"Borabu","code":"3690345B58519462810575"}},{"type":"Feature","geometry":{"type":"Polygon","coordinates":[[[34.09512,0.1327],[34.08514,0.15093],[34.05993,0.16261],[33.99394,0.16544],[33.9654,0.18126],[33.91041,0.10643],[33.94939,-0.02651],[34.01549,-0.02771],[34.04426,0.00804],[34.07219,0.11891],[34.09512,0.1327]]]},"properties":{"shapeName":"Budalangi","shapeID":"3690345B63864240127702","shapeGroup":"KEN","shapeType":"ADM2","name":"Budalangi","code":"3690345B63864240127702"}},{"type":"Feature","geometry":{"type":"Polygon","coordinates":[[[34.50277,0.68436],[34.47832,0.69126],[34.46801,0.6765],[34.45071,0.68655],[34.4283,0.67789],[34.41757,0.65996],[34.38331,0.64259],[34.3704,0.6078],[34.37673,0.57895],[34.36813,0.56226],[34.39069,0.53897],[34.40826,0.50483],[34.38999,0.49952],[34.39126,0.46826],[34.41943,0.47555],[34.43966,0.46419],[34.48418,0.48482],[34.49582,0.4591],[34.53157,0.44447],[34.55071,0.4711],[34.56457,0.50136],[34.51242,0.51668],[34.50736,0.54458],[34.53781,0.5683],[34.50291,0.57333],[34.50712,0.59751],[34.49849,0.61819],[34.5158,0.64904],[34.5008,0.66124],[34.50277,0.68436]]]},"properties":{"shapeName":"Bumula","shapeID":"3690345B11418167735466","shapeGroup":"KEN","shapeType":"ADM2","name":"Bumula","code":"3690345B11418167735466"}},{"type":"Feature","geometry":{"type":"Polygon","coordinates":[[[38.74873,-0.02968],[38.76473,-0.05497],[38.75773,-0.07344],[38.71257,-0.06228],[38.68808,-0.04071],[38.67635,-0.05514],[38.65507,-0.04649],[38.63873,-0.0547],[38.6107,-0.02981],[38.56889,-0.01931],[38.54751,-0.02095],[38.54009,-0.04452],[38.52072,-0.06279],[38.49153,-0.05888],[38.48287,-0.07603],[38.45291,-0.08514],[38.41955,-0.07036],[38.59158,-0.36169],[38.6778,-0.51035],[38.78692,-0.69389],[38.81834,-0.74988],[38.95323,-1.0342],[39.04544,-1.05213],[39.56698,-1.13755],[39.86173,-1.18813],[39.88477,-1.23457],[39.90362,-1.30226],[39.98806,-1.30233],[39.96498,-1.24548],[39.96387,-1.22399],[40.01249,-1.1635],[39.99634,-1.12038],[39.93435,-1.00279],[39.93739,-0.96423],[39.91915,-0.91715],[39.90507,-0.89931],[39.90104,-0.83355],[39.86282,-0.76112],[39.86824,-0.73899],[39.84186,-0.65529],[39.81969,-0.62059],[39.81402,-0.58739],[39.7468,-0.54314],[39.72629,-0.54481],[39.72284,-0.52555],[39.69254,-0.49314],[39.63331,-0.49305],[39.63659,-0.45895],[39.62594,-0.43096],[39.62625,-0.31919],[39.59972,-0.29686],[39.58214,-0.26771],[39.54555,-0.24517],[39.53276,-0.22061],[39.48659,-0.1787],[39.44667,-0.14914],[39.40865,-0.14477],[39.38597,-0.12467],[39.32949,-0.09065],[39.26011,-0.09309],[39.23122,-0.08545],[39.19684,-0.09063],[39.15767,-0.07945],[39.13907,-0.06653],[39.09444,-0.01073],[39.07253,-0.00308],[39.01825,-0.00217],[38.98185,-0.00931],[38.955,-0.02283],[38.93732,-0.04371],[38.91692,-0.03998],[38.88262,-0.05159],[38.8347,-0.04928],[38.77607,-0.02625],[38.74873,-0.02968]]]},"properties":{"shapeName":"Bura","shapeID":"3690345B15022807723985","shapeGroup":"KEN","shapeType":"ADM2","name":"Bura","code":"3690345B15022807723985"}},{"type":"Feature","geometry":{"type":"Polygon","coordinates":[[[35.0853,-0.47231],[35.05245,-0.49811],[35.04798,-0.52271],[35.05833,-0.61961],[35.07228,-0.59749],[35.08687,-0.608],[35.08025,-0.65025],[35.0929,-0.65693],[35.17815,-0.6551],[35.2284,-0.6133],[35.22467,-0.59692],[35.1956,-0.57457],[35.20613,-0.54733],[35.19312,-0.50708],[35.17826,-0.49941],[35.18153,-0.48216],[35.1733,-0.46881],[35.11469,-0.46008],[35.0853,-0.47231]]]},"properties":{"shapeName":"Buret","shapeID":"3690345B45419695798591","shapeGroup":"KEN","shapeType":"ADM2","name":"Buret","code":"3690345B45419695798591"}},{"type":"Feature","geometry":{"type":"Polygon","coordinates":[[[34.48389,0.30686],[34.45596,0.26985],[34.48497,0.22869],[34.46564,0.20791],[34.45149,0.20735],[34.42601,0.18588],[34.44121,0.16637],[34.42479,0.15211],[34.43418,0.14586],[34.46725,0.1577],[34.48191,0.15154],[34.50729,0.17327],[34.54523,0.16723],[34.55431,0.18294],[34.60946,0.18825],[34.61529,0.22594],[34.60704,0.24025],[34.61153,0.27826],[34.58785,0.26951],[34.52712,0.27985],[34.48649,0.29372],[34.48389,0.30686]]]},"properties":{"shapeName":"Butere","shapeID":"3690345B46700738933790","shapeGroup":"KEN","shapeType":"ADM2","name":"Butere","code":"3690345B46700738933790"}},{"type":"Feature","geometry":{"type":"Polygon","coordinates":[[[34.34341,0.42517],[34.32138,0.42105],[34.26167,0.39428],[34.23527,0.37491],[34.20164,0.37888],[34.20107,0.34463],[34.18979,0.31659],[34.15946,0.30074],[34.17357,0.29642],[34.20489,0.26347],[34.20556,0.28635],[34.236,0.29221],[34.24697,0.31149],[34.37195,0.3088],[34.38272,0.31958],[34.38577,0.35402],[34.42197,0.37267],[34.3782,0.405],[34.36114,0.40543],[34.34341,0.42517]]]},"properties":{"shapeName":"Butula","shapeID":"3690345B92166802171620","shapeGroup":"KEN","shapeType":"ADM2","name":"Butula","code":"3690345B92166802171620"}},{"type":"Feature","geometry":{"type":"Polygon","coordinates":[[[37.57285,0.32876],[37.55525,0.32856],[37.54651,0.3115],[37.54775,0.2821],[37.53598,0.26366],[37.46559,0.28361],[37.43,0.298],[37.4007,0.29632],[37.40042,0.28542],[37.37371,0.27129],[37.35996,0.25299],[37.3408,0.18465],[37.30805,0.17841],[37.28249,0.15215],[37.28126,0.13018],[37.25234,0.09698],[37.23426,0.10449],[37.23216,0.08068],[37.18686,0.05705],[37.10891,0.03848],[37.08808,0.02277],[37.12063,-0.01837],[37.13733,-0.03765],[37.30781,-0.14957],[37.46193,0.07564],[37.48964,0.09057],[37.49095,0.14658],[37.49986,0.16038],[37.48967,0.19728],[37.49866,0.22119],[37.51578,0.23431],[37.53241,0.21344],[37.53123,0.19076],[37.55572,0.13333],[37.54684,0.09363],[37.57823,0.04746],[37.60946,0.05638],[37.60246,0.09],[37.6105,0.09406],[37.60122,0.12646],[37.58483,0.13228],[37.63648,0.13322],[37.67655,0.15116],[37.64572,0.19117],[37.61835,0.24744],[37.57285,0.32876]]]},"properties":{"shapeName":"Buuri","shapeID":"3690345B42438423970575","shapeGroup":"KEN","shapeType":"ADM2","name":"Buuri","code":"3690345B42438423970575"}},{"type":"Feature","geometry":{"type":"Polygon","coordinates":[[[37.30781,-0.14957],[37.58404,-0.02115],[37.62217,-0.02633],[37.65099,-0.03905],[37.65791,-0.05653],[37.6886,-0.0616],[37.73559,-0.09374],[37.77028,-0.10382],[37.78411,-0.09591],[37.83585,-0.09671],[37.86891,-0.12983],[37.93202,-0.06282],[37.90229,-0.0225],[37.87825,-0.01023],[37.85539,-0.01279],[37.78925,0.01446],[37.7551,0.01434],[37.70484,0.00488],[37.66781,0.01274],[37.64404,0.0031],[37.57823,0.04746],[37.54684,0.09363],[37.55572,0.13333],[37.53123,0.19076],[37.53241,0.21344],[37.51578,0.23431],[37.49866,0.22119],[37.48967,0.19728],[37.49986,0.16038],[37.49095,0.14658],[37.48964,0.09057],[37.46193,0.07564],[37.30781,-0.14957]]]},"properties":{"shapeName":"Cental Imenti","shapeID":"3690345B53474417583970","shapeGroup":"KEN","shapeType":"ADM2","name":"Cental Imenti","code":"3690345B53474417583970"}},{"type":"Feature","geometry":{"type":"Polygon","coordinates":[[[39.64966,-4.03054],[39.63175,-4.02755],[39.56969,-3.99155],[39.56422,-4.01269],[39.58601,-4.02896],[39.58557,-4.04357],[39.63952,-4.03793],[39.64966,-4.03054]]]},"properties":{"shapeName":"Changamwe","shapeID":"3690345B29698096186163","shapeGroup":"KEN","shapeType":"ADM2","name":"Changamwe","code":"3690345B29698096186163"}},{"type":"Feature","geometry":{"type":"Polygon","coordinates":[[[35.19897,-0.78791],[35.17506,-0.7887],[35.16779,-0.837],[35.13701,-0.83877],[35.14637,-0.86041],[35.12999,-0.90076],[35.13412,-0.92308],[35.11661,-0.93228],[35.22063,-1.01781],[35.24859,-1.03288],[35.31244,-0.99897],[35.33364,-0.97427],[35.35197,-0.96945],[35.34455,-0.91594],[35.34929,-0.87514],[35.36229,-0.83624],[35.35208,-0.81108],[35.37109,-0.78514],[35.35249,-0.78279],[35.33579,-0.79566],[35.33041,-0.77569],[35.31016,-0.75488],[35.28584,-0.77733],[35.24859,-0.78968],[35.27476,-0.81469],[35.22664,-0.81518],[35.19897,-0.78791]]]},"properties":{"shapeName":"Chepalungu","shapeID":"3690345B98705633113269","shapeGroup":"KEN","shapeType":"ADM2","name":"Chepalungu","code":"3690345B98705633113269"}},{"type":"Feature","geometry":{"type":"Polygon","coordinates":[[[35.35965,0.94592],[35.34386,0.94896],[35.33743,0.96972],[35.35232,0.9808],[35.34347,1.00597],[35.36197,1.02067],[35.31298,1.03797],[35.24213,1.07532],[35.21769,1.11685],[35.20207,1.11824],[35.15162,1.20057],[35.12517,1.18508],[35.10192,1.18603],[35.11161,1.17376],[35.10924,1.14116],[35.06952,1.10989],[35.07657,1.09402],[35.05288,1.06145],[35.10457,0.93792],[35.11367,0.89482],[35.12821,0.92142],[35.15496,0.91936],[35.19054,0.92731],[35.22231,0.92117],[35.25243,0.94214],[35.29296,0.91607],[35.30523,0.89218],[35.32982,0.9348],[35.34892,0.92227],[35.35965,0.94592]]]},"properties":{"shapeName":"Cherangany","shapeID":"3690345B16240552911731","shapeGroup":"KEN","shapeType":"ADM2","name":"Cherangany","code":"3690345B16240552911731"}},{"type":"Feature","geometry":{"type":"Polygon","coordinates":[[[35.18101,0.40896],[35.13838,0.4099],[35.12438,0.3795],[35.12016,0.3449],[35.10248,0.36015],[35.09448,0.39235],[35.07414,0.38529],[35.07064,0.36137],[35.05518,0.34065],[35.03195,0.33585],[35.01238,0.34855],[34.99158,0.33565],[34.99598,0.31655],[34.96543,0.27359],[34.97847,0.24191],[34.98708,0.20885],[34.98648,0.17825],[34.97288,0.16565],[34.99898,0.14675],[35.03488,0.14145],[35.05218,0.16485],[35.04902,0.19534],[35.08282,0.20292],[35.07728,0.22235],[35.10078,0.21815],[35.11238,0.20425],[35.12885,0.21624],[35.15478,0.21085],[35.17158,0.22625],[35.15885,0.2581],[35.20441,0.27829],[35.22538,0.26925],[35.22858,0.29215],[35.24546,0.29793],[35.19486,0.38015],[35.18101,0.40896]]]},"properties":{"shapeName":"Chesumei","shapeID":"3690345B21695789916257","shapeGroup":"KEN","shapeType":"ADM2","name":"Chesumei","code":"3690345B21695789916257"}},{"type":"Feature","geometry":{"type":"Polygon","coordinates":[[[40.00345,-0.07547],[40.02475,-0.03587],[40.06765,-0.01707],[40.12425,-0.02227],[40.17425,-0.01657],[40.21154,-0.02204],[40.25785,-0.01207],[40.34415,0.02943],[40.3603,0.02933],[40.37685,0.00953],[40.43295,-0.01097],[40.49223,-0.05511],[40.5088,-0.05727],[40.5257,-0.10122],[40.56965,-0.14807],[40.59845,-0.20682],[40.64485,-0.25157],[40.68255,-0.27467],[40.78775,-0.32357],[40.81545,-0.33177],[40.90775,-0.33917],[40.94215,-0.33117],[40.9931,-0.33077],[40.99314,0.00253],[40.99245,0.4633],[40.91965,0.42375],[40.88595,0.39125],[40.85805,0.37595],[40.77235,0.35365],[40.73675,0.32625],[40.71645,0.32015],[40.68195,0.25765],[40.6465,0.2312],[40.6114,0.23215],[40.58735,0.21565],[40.54185,0.2263],[40.52472,0.2222],[40.5043,0.1925],[40.47535,0.18615],[40.42645,0.19005],[40.40545,0.18355],[40.37765,0.19595],[40.33155,0.19925],[40.29975,0.21965],[40.24855,0.24305],[40.21835,0.26555],[40.1615,0.3258],[40.12995,0.342],[40.06245,0.39095],[40.00875,0.40025],[39.94405,0.43035],[39.91391,0.45593],[39.89396,0.44879],[39.88296,0.42834],[39.84959,0.39849],[39.88796,0.36469],[39.90016,0.34319],[39.90036,0.32004],[39.83926,0.26714],[39.78966,0.24254],[39.77301,0.24094],[39.74211,0.21954],[39.72093,0.19329],[39.67889,0.17551],[39.65786,0.15864],[39.65316,0.14154],[39.59546,0.13169],[39.55636,0.08274],[39.53411,0.07464],[39.51126,0.04534],[39.50267,0.0063],[39.582,0.00204],[39.61501,-0.00897],[39.62814,-0.02555],[39.66259,-0.01734],[39.71118,-0.03049],[39.78325,-0.02038],[39.81205,-0.00854],[39.82535,0.00655],[39.88292,-0.03255],[39.8998,-0.03068],[39.9415,-0.04633],[39.96271,-0.06211],[40.00345,-0.07547]]]},"properties":{"shapeName":"Dadaab","shapeID":"3690345B19935861804031","shapeGroup":"KEN","shapeType":"ADM2","name":"Dadaab","code":"3690345B19935861804031"}},{"type":"Feature","geometry":{"type":"Polygon","coordinates":[[[36.71854,-1.26081],[36.7026,-1.25578],[36.67829,-1.29794],[36.7312,-1.30594],[36.74743,-1.30109],[36.7603,-1.29616],[36.73341,-1.2729],[36.71854,-1.26081]]]},"properties":{"shapeName":"Dagoretti","shapeID":"3690345B98870582025559","shapeGroup":"KEN","shapeType":"ADM2","name":"Dagoretti","code":"3690345B98870582025559"}},{"type":"Feature","geometry":{"type":"Polygon","coordinates":[[[39.62594,-0.43096],[39.63659,-0.45895],[39.63331,-0.49305],[39.69254,-0.49314],[39.72284,-0.52555],[39.72629,-0.54481],[39.7468,-0.54314],[39.81402,-0.58739],[39.83175,-0.57575],[39.87185,-0.52525],[39.89246,-0.51717],[39.8654,-0.363],[39.81322,-0.26336],[39.67302,-0.41795],[39.62594,-0.43096]]]},"properties":{"shapeName":"Dujis","shapeID":"3690345B59068653601742","shapeGroup":"KEN","shapeType":"ADM2","name":"Dujis","code":"3690345B59068653601742"}},{"type":"Feature","geometry":{"type":"Polygon","coordinates":[[[35.54163,0.08935],[35.54299,0.04285],[35.52596,0.03904],[35.52292,0.01584],[35.54381,-0.00596],[35.58359,-0.00528],[35.61059,-0.02963],[35.63038,-0.03225],[35.63964,-0.05933],[35.66708,-0.04775],[35.65338,-0.07595],[35.68898,-0.07245],[35.69338,-0.10695],[35.72988,-0.15525],[35.72398,-0.20311],[35.77198,-0.19215],[35.78563,-0.16958],[35.79048,-0.11005],[35.80368,-0.09755],[35.82038,-0.11574],[35.87707,-0.03356],[35.84398,0.01525],[35.82394,0.02088],[35.83958,0.06905],[35.85691,0.08923],[35.81058,0.15205],[35.78068,0.16045],[35.76328,0.14845],[35.72928,0.18695],[35.69531,0.17939],[35.66488,0.17045],[35.58807,0.17054],[35.59058,0.14885],[35.5754,0.11567],[35.57366,0.06631],[35.54163,0.08935]]]},"properties":{"shapeName":"Eldama Ravine","shapeID":"3690345B15109287371985","shapeGroup":"KEN","shapeType":"ADM2","name":"Eldama Ravine","code":"3690345B15109287371985"}},{"type":"Feature","geometry":{"type":"Polygon","coordinates":[[[39.82967,2.57669],[39.76262,2.62988],[39.67148,2.65832],[39.67908,2.60968],[39.59227,2.57067],[39.58408,2.61023],[39.55767,2.59624],[39.48321,2.60173],[39.46448,2.54936],[39.26207,2.54243],[39.18445,2.59887],[39.16532,2.57389],[39.15348,2.52989],[39.15568,2.49553],[39.14768,2.45329],[39.12632,2.41808],[39.09741,2.33733],[39.06613,2.29524],[39.03063,2.28382],[39.01347,2.2869],[38.98307,2.31688],[38.93103,2.34544],[38.93552,2.3151],[38.92569,2.28281],[38.93763,2.21471],[38.94049,2.14826],[38.96155,2.09946],[38.98478,2.07039],[38.9905,2.04547],[39.05328,2.0553],[39.13208,2.08612],[39.1731,2.09613],[39.21808,2.11591],[39.25653,2.12592],[39.28949,2.14349],[39.29431,2.15912],[39.34888,2.19989],[39.3667,2.25409],[39.37848,2.25372],[39.43231,2.2821],[39.46588,2.26471],[39.49811,2.2663],[39.6167,2.18591],[39.64752,2.17072],[39.65369,2.18372],[39.67633,2.15308],[39.7063,2.09052],[39.73511,2.04413],[39.75348,1.9881],[39.81567,1.93091],[39.82208,1.89832],[39.80609,1.88507],[39.81409,1.84448],[39.83209,1.81848],[39.83868,1.78168],[39.86133,1.72968],[39.93512,1.8429],[40.00989,1.78311],[40.02248,1.79702],[40.00748,1.83489],[39.99027,1.85485],[39.99622,1.8729],[39.94622,1.92327],[39.89408,1.98327],[39.88352,2.00164],[39.86789,2.1229],[39.87074,2.19562],[39.84971,2.28743],[39.83091,2.34564],[39.82146,2.41064],[39.81707,2.47308],[39.82967,2.57669]]]},"properties":{"shapeName":"Eldas","shapeID":"3690345B40849356023427","shapeGroup":"KEN","shapeType":"ADM2","name":"Eldas","code":"3690345B40849356023427"}},{"type":"Feature","geometry":{"type":"Polygon","coordinates":[[[36.93617,-1.25759],[36.91368,-1.2564],[36.90208,-1.27948],[36.91214,-1.28853],[36.93617,-1.25759]]]},"properties":{"shapeName":"Embakasi Central","shapeID":"3690345B7468433818255","shapeGroup":"KEN","shapeType":"ADM2","name":"Embakasi Central","code":"3690345B7468433818255"}},{"type":"Feature","geometry":{"type":"Polygon","coordinates":[[[36.90208,-1.27948],[36.88573,-1.29238],[36.88864,-1.30421],[36.89929,-1.3214],[36.88135,-1.33374],[36.90722,-1.35991],[36.93392,-1.33638],[36.96577,-1.35179],[36.98357,-1.31245],[36.97384,-1.28722],[36.99025,-1.28084],[36.96748,-1.25837],[36.93617,-1.25759],[36.91214,-1.28853],[36.90208,-1.27948]]]},"properties":{"shapeName":"Embakasi East","shapeID":"3690345B74983117878970","shapeGroup":"KEN","shapeType":"ADM2","name":"Embakasi East","code":"3690345B74983117878970"}},{"type":"Feature","geometry":{"type":"Polygon","coordinates":[[[36.89995,-1.25394],[36.91128,-1.2353],[36.88935,-1.25204],[36.87731,-1.24651],[36.87826,-1.25992],[36.89995,-1.25394]]]},"properties":{"shapeName":"Embakasi North","shapeID":"3690345B82574132257993","shapeGroup":"KEN","shapeType":"ADM2","name":"Embakasi North","code":"3690345B82574132257993"}},{"type":"Feature","geometry":{"type":"Polygon","coordinates":[[[36.88864,-1.30421],[36.85594,-1.31388],[36.84025,-1.31853],[36.91351,-1.37084],[36.90722,-1.35991],[36.88135,-1.33374],[36.89929,-1.3214],[36.88864,-1.30421]]]},"properties":{"shapeName":"Embakasi South","shapeID":"3690345B30654338580609","shapeGroup":"KEN","shapeType":"ADM2","name":"Embakasi South","code":"3690345B30654338580609"}},{"type":"Feature","geometry":{"type":"Polygon","coordinates":[[[36.91368,-1.2564],[36.89995,-1.25394],[36.87826,-1.25992],[36.86452,-1.28084],[36.88165,-1.27463],[36.88573,-1.29238],[36.90208,-1.27948],[36.91368,-1.2564]]]},"properties":{"shapeName":"Embakasi West","shapeID":"3690345B73871814801291","shapeGroup":"KEN","shapeType":"ADM2","name":"Embakasi West","code":"3690345B73871814801291"}},{"type":"Feature","geometry":{"type":"Polygon","coordinates":[[[35.13034,0.1363],[35.13999,0.15302],[35.15424,0.1411],[35.1758,0.15185],[35.18605,0.17507],[35.20536,0.19117],[35.22649,0.18954],[35.22359,0.20322],[35.27394,0.20893],[35.28971,0.23316],[35.2602,0.27739],[35.24546,0.29793],[35.22858,0.29215],[35.22538,0.26925],[35.20441,0.27829],[35.15885,0.2581],[35.17158,0.22625],[35.15478,0.21085],[35.12885,0.21624],[35.11238,0.20425],[35.10078,0.21815],[35.07728,0.22235],[35.08282,0.20292],[35.04902,0.19534],[35.05218,0.16485],[35.03488,0.14145],[34.99898,0.14675],[34.97288,0.16565],[34.98648,0.17825],[34.98708,0.20885],[34.97847,0.24191],[34.95646,0.24176],[34.94335,0.20944],[34.92567,0.20035],[34.90865,0.15478],[34.90528,0.14085],[34.93488,0.13075],[34.92958,0.08825],[34.97253,0.07985],[35.00323,0.0871],[35.00288,0.10835],[35.02548,0.12355],[35.06428,0.12295],[35.09619,0.14592],[35.13034,0.1363]]]},"properties":{"shapeName":"Emgwen","shapeID":"3690345B72129784812762","shapeGroup":"KEN","shapeType":"ADM2","name":"Emgwen","code":"3690345B72129784812762"}},{"type":"Feature","geometry":{"type":"Polygon","coordinates":[[[34.68031,0.12614],[34.67814,0.13053],[34.63275,0.12891],[34.58585,0.11493],[34.5861,0.10462],[34.55658,0.09126],[34.5599,0.04802],[34.58382,0.02949],[34.58647,0.04401],[34.61439,0.04858],[34.61322,0.06262],[34.67281,0.08174],[34.67469,0.08668],[34.68031,0.12614]]]},"properties":{"shapeName":"Emuhaya","shapeID":"3690345B95240919244140","shapeGroup":"KEN","shapeType":"ADM2","name":"Emuhaya","code":"3690345B95240919244140"}},{"type":"Feature","geometry":{"type":"Polygon","coordinates":[[[35.11661,-0.93228],[35.08265,-0.90451],[35.01283,-0.88792],[34.99011,-0.89333],[35.0054,-0.94357],[35.02365,-0.95906],[35.03531,-0.99193],[34.98274,-1.03785],[35.03309,-1.0503],[35.04402,-1.0746],[35.09608,-1.09102],[35.11916,-1.11918],[35.14229,-1.09242],[35.11827,-1.08138],[35.14809,-1.03231],[35.17863,-1.05363],[35.22063,-1.01781],[35.11661,-0.93228]]]},"properties":{"shapeName":"Emurua Dikirr","shapeID":"3690345B94519254853834","shapeGroup":"KEN","shapeType":"ADM2","name":"Emurua Dikirr","code":"3690345B94519254853834"}},{"type":"Feature","geometry":{"type":"Polygon","coordinates":[[[34.90507,1.25244],[34.90693,1.28382],[34.81998,1.26227],[34.80549,1.23153],[34.78231,1.22393],[34.70121,1.21583],[34.66961,1.20783],[34.66326,1.19241],[34.61133,1.15914],[34.57976,1.15018],[34.60913,1.11179],[34.63202,1.09343],[34.66177,1.08359],[34.65113,1.05689],[34.6768,1.02451],[34.72688,1.01741],[34.72714,1.03416],[34.75069,1.0192],[34.78127,1.0152],[34.78686,1.03148],[34.81366,1.02519],[34.83061,1.00826],[34.90364,1.03362],[34.92106,1.02667],[34.93717,1.05082],[34.91191,1.05881],[34.90658,1.11302],[34.88322,1.11584],[34.87575,1.13427],[34.85935,1.13691],[34.87041,1.19277],[34.88845,1.19235],[34.89486,1.21892],[34.87911,1.22065],[34.87891,1.24916],[34.90507,1.25244]]]},"properties":{"shapeName":"Endebess","shapeID":"3690345B22392033475621","shapeGroup":"KEN","shapeType":"ADM2","name":"Endebess","code":"3690345B22392033475621"}},{"type":"Feature","geometry":{"type":"Polygon","coordinates":[[[39.81322,-0.26336],[39.8654,-0.363],[39.89246,-0.51717],[39.87185,-0.52525],[39.83175,-0.57575],[39.81402,-0.58739],[39.81969,-0.62059],[39.84186,-0.65529],[39.86824,-0.73899],[39.86282,-0.76112],[39.90104,-0.83355],[39.90507,-0.89931],[39.91915,-0.91715],[39.93739,-0.96423],[39.93435,-1.00279],[39.99634,-1.12038],[40.01249,-1.1635],[40.0387,-1.19943],[40.05657,-1.24858],[40.04944,-1.31468],[40.06288,-1.35456],[40.08436,-1.44762],[40.08766,-1.47622],[40.10361,-1.50448],[40.13255,-1.50225],[40.17735,-1.4774],[40.15435,-1.4253],[40.20215,-1.3516],[40.32795,-1.443],[40.37415,-1.5137],[40.42935,-1.52985],[40.45555,-1.55915],[40.50045,-1.5802],[40.51175,-1.594],[40.57155,-1.5197],[40.63735,-1.47345],[40.66005,-1.45165],[40.68972,-1.40171],[40.7151,-1.3815],[40.71917,-1.34335],[40.74086,-1.29767],[40.7655,-1.30395],[40.7946,-1.29765],[40.77571,-1.25755],[40.77895,-1.2343],[40.80345,-1.19285],[40.91365,-1.24425],[40.92715,-1.26155],[40.92845,-1.23475],[40.98605,-1.2237],[41.00435,-1.07325],[40.95675,-1.00715],[40.94395,-0.97395],[40.9345,-0.9194],[40.888,-0.8475],[40.99305,-0.82895],[40.9931,-0.33077],[40.94215,-0.33117],[40.90775,-0.33917],[40.81545,-0.33177],[40.78775,-0.32357],[40.68255,-0.27467],[40.64485,-0.25157],[40.59845,-0.20682],[40.56965,-0.14807],[40.5257,-0.10122],[40.5088,-0.05727],[40.49223,-0.05511],[40.43295,-0.01097],[40.37685,0.00953],[40.3603,0.02933],[40.34415,0.02943],[40.25785,-0.01207],[40.21154,-0.02204],[40.17425,-0.01657],[40.12425,-0.02227],[40.06765,-0.01707],[40.02475,-0.03587],[40.00345,-0.07547],[39.99944,-0.08156],[39.86516,-0.20567],[39.81322,-0.26336]]]},"properties":{"shapeName":"Fafi","shapeID":"3690345B31550600225726","shapeGroup":"KEN","shapeType":"ADM2","name":"Fafi","code":"3690345B31550600225726"}},{"type":"Feature","geometry":{"type":"Polygon","coordinates":[[[34.10295,0.12612],[34.1147,0.1499],[34.10527,0.18686],[34.11683,0.24278],[34.14706,0.26986],[34.15946,0.30074],[34.17887,0.31312],[34.12645,0.36167],[34.10575,0.36179],[34.10011,0.34753],[34.04252,0.29353],[34.02184,0.25672],[33.9654,0.18126],[33.99394,0.16544],[34.05993,0.16261],[34.08514,0.15093],[34.09512,0.1327],[34.10295,0.12612]]]},"properties":{"shapeName":"Funyula","shapeID":"3690345B93161899730703","shapeGroup":"KEN","shapeType":"ADM2","name":"Funyula","code":"3690345B93161899730703"}},{"type":"Feature","geometry":{"type":"Polygon","coordinates":[[[37.89289,-0.6559],[37.85942,-0.647],[37.83247,-0.65656],[37.79753,-0.62177],[37.78808,-0.64289],[37.77611,-0.63628],[37.73233,-0.66456],[37.67518,-0.65201],[37.66105,-0.63532],[37.59308,-0.6082],[37.56784,-0.6233],[37.57359,-0.59486],[37.55652,-0.58132],[37.5661,-0.54883],[37.54774,-0.53884],[37.54101,-0.55644],[37.51032,-0.56645],[37.47797,-0.59407],[37.48815,-0.61422],[37.4724,-0.64846],[37.47729,-0.70798],[37.49598,-0.73055],[37.47319,-0.72426],[37.44419,-0.73064],[37.42105,-0.74738],[37.38818,-0.75271],[37.34724,-0.77221],[37.32829,-0.76559],[37.31514,-0.7483],[37.2767,-0.75379],[37.26767,-0.78528],[37.28493,-0.78099],[37.30634,-0.80071],[37.32004,-0.83463],[37.35862,-0.84191],[37.42713,-0.86484],[37.47467,-0.87554],[37.49544,-0.90252],[37.53297,-0.91166],[37.53221,-0.8958],[37.55893,-0.87508],[37.58743,-0.87796],[37.58687,-0.86587],[37.62646,-0.85162],[37.62905,-0.83863],[37.66437,-0.84629],[37.68153,-0.82222],[37.68174,-0.79555],[37.73217,-0.77446],[37.74303,-0.77848],[37.75803,-0.82396],[37.77989,-0.82493],[37.81928,-0.80439],[37.84492,-0.81143],[37.88429,-0.80703],[37.87945,-0.79272],[37.91201,-0.74155],[37.91196,-0.70837],[37.89959,-0.70879],[37.90384,-0.68551],[37.89289,-0.6559]]]},"properties":{"shapeName":"Gachoka","shapeID":"3690345B9660706705639","shapeGroup":"KEN","shapeType":"ADM2","name":"Gachoka","code":"3690345B9660706705639"}},{"type":"Feature","geometry":{"type":"Polygon","coordinates":[[[38.95323,-1.0342],[38.96321,-1.07772],[38.98513,-1.438],[38.99943,-1.67863],[38.95791,-1.70316],[39.01369,-1.91502],[39.06557,-1.95276],[39.11787,-1.97716],[39.24206,-1.8973],[39.2483,-1.87123],[39.27773,-1.85927],[39.31094,-1.82564],[39.33612,-1.79137],[39.60891,-1.79489],[39.75959,-1.79434],[39.7667,-1.78374],[39.94539,-1.78548],[40.03635,-1.79186],[40.04648,-1.80205],[40.0637,-1.84797],[40.07284,-1.89687],[40.187,-1.8932],[40.18872,-1.87046],[40.16283,-1.82147],[40.1578,-1.76298],[40.16933,-1.73477],[40.15784,-1.6945],[40.15996,-1.6523],[40.15214,-1.60321],[40.11682,-1.55623],[40.10361,-1.50448],[40.08766,-1.47622],[40.08436,-1.44762],[40.06288,-1.35456],[40.04944,-1.31468],[40.05657,-1.24858],[40.0387,-1.19943],[40.01249,-1.1635],[39.96387,-1.22399],[39.96498,-1.24548],[39.98806,-1.30233],[39.90362,-1.30226],[39.88477,-1.23457],[39.86173,-1.18813],[39.56698,-1.13755],[39.04544,-1.05213],[38.95323,-1.0342]]]},"properties":{"shapeName":"Galole","shapeID":"3690345B71380805916784","shapeGroup":"KEN","shapeType":"ADM2","name":"Galole","code":"3690345B71380805916784"}},{"type":"Feature","geometry":{"type":"Polygon","coordinates":[[[39.7154,-3.19294],[39.68996,-3.18576],[39.50592,-3.25707],[39.44762,-3.25668],[39.43392,-3.34965],[39.14648,-3.34201],[39.0872,-3.5696],[39.29525,-3.56946],[39.31858,-3.56426],[39.32498,-3.58452],[39.34532,-3.5955],[39.35025,-3.63767],[39.41249,-3.66427],[39.43522,-3.68168],[39.44778,-3.66573],[39.47104,-3.66481],[39.52391,-3.67749],[39.52649,-3.63224],[39.56449,-3.6503],[39.57808,-3.66422],[39.59472,-3.64586],[39.6213,-3.64103],[39.64147,-3.68657],[39.66821,-3.67852],[39.76343,-3.67818],[39.77359,-3.66962],[39.76476,-3.60297],[39.74789,-3.58159],[39.79469,-3.54313],[39.80672,-3.50232],[39.8104,-3.37628],[39.80002,-3.34555],[39.80873,-3.29257],[39.80456,-3.28054],[39.82473,-3.23155],[39.81523,-3.20775],[39.76912,-3.24632],[39.74174,-3.25127],[39.75928,-3.20641],[39.7154,-3.19294]]]},"properties":{"shapeName":"Ganze","shapeID":"3690345B60815732971252","shapeGroup":"KEN","shapeType":"ADM2","name":"Ganze","code":"3690345B60815732971252"}},{"type":"Feature","geometry":{"type":"Polygon","coordinates":[[[39.01369,-1.91502],[38.99958,-1.9458],[38.79647,-2.34074],[38.78351,-2.35485],[38.73826,-2.36438],[38.73325,-2.37842],[38.7039,-2.4042],[38.66109,-2.418],[38.62368,-2.4125],[38.84981,-2.72686],[39.07565,-3.04086],[39.08103,-3.05129],[39.11332,-3.02433],[39.13075,-3.02079],[39.13398,-3.04116],[39.15293,-3.04508],[39.16979,-3.06546],[39.19766,-3.06112],[39.21905,-3.06926],[39.51375,-2.73882],[39.7222,-2.50301],[39.89215,-2.30911],[40.18256,-2.72096],[40.19789,-2.73244],[40.22194,-2.6944],[40.26875,-2.64489],[40.33994,-2.59311],[40.38595,-2.56792],[40.44556,-2.54274],[40.51886,-2.53042],[40.51378,-2.52096],[40.57299,-2.54938],[40.60836,-2.55839],[40.64584,-2.53292],[40.68564,-2.4883],[40.73631,-2.45583],[40.66332,-2.46637],[40.44369,-2.39939],[40.44272,-2.40932],[40.40721,-2.43016],[40.35722,-2.41461],[40.34649,-2.39863],[40.25042,-2.39669],[40.25035,-2.24818],[40.21218,-2.03565],[40.19606,-1.99981],[40.18653,-1.96038],[40.187,-1.8932],[40.07284,-1.89687],[40.0637,-1.84797],[40.04648,-1.80205],[40.03635,-1.79186],[39.94539,-1.78548],[39.7667,-1.78374],[39.75959,-1.79434],[39.60891,-1.79489],[39.33612,-1.79137],[39.31094,-1.82564],[39.27773,-1.85927],[39.2483,-1.87123],[39.24206,-1.8973],[39.11787,-1.97716],[39.06557,-1.95276],[39.01369,-1.91502]]]},"properties":{"shapeName":"Garsen","shapeID":"3690345B81879504162306","shapeGroup":"KEN","shapeType":"ADM2","name":"Garsen","code":"3690345B81879504162306"}},{"type":"Feature","geometry":{"type":"Polygon","coordinates":[[[36.86242,-0.8198],[36.82088,-0.81158],[36.78942,-0.77649],[36.77158,-0.76816],[36.74602,-0.73911],[36.73038,-0.69157],[36.71164,-0.68125],[36.70673,-0.69561],[36.71738,-0.74778],[36.73668,-0.77783],[36.72382,-0.78163],[36.72216,-0.80448],[36.74643,-0.82553],[36.77075,-0.83065],[36.83207,-0.87239],[36.88597,-0.89403],[36.91634,-0.92892],[36.98172,-0.9772],[37.05184,-1.03147],[37.06877,-1.02381],[37.15473,-1.0512],[37.17694,-1.03153],[37.1915,-1.04065],[37.23082,-1.01612],[37.2647,-1.016],[37.31057,-1.06517],[37.3626,-1.09349],[37.38752,-1.05759],[37.42088,-1.03362],[37.40606,-1.01205],[37.36233,-0.98767],[37.33826,-0.98526],[37.36672,-0.96408],[37.35458,-0.94741],[37.34334,-0.9616],[37.31685,-0.94803],[37.31894,-0.91928],[37.28667,-0.94294],[37.29185,-0.95624],[37.24494,-0.96657],[37.23034,-0.98223],[37.21244,-0.97834],[37.22803,-0.99744],[37.20422,-1.00857],[37.15811,-0.99858],[37.14732,-0.98762],[37.13585,-1.00597],[37.12197,-0.97928],[37.1007,-0.96019],[37.09313,-0.96723],[37.06408,-0.94686],[37.03541,-0.96435],[37.01361,-0.9434],[36.99178,-0.90798],[36.96565,-0.8991],[36.9311,-0.87472],[36.91303,-0.8394],[36.88991,-0.83652],[36.86242,-0.8198]]]},"properties":{"shapeName":"Gatanga","shapeID":"3690345B38957853356973","shapeGroup":"KEN","shapeType":"ADM2","name":"Gatanga","code":"3690345B38957853356973"}},{"type":"Feature","geometry":{"type":"Polygon","coordinates":[[[36.74643,-0.82553],[36.70939,-0.82615],[36.65737,-0.80824],[36.65652,-0.84445],[36.71342,-0.85719],[36.73207,-0.88061],[36.76916,-0.90863],[36.81481,-0.9221],[36.84478,-0.95073],[36.89453,-0.982],[36.91006,-0.97596],[36.94829,-1.02522],[36.97552,-1.00259],[36.98172,-0.9772],[36.91634,-0.92892],[36.88597,-0.89403],[36.83207,-0.87239],[36.77075,-0.83065],[36.74643,-0.82553]]]},"properties":{"shapeName":"Gatundu North","shapeID":"3690345B74397299237573","shapeGroup":"KEN","shapeType":"ADM2","name":"Gatundu North","code":"3690345B74397299237573"}},{"type":"Feature","geometry":{"type":"Polygon","coordinates":[[[36.65652,-0.84445],[36.65647,-0.87346],[36.68343,-0.86925],[36.73759,-0.91514],[36.74219,-0.93539],[36.72712,-0.95418],[36.77446,-0.9789],[36.77787,-0.97522],[36.84938,-1.03903],[36.89672,-1.06008],[36.90668,-1.05351],[36.9432,-1.06207],[36.9552,-1.04394],[36.94829,-1.02522],[36.91006,-0.97596],[36.89453,-0.982],[36.84478,-0.95073],[36.81481,-0.9221],[36.76916,-0.90863],[36.73207,-0.88061],[36.71342,-0.85719],[36.65652,-0.84445]]]},"properties":{"shapeName":"Gatundu South","shapeID":"3690345B82721742326841","shapeGroup":"KEN","shapeType":"ADM2","name":"Gatundu South","code":"3690345B82721742326841"}},{"type":"Feature","geometry":{"type":"Polygon","coordinates":[[[34.35545,-0.02755],[34.38237,-0.06104],[34.41686,-0.07651],[34.43131,-0.06152],[34.4845,-0.03114],[34.53303,-0.01414],[34.54947,0.03533],[34.5599,0.04802],[34.55658,0.09126],[34.54403,0.11445],[34.54365,0.13906],[34.51303,0.12813],[34.49409,0.10187],[34.47424,0.10336],[34.45784,0.12357],[34.48429,0.14081],[34.48191,0.15154],[34.46725,0.1577],[34.43418,0.14586],[34.42479,0.15211],[34.41387,0.1366],[34.38827,0.1538],[34.34872,0.13922],[34.36458,0.0965],[34.37889,0.08026],[34.37433,0.03729],[34.38862,0.00063],[34.36883,-0.00646],[34.35545,-0.02755]]]},"properties":{"shapeName":"Gem","shapeID":"3690345B53081703212176","shapeGroup":"KEN","shapeType":"ADM2","name":"Gem","code":"3690345B53081703212176"}},{"type":"Feature","geometry":{"type":"Polygon","coordinates":[[[37.4478,-0.53871],[37.42704,-0.50928],[37.42495,-0.42089],[37.30781,-0.14957],[37.27402,-0.41267],[37.28856,-0.441],[37.29118,-0.48831],[37.30329,-0.50125],[37.30691,-0.52836],[37.3242,-0.55156],[37.32196,-0.5658],[37.34499,-0.55633],[37.41427,-0.54893],[37.4478,-0.53871]]]},"properties":{"shapeName":"Gichugu","shapeID":"3690345B12290008452347","shapeGroup":"KEN","shapeType":"ADM2","name":"Gichugu","code":"3690345B12290008452347"}},{"type":"Feature","geometry":{"type":"Polygon","coordinates":[[[36.15642,-0.31082],[36.14343,-0.3238],[36.15408,-0.36355],[36.15558,-0.44825],[36.12298,-0.4489],[36.12407,-0.45782],[36.08218,-0.50015],[36.07688,-0.4903],[36.07818,-0.52445],[36.06688,-0.53075],[36.07288,-0.55425],[36.05458,-0.56035],[36.06268,-0.58705],[36.09758,-0.64081],[36.09989,-0.67365],[36.12448,-0.65815],[36.26368,-0.65965],[36.28123,-0.66355],[36.23088,-0.68085],[36.22818,-0.70905],[36.27403,-0.74295],[36.28198,-0.72435],[36.35143,-0.72345],[36.37148,-0.70475],[36.36728,-0.6846],[36.38472,-0.66644],[36.40778,-0.65915],[36.42948,-0.63465],[36.43448,-0.67015],[36.44968,-0.68365],[36.47748,-0.68155],[36.48971,-0.62239],[36.46801,-0.62454],[36.45625,-0.61016],[36.45146,-0.56362],[36.407,-0.57288],[36.40544,-0.52204],[36.38704,-0.45833],[36.38609,-0.42538],[36.36021,-0.37606],[36.33431,-0.38673],[36.31387,-0.38384],[36.31115,-0.36673],[36.27579,-0.39043],[36.263,-0.34083],[36.23197,-0.34147],[36.22126,-0.32665],[36.19438,-0.33395],[36.15642,-0.31082]]]},"properties":{"shapeName":"Gilgil","shapeID":"3690345B90072985927430","shapeGroup":"KEN","shapeType":"ADM2","name":"Gilgil","code":"3690345B90072985927430"}},{"type":"Feature","geometry":{"type":"Polygon","coordinates":[[[36.77446,-0.9789],[36.77026,-0.98901],[36.80354,-1.02119],[36.80467,-1.04212],[36.77728,-1.03432],[36.74111,-1.04952],[36.70535,-1.04138],[36.6749,-1.06044],[36.67481,-1.07776],[36.70751,-1.07858],[36.73456,-1.10504],[36.8035,-1.11593],[36.82485,-1.12429],[36.83279,-1.10446],[36.86759,-1.11214],[36.89672,-1.06008],[36.84938,-1.03903],[36.77787,-0.97522],[36.77446,-0.9789]]]},"properties":{"shapeName":"Githunguri","shapeID":"3690345B4833769757076","shapeGroup":"KEN","shapeType":"ADM2","name":"Githunguri","code":"3690345B4833769757076"}},{"type":"Feature","geometry":{"type":"Polygon","coordinates":[[[34.90865,0.15478],[34.92567,0.20035],[34.86141,0.2001],[34.85233,0.18615],[34.8108,0.18362],[34.81734,0.15973],[34.82512,0.12928],[34.80531,0.08608],[34.74874,0.06686],[34.72624,0.04718],[34.71383,0.01178],[34.72582,-0.00361],[34.74622,-0.02122],[34.74175,0.0056],[34.763,-0.00056],[34.82056,0.03499],[34.83611,0.03259],[34.85963,0.08411],[34.85955,0.12142],[34.88313,0.144],[34.90865,0.15478]]]},"properties":{"shapeName":"Hamisi","shapeID":"3690345B54311955774666","shapeGroup":"KEN","shapeType":"ADM2","name":"Hamisi","code":"3690345B54311955774666"}},{"type":"Feature","geometry":{"type":"Polygon","coordinates":[[[34.56612,-0.6617],[34.53917,-0.5779],[34.52107,-0.5623],[34.51791,-0.53216],[34.50056,-0.49011],[34.48231,-0.47756],[34.37587,-0.3734],[34.35752,-0.38882],[34.44817,-0.4959],[34.41747,-0.5277],[34.40477,-0.5568],[34.43337,-0.5933],[34.44137,-0.6316],[34.48217,-0.6622],[34.53672,-0.66055],[34.53122,-0.64275],[34.55605,-0.66407],[34.56612,-0.6617]]]},"properties":{"shapeName":"Homa Bay","shapeID":"3690345B18622928067574","shapeGroup":"KEN","shapeType":"ADM2","name":"Homa Bay","code":"3690345B18622928067574"}},{"type":"Feature","geometry":{"type":"Polygon","coordinates":[[[38.17636,0.33078],[38.16903,0.32351],[38.01438,0.31794],[38.00003,0.30642],[37.95507,0.32268],[37.95078,0.31039],[37.87713,0.35358],[37.79287,0.42639],[37.77262,0.43471],[37.79918,0.43933],[37.83967,0.46226],[37.82029,0.56103],[37.72607,0.5282],[37.73336,0.50266],[37.73119,0.46599],[37.74665,0.41142],[37.77107,0.36723],[37.80467,0.32328],[37.82925,0.30846],[37.84681,0.24078],[37.88043,0.25306],[37.89297,0.24481],[37.90185,0.25914],[37.92022,0.25167],[37.94607,0.27773],[37.97805,0.2858],[37.96391,0.25022],[37.98184,0.21908],[38.00469,0.23281],[38.0471,0.19268],[38.08533,0.18804],[38.12972,0.17056],[38.14083,0.17407],[38.20045,0.15035],[38.21184,0.12512],[38.23268,0.11889],[38.28293,0.12794],[38.32581,0.08825],[38.30863,0.10914],[38.29639,0.15965],[38.22945,0.21673],[38.19156,0.23521],[38.19558,0.322],[38.17636,0.33078]]]},"properties":{"shapeName":"Igembe Central","shapeID":"3690345B70498422733273","shapeGroup":"KEN","shapeType":"ADM2","name":"Igembe Central","code":"3690345B70498422733273"}},{"type":"Feature","geometry":{"type":"Polygon","coordinates":[[[38.17636,0.33078],[38.09442,0.56406],[38.06251,0.67124],[37.82029,0.56103],[37.83967,0.46226],[37.79918,0.43933],[37.77262,0.43471],[37.79287,0.42639],[37.87713,0.35358],[37.95078,0.31039],[37.95507,0.32268],[38.00003,0.30642],[38.01438,0.31794],[38.16903,0.32351],[38.17636,0.33078]]]},"properties":{"shapeName":"Igembe North","shapeID":"3690345B95296214722814","shapeGroup":"KEN","shapeType":"ADM2","name":"Igembe North","code":"3690345B95296214722814"}},{"type":"Feature","geometry":{"type":"Polygon","coordinates":[[[37.89297,0.24481],[37.91232,0.23337],[37.90038,0.19607],[37.91697,0.14507],[37.96788,0.11031],[37.98206,0.06659],[38.00485,0.06478],[38.03348,0.04372],[38.04466,0.02487],[38.08156,0.02802],[38.11374,0.05528],[38.14231,0.04467],[38.16046,0.02743],[38.19142,0.01386],[38.2198,0.01239],[38.24448,-0.02115],[38.28248,-0.02442],[38.30778,-0.0546],[38.32825,-0.06807],[38.34776,-0.06345],[38.38216,-0.08733],[38.39285,-0.07356],[38.41955,-0.07036],[38.41038,-0.0638],[38.40168,-0.01661],[38.35603,0.0205],[38.34349,0.04493],[38.34897,0.0604],[38.32833,0.07184],[38.32581,0.08825],[38.28293,0.12794],[38.23268,0.11889],[38.21184,0.12512],[38.20045,0.15035],[38.14083,0.17407],[38.12972,0.17056],[38.08533,0.18804],[38.0471,0.19268],[38.00469,0.23281],[37.98184,0.21908],[37.96391,0.25022],[37.97805,0.2858],[37.94607,0.27773],[37.92022,0.25167],[37.90185,0.25914],[37.89297,0.24481]]]},"properties":{"shapeName":"Igembe South","shapeID":"3690345B60078326777064","shapeGroup":"KEN","shapeType":"ADM2","name":"Igembe South","code":"3690345B60078326777064"}},{"type":"Feature","geometry":{"type":"Polygon","coordinates":[[[40.10361,-1.50448],[40.11682,-1.55623],[40.15214,-1.60321],[40.15996,-1.6523],[40.15784,-1.6945],[40.16933,-1.73477],[40.1578,-1.76298],[40.16283,-1.82147],[40.18872,-1.87046],[40.187,-1.8932],[40.18653,-1.96038],[40.19606,-1.99981],[40.21218,-2.03565],[40.40333,-1.94726],[40.50027,-1.9067],[40.71441,-1.80294],[40.73572,-1.7948],[40.74071,-1.7905],[40.8927,-1.71632],[41.16353,-1.6919],[41.5097,-1.66192],[41.56244,-1.65742],[41.56224,-1.59722],[41.21964,-1.13642],[40.99305,-0.82895],[40.888,-0.8475],[40.9345,-0.9194],[40.94395,-0.97395],[40.95675,-1.00715],[41.00435,-1.07325],[40.98605,-1.2237],[40.92845,-1.23475],[40.92715,-1.26155],[40.91365,-1.24425],[40.80345,-1.19285],[40.77895,-1.2343],[40.77571,-1.25755],[40.7946,-1.29765],[40.7655,-1.30395],[40.74086,-1.29767],[40.71917,-1.34335],[40.7151,-1.3815],[40.68972,-1.40171],[40.66005,-1.45165],[40.63735,-1.47345],[40.57155,-1.5197],[40.51175,-1.594],[40.50045,-1.5802],[40.45555,-1.55915],[40.42935,-1.52985],[40.37415,-1.5137],[40.32795,-1.443],[40.20215,-1.3516],[40.15435,-1.4253],[40.17735,-1.4774],[40.13255,-1.50225],[40.10361,-1.50448]]]},"properties":{"shapeName":"Ijara","shapeID":"3690345B80004125723360","shapeGroup":"KEN","shapeType":"ADM2","name":"Ijara","code":"3690345B80004125723360"}},{"type":"Feature","geometry":{"type":"Polygon","coordinates":[[[34.68031,0.12614],[34.73757,0.14983],[34.7604,0.13911],[34.7703,0.15321],[34.81734,0.15973],[34.8108,0.18362],[34.78002,0.17691],[34.71396,0.219],[34.71244,0.24572],[34.69954,0.26368],[34.63093,0.23433],[34.63639,0.19921],[34.67375,0.16653],[34.67814,0.13053],[34.68031,0.12614]]]},"properties":{"shapeName":"Ikolomani","shapeID":"3690345B71377831828194","shapeGroup":"KEN","shapeType":"ADM2","name":"Ikolomani","code":"3690345B71377831828194"}},{"type":"Feature","geometry":{"type":"MultiPolygon","coordinates":[[[[37.57285,0.32876],[37.59303,0.34042],[37.60493,0.35376],[37.5988,0.40291],[37.58198,0.41137],[37.58673,0.48047],[37.72607,0.5282],[37.82029,0.56103],[38.06251,0.67124],[38.07008,0.71606],[38.08484,0.74603],[38.08049,0.78375],[38.05365,0.77923],[38.016,0.80478],[37.97271,0.75631],[37.94596,0.74494],[37.91181,0.71475],[37.87797,0.74478],[37.8741,0.72968],[37.84841,0.7153],[37.8333,0.67999],[37.79226,0.67204],[37.7494,0.67732],[37.7255,0.65559],[37.70958,0.66905],[37.69217,0.66483],[37.68158,0.64347],[37.63956,0.62283],[37.63632,0.60155],[37.58256,0.58887],[37.5824,0.57701],[37.53207,0.56683],[37.49087,0.57975],[37.47102,0.59418],[37.44621,0.5817],[37.38903,0.57854],[37.35431,0.60165],[37.35271,0.62335],[37.28857,0.73776],[37.25695,0.76441],[37.21877,0.74039],[37.19981,0.74715],[37.16521,0.7438],[37.15001,0.76092],[37.13437,0.75995],[37.10244,0.78761],[37.00821,0.75271],[36.96659,0.74316],[36.93494,0.75405],[36.9308,0.74453],[36.92661,0.67597],[36.91333,0.66234],[36.9076,0.63238],[36.86759,0.59786],[36.86377,0.57202],[37.17398,0.53437],[37.36886,0.51246],[37.34916,0.4606],[37.35328,0.41445],[37.36288,0.40973],[37.37765,0.37007],[37.39194,0.35544],[37.39204,0.29811],[37.37371,0.27129],[37.40042,0.28542],[37.4007,0.29632],[37.43,0.298],[37.46559,0.28361],[37.53598,0.26366],[37.54775,0.2821],[37.54651,0.3115],[37.55525,0.32856],[37.57285,0.32876]]],[[[38.96155,2.09946],[38.83542,2.02598],[38.7954,1.99893],[38.62893,1.90323],[38.384,1.76146],[38.3412,1.57799],[38.24128,1.49995],[37.9463,1.26343],[37.94918,1.19424],[38.03264,1.08549],[38.04684,0.80562],[38.08049,0.78375],[38.08916,0.80489],[38.11946,0.81967],[38.15203,0.81145],[38.16077,0.8257],[38.19588,0.8252],[38.21162,0.83403],[38.24502,0.83325],[38.28668,0.8236],[38.31002,0.82602],[38.32355,0.84338],[38.35765,0.82987],[38.37012,0.855],[38.38153,0.84536],[38.40844,0.86852],[38.47359,0.86492],[38.48505,0.87804],[38.51118,0.86439],[38.53007,0.91395],[38.54631,0.92035],[38.56597,0.96268],[38.56757,1.00714],[38.58756,1.02774],[38.63217,1.01599],[38.68775,1.06539],[38.71979,1.07239],[38.72881,1.10587],[38.74501,1.11006],[38.75956,1.14199],[38.81429,1.16882],[38.85157,1.19472],[38.88316,1.19909],[38.90871,1.18973],[38.92537,1.20424],[38.94127,1.19172],[38.97715,1.21085],[39.03995,1.20137],[39.06609,1.18522],[39.1156,1.17849],[39.14425,1.16351],[39.1796,1.13012],[39.18741,1.10795],[39.30128,1.09496],[39.34721,1.06437],[39.39335,1.05362],[39.44666,1.01346],[39.46192,0.99589],[39.44389,1.04608],[39.43436,1.06581],[39.27753,1.47449],[39.44708,1.53528],[39.40366,1.55902],[39.37682,1.58767],[39.34234,1.64016],[39.32172,1.64928],[39.2715,1.68959],[39.20444,1.71545],[39.17727,1.76355],[39.16067,1.81213],[39.14166,1.83764],[39.14315,1.85325],[39.11787,1.88611],[39.05996,1.92702],[39.03016,1.97803],[38.99351,2.00737],[38.9905,2.04547],[38.98478,2.07039],[38.96155,2.09946]]]]},"properties":{"shapeName":"Isiolo North","shapeID":"3690345B29935700450408","shapeGroup":"KEN","shapeType":"ADM2","name":"Isiolo North","code":"3690345B29935700450408"}},{"type":"Feature","geometry":{"type":"Polygon","coordinates":[[[38.71063,0.36636],[38.67698,0.49496],[38.65876,0.50805],[38.72197,0.51339],[38.7232,0.52607],[38.75328,0.52357],[38.76404,0.51291],[38.78386,0.52732],[38.82489,0.58126],[38.85775,0.59937],[38.91124,0.59984],[38.93582,0.62515],[39.01019,0.62522],[39.02688,0.66497],[39.05367,0.68609],[39.08395,0.67693],[39.10247,0.68938],[39.14217,0.69118],[39.14784,0.706],[39.17388,0.71972],[39.18056,0.75175],[39.20047,0.78947],[39.22466,0.81776],[39.23707,0.84416],[39.3136,0.92477],[39.36126,0.95395],[39.45448,0.98916],[39.46192,0.99589],[39.44666,1.01346],[39.39335,1.05362],[39.34721,1.06437],[39.30128,1.09496],[39.18741,1.10795],[39.1796,1.13012],[39.14425,1.16351],[39.1156,1.17849],[39.06609,1.18522],[39.03995,1.20137],[38.97715,1.21085],[38.94127,1.19172],[38.92537,1.20424],[38.90871,1.18973],[38.88316,1.19909],[38.85157,1.19472],[38.81429,1.16882],[38.75956,1.14199],[38.74501,1.11006],[38.72881,1.10587],[38.71979,1.07239],[38.68775,1.06539],[38.63217,1.01599],[38.58756,1.02774],[38.56757,1.00714],[38.56597,0.96268],[38.54631,0.92035],[38.53007,0.91395],[38.51118,0.86439],[38.48505,0.87804],[38.47359,0.86492],[38.40844,0.86852],[38.38153,0.84536],[38.37012,0.855],[38.35765,0.82987],[38.32355,0.84338],[38.31002,0.82602],[38.28668,0.8236],[38.24502,0.83325],[38.21162,0.83403],[38.19588,0.8252],[38.16077,0.8257],[38.15203,0.81145],[38.11946,0.81967],[38.08916,0.80489],[38.08049,0.78375],[38.08484,0.74603],[38.07008,0.71606],[38.06251,0.67124],[38.09442,0.56406],[38.17636,0.33078],[38.19558,0.322],[38.19156,0.23521],[38.22945,0.21673],[38.29639,0.15965],[38.30863,0.10914],[38.32581,0.08825],[38.32833,0.07184],[38.34897,0.0604],[38.34349,0.04493],[38.35603,0.0205],[38.40168,-0.01661],[38.41038,-0.0638],[38.41955,-0.07036],[38.45291,-0.08514],[38.48287,-0.07603],[38.49153,-0.05888],[38.52072,-0.06279],[38.54009,-0.04452],[38.54751,-0.02095],[38.56889,-0.01931],[38.6107,-0.02981],[38.63873,-0.0547],[38.65507,-0.04649],[38.67635,-0.05514],[38.68808,-0.04071],[38.71257,-0.06228],[38.75773,-0.07344],[38.76473,-0.05497],[38.74873,-0.02968],[38.73056,0.04889],[38.72983,0.11929],[38.73467,0.14907],[38.75723,0.18381],[38.71063,0.36636]]]},"properties":{"shapeName":"Isiolo South","shapeID":"3690345B50246984625368","shapeGroup":"KEN","shapeType":"ADM2","name":"Isiolo South","code":"3690345B50246984625368"}},{"type":"Feature","geometry":{"type":"Polygon","coordinates":[[[39.64966,-4.03054],[39.64071,-4.02504],[39.63595,-3.98977],[39.60863,-3.97809],[39.60703,-3.95923],[39.60867,-3.95742],[39.59876,-3.95005],[39.56926,-3.97501],[39.56969,-3.99155],[39.63175,-4.02755],[39.64966,-4.03054]]]},"properties":{"shapeName":"Jomvu","shapeID":"3690345B21268923503814","shapeGroup":"KEN","shapeType":"ADM2","name":"Jomvu","code":"3690345B21268923503814"}},{"type":"Feature","geometry":{"type":"Polygon","coordinates":[[[36.94829,-1.02522],[36.9552,-1.04394],[36.9432,-1.06207],[36.90668,-1.05351],[36.89672,-1.06008],[36.86759,-1.11214],[36.89241,-1.11674],[36.88373,-1.15348],[36.89747,-1.15821],[36.94164,-1.1733],[36.96132,-1.14334],[37.02332,-1.17519],[37.08315,-1.16744],[37.13138,-1.2028],[37.15614,-1.19702],[37.1823,-1.16375],[37.18689,-1.13574],[37.17548,-1.11758],[37.13527,-1.13379],[37.09475,-1.11966],[37.1059,-1.09273],[37.0797,-1.06981],[37.05741,-1.06223],[36.99363,-1.02373],[36.97552,-1.00259],[36.94829,-1.02522]]]},"properties":{"shapeName":"Juja","shapeID":"3690345B85267649800384","shapeGroup":"KEN","shapeType":"ADM2","name":"Juja","code":"3690345B85267649800384"}},{"type":"Feature","geometry":{"type":"Polygon","coordinates":[[[36.71199,-1.18457],[36.65008,-1.17455],[36.65,-1.20644],[36.66647,-1.22008],[36.66744,-1.24687],[36.68777,-1.23741],[36.72545,-1.24402],[36.75534,-1.21857],[36.71199,-1.18457]]]},"properties":{"shapeName":"Kabete","shapeID":"3690345B91276718043628","shapeGroup":"KEN","shapeType":"ADM2","name":"Kabete","code":"3690345B91276718043628"}},{"type":"Feature","geometry":{"type":"Polygon","coordinates":[[[35.01059,-0.38925],[34.9813,-0.41248],[34.95033,-0.41427],[34.91402,-0.40125],[34.91445,-0.3838],[34.88832,-0.3991],[34.82481,-0.38621],[34.81891,-0.36552],[34.79641,-0.38755],[34.75067,-0.4002],[34.74704,-0.4161],[34.76257,-0.4222],[34.78617,-0.4499],[34.79567,-0.4857],[34.78067,-0.519],[34.79144,-0.52798],[34.85897,-0.50244],[34.88117,-0.4858],[34.93117,-0.4686],[34.96697,-0.4405],[34.99917,-0.4274],[35.01986,-0.40965],[35.01059,-0.38925]]]},"properties":{"shapeName":"Kabondo Kasipul","shapeID":"3690345B44381744243439","shapeGroup":"KEN","shapeType":"ADM2","name":"Kabondo Kasipul","code":"3690345B44381744243439"}},{"type":"Feature","geometry":{"type":"Polygon","coordinates":[[[34.64312,0.79715],[34.60299,0.79736],[34.57731,0.77778],[34.5538,0.73427],[34.54436,0.70343],[34.55951,0.68363],[34.53035,0.65904],[34.54795,0.61768],[34.57101,0.58951],[34.59192,0.60599],[34.61126,0.59628],[34.63895,0.60846],[34.64948,0.62793],[34.67463,0.6429],[34.66745,0.66818],[34.6279,0.70451],[34.64582,0.73786],[34.65829,0.72847],[34.66266,0.7457],[34.65555,0.78328],[34.64312,0.79715]]]},"properties":{"shapeName":"Kabuchai","shapeID":"3690345B50484339603555","shapeGroup":"KEN","shapeType":"ADM2","name":"Kabuchai","code":"3690345B50484339603555"}},{"type":"Feature","geometry":{"type":"Polygon","coordinates":[[[35.30575,2.36738],[35.3031,2.39907],[35.29171,2.42852],[35.23228,2.44712],[35.21545,2.49626],[35.21288,2.54249],[35.18687,2.57152],[35.17846,2.59806],[35.15528,2.6303],[35.11263,2.65266],[35.08112,2.63542],[35.0595,2.60685],[35.05551,2.5637],[35.0197,2.50904],[35.01933,2.45673],[35.02556,2.4326],[34.97023,2.44428],[34.94522,2.45465],[34.91611,2.42413],[34.91348,2.40228],[34.94741,2.20073],[34.98051,2.05313],[34.98361,1.98143],[35.0276,1.92281],[35.00031,1.83953],[34.99882,1.74894],[34.9906,1.66671],[34.9431,1.57832],[34.90511,1.55347],[34.88928,1.5559],[34.86341,1.52873],[34.84843,1.45313],[34.82761,1.44613],[34.79841,1.42103],[34.77591,1.38793],[34.78521,1.36853],[34.82947,1.30652],[34.85266,1.30911],[34.87309,1.34472],[34.90686,1.37479],[34.9165,1.41201],[34.94943,1.43662],[34.95675,1.46625],[34.98222,1.48243],[35.0385,1.48502],[35.06256,1.50517],[35.08656,1.57511],[35.11558,1.61557],[35.13132,1.62593],[35.1284,1.66623],[35.11718,1.71463],[35.13574,1.72367],[35.15837,1.79136],[35.20836,1.80434],[35.22164,1.83114],[35.24667,1.85031],[35.29156,1.82437],[35.30398,1.82785],[35.31057,1.88125],[35.33434,1.91278],[35.36942,1.93028],[35.39368,1.96487],[35.34327,2.16742],[35.31183,2.28021],[35.30575,2.36738]]]},"properties":{"shapeName":"Kacheliba","shapeID":"3690345B93324860747201","shapeGroup":"KEN","shapeType":"ADM2","name":"Kacheliba","code":"3690345B93324860747201"}},{"type":"Feature","geometry":{"type":"Polygon","coordinates":[[[37.58391,-1.77672],[37.58811,-1.7413],[37.62452,-1.73464],[37.61284,-1.71743],[37.5709,-1.69847],[37.55785,-1.71504],[37.49231,-1.7256],[37.45865,-1.73638],[37.43886,-1.72583],[37.41295,-1.68814],[37.37349,-1.7049],[37.31311,-1.7009],[37.28808,-1.71151],[37.3041,-1.75965],[37.3824,-1.83117],[37.3856,-1.86257],[37.41261,-1.8858],[37.46085,-1.88346],[37.4705,-1.84926],[37.51226,-1.80474],[37.56187,-1.76938],[37.58391,-1.77672]]]},"properties":{"shapeName":"Kaiti","shapeID":"3690345B42792892468176","shapeGroup":"KEN","shapeType":"ADM2","name":"Kaiti","code":"3690345B42792892468176"}},{"type":"Feature","geometry":{"type":"Polygon","coordinates":[[[36.82701,-1.77255],[36.75858,-1.76688],[36.7064,-1.75709],[36.67472,-1.74086],[36.65733,-1.82569],[36.66201,-1.85683],[36.71393,-1.91239],[36.73179,-1.91768],[36.74332,-1.93843],[36.73002,-1.9707],[36.73549,-1.98912],[36.70032,-2.01233],[36.63646,-2.06451],[36.51574,-2.13793],[36.43806,-2.23506],[36.49309,-2.306],[36.44353,-2.3541],[36.67601,-2.48647],[36.75031,-2.52517],[36.9016,-2.61056],[36.91621,-2.55499],[36.93676,-2.54607],[36.97237,-2.48725],[36.9981,-2.47154],[37.01942,-2.50072],[37.04353,-2.51988],[37.04859,-2.43341],[37.06948,-2.32014],[37.10061,-2.23842],[37.1172,-2.22062],[37.15638,-2.19602],[37.18695,-2.18543],[37.15132,-2.17905],[37.14241,-2.13878],[37.12643,-2.11032],[37.10162,-2.08376],[37.11364,-2.06642],[37.10895,-2.04552],[37.08082,-2.04069],[37.06258,-1.99555],[37.04294,-1.9799],[37.04836,-1.9651],[37.03066,-1.94992],[37.03214,-1.90041],[36.97836,-1.87391],[36.97416,-1.85967],[36.92343,-1.85248],[36.91152,-1.82964],[36.86733,-1.82458],[36.84163,-1.81484],[36.82701,-1.77255]]]},"properties":{"shapeName":"Kajiado Central","shapeID":"3690345B79073906522262","shapeGroup":"KEN","shapeType":"ADM2","name":"Kajiado Central","code":"3690345B79073906522262"}},{"type":"Feature","geometry":{"type":"Polygon","coordinates":[[[37.18695,-2.18543],[37.20732,-2.20579],[37.23896,-2.20176],[37.27449,-2.20622],[37.33954,-2.23793],[37.35959,-2.27485],[37.37757,-2.33527],[37.40519,-2.34968],[37.45113,-2.39497],[37.51906,-2.40238],[37.5364,-2.38076],[37.56528,-2.38432],[37.61873,-2.36921],[37.64699,-2.37006],[37.59635,-2.31169],[37.61218,-2.29771],[37.64591,-2.29916],[37.67005,-2.28772],[37.68376,-2.22377],[37.7061,-2.19454],[37.72333,-2.18793],[37.7001,-2.1648],[37.68398,-2.16193],[37.66379,-2.15534],[37.61956,-2.16089],[37.59254,-2.1528],[37.56477,-2.12693],[37.54429,-2.12439],[37.53362,-2.10578],[37.45809,-2.07588],[37.38211,-2.02252],[37.36034,-2.01172],[37.31379,-2.00694],[37.28014,-1.99369],[37.26454,-1.95741],[37.23607,-1.93521],[37.19126,-1.93443],[37.17015,-1.91586],[37.15302,-1.88581],[37.16235,-1.85679],[37.14222,-1.83613],[37.14129,-1.81156],[37.1571,-1.7765],[37.14746,-1.7375],[37.11164,-1.73326],[37.029,-1.62288],[36.97763,-1.55307],[36.95719,-1.54233],[36.97762,-1.47485],[36.93687,-1.45284],[36.88417,-1.48469],[36.8783,-1.47559],[36.88986,-1.41225],[36.81996,-1.38103],[36.71768,-1.43],[36.79821,-1.56179],[36.83849,-1.74153],[36.82701,-1.77255],[36.84163,-1.81484],[36.86733,-1.82458],[36.91152,-1.82964],[36.92343,-1.85248],[36.97416,-1.85967],[36.97836,-1.87391],[37.03214,-1.90041],[37.03066,-1.94992],[37.04836,-1.9651],[37.04294,-1.9799],[37.06258,-1.99555],[37.08082,-2.04069],[37.10895,-2.04552],[37.11364,-2.06642],[37.10162,-2.08376],[37.12643,-2.11032],[37.14241,-2.13878],[37.15132,-2.17905],[37.18695,-2.18543]]]},"properties":{"shapeName":"Kajiado East","shapeID":"3690345B56316730609732","shapeGroup":"KEN","shapeType":"ADM2","name":"Kajiado East","code":"3690345B56316730609732"}},{"type":"Feature","geometry":{"type":"Polygon","coordinates":[[[36.81996,-1.38103],[36.80558,-1.38684],[36.74886,-1.38223],[36.70219,-1.34948],[36.6928,-1.35065],[36.66599,-1.31217],[36.64837,-1.2984],[36.6391,-1.33333],[36.64673,-1.36467],[36.62841,-1.36753],[36.6359,-1.40564],[36.68654,-1.39884],[36.68935,-1.44085],[36.71768,-1.43],[36.81996,-1.38103]]]},"properties":{"shapeName":"Kajiado North","shapeID":"3690345B68273600363858","shapeGroup":"KEN","shapeType":"ADM2","name":"Kajiado North","code":"3690345B68273600363858"}},{"type":"Feature","geometry":{"type":"Polygon","coordinates":[[[36.9016,-2.61056],[37.28161,-2.82457],[37.50391,-2.94827],[37.57981,-2.99637],[37.67188,-3.05874],[37.69207,-3.1751],[37.81581,-3.17066],[37.8332,-3.18684],[37.85355,-3.16943],[37.85448,-3.08003],[37.87062,-3.07752],[37.89438,-2.8857],[37.91787,-2.86843],[37.93736,-2.77081],[37.92625,-2.74907],[37.93012,-2.72255],[37.92098,-2.70439],[37.9011,-2.70152],[37.84974,-2.60389],[37.79614,-2.54216],[37.64699,-2.37006],[37.61873,-2.36921],[37.56528,-2.38432],[37.5364,-2.38076],[37.51906,-2.40238],[37.45113,-2.39497],[37.40519,-2.34968],[37.37757,-2.33527],[37.35959,-2.27485],[37.33954,-2.23793],[37.27449,-2.20622],[37.23896,-2.20176],[37.20732,-2.20579],[37.18695,-2.18543],[37.15638,-2.19602],[37.1172,-2.22062],[37.10061,-2.23842],[37.06948,-2.32014],[37.04859,-2.43341],[37.04353,-2.51988],[37.01942,-2.50072],[36.9981,-2.47154],[36.97237,-2.48725],[36.93676,-2.54607],[36.91621,-2.55499],[36.9016,-2.61056]]]},"properties":{"shapeName":"Kajiado South","shapeID":"3690345B92214929535535","shapeGroup":"KEN","shapeType":"ADM2","name":"Kajiado South","code":"3690345B92214929535535"}},{"type":"Feature","geometry":{"type":"Polygon","coordinates":[[[36.82701,-1.77255],[36.83849,-1.74153],[36.79821,-1.56179],[36.71768,-1.43],[36.68935,-1.44085],[36.68654,-1.39884],[36.6359,-1.40564],[36.62841,-1.36753],[36.64673,-1.36467],[36.6391,-1.33333],[36.64837,-1.2984],[36.49081,-1.26799],[36.51262,-1.23957],[36.53675,-1.15258],[36.4932,-1.119],[36.35472,-1.05372],[36.33147,-1.03725],[36.33565,-1.04565],[36.34774,-1.1725],[36.24743,-1.2812],[36.06736,-1.47038],[36.04916,-1.48995],[36.0587,-1.49609],[36.08621,-1.57344],[36.07421,-1.5895],[36.04618,-1.65022],[36.06493,-1.69651],[36.04294,-1.70868],[36.03562,-1.76075],[36.0166,-1.80705],[36.02819,-1.80963],[36.04974,-1.84245],[36.04458,-1.87815],[36.0258,-1.88912],[36.04209,-1.90929],[36.03063,-1.91348],[36.04239,-1.93665],[36.03615,-2.00431],[36.02096,-2.03545],[36.02666,-2.08206],[36.00014,-2.08185],[36.00013,-2.10458],[36.44353,-2.3541],[36.49309,-2.306],[36.43806,-2.23506],[36.51574,-2.13793],[36.63646,-2.06451],[36.70032,-2.01233],[36.73549,-1.98912],[36.73002,-1.9707],[36.74332,-1.93843],[36.73179,-1.91768],[36.71393,-1.91239],[36.66201,-1.85683],[36.65733,-1.82569],[36.67472,-1.74086],[36.7064,-1.75709],[36.75858,-1.76688],[36.82701,-1.77255]]]},"properties":{"shapeName":"Kajiado West","shapeID":"3690345B61385295322660","shapeGroup":"KEN","shapeType":"ADM2","name":"Kajiado West","code":"3690345B61385295322660"}},{"type":"Feature","geometry":{"type":"Polygon","coordinates":[[[39.35025,-3.63767],[39.3566,-3.65473],[39.34748,-3.70264],[39.35978,-3.73093],[39.39059,-3.73681],[39.39503,-3.75328],[39.37902,-3.80753],[39.39887,-3.82561],[39.41961,-3.82046],[39.4506,-3.85335],[39.46675,-3.85882],[39.49681,-3.8866],[39.4999,-3.9022],[39.52087,-3.91732],[39.55034,-3.89572],[39.54959,-3.87284],[39.57611,-3.85271],[39.57592,-3.84001],[39.60501,-3.83855],[39.61061,-3.85053],[39.62918,-3.83728],[39.64198,-3.80663],[39.63869,-3.78079],[39.65345,-3.77589],[39.66296,-3.75721],[39.65616,-3.72441],[39.66821,-3.67852],[39.64147,-3.68657],[39.6213,-3.64103],[39.59472,-3.64586],[39.57808,-3.66422],[39.56449,-3.6503],[39.52649,-3.63224],[39.52391,-3.67749],[39.47104,-3.66481],[39.44778,-3.66573],[39.43522,-3.68168],[39.41249,-3.66427],[39.35025,-3.63767]]]},"properties":{"shapeName":"Kaloleni","shapeID":"3690345B39012511095910","shapeGroup":"KEN","shapeType":"ADM2","name":"Kaloleni","code":"3690345B39012511095910"}},{"type":"Feature","geometry":{"type":"Polygon","coordinates":[[[36.87826,-1.25992],[36.84305,-1.26502],[36.84019,-1.28956],[36.86452,-1.28084],[36.87826,-1.25992]]]},"properties":{"shapeName":"Kamukunji","shapeID":"3690345B2174573011329","shapeGroup":"KEN","shapeType":"ADM2","name":"Kamukunji","code":"3690345B2174573011329"}},{"type":"Feature","geometry":{"type":"Polygon","coordinates":[[[37.1007,-0.96019],[37.11933,-0.94295],[37.12614,-0.91625],[37.11895,-0.89833],[37.16433,-0.8794],[37.12551,-0.88496],[37.08257,-0.87592],[37.05768,-0.85709],[37.04245,-0.85858],[37.00363,-0.83385],[36.95823,-0.86369],[36.92575,-0.81859],[36.92304,-0.80583],[36.89688,-0.79461],[36.86242,-0.8198],[36.88991,-0.83652],[36.91303,-0.8394],[36.9311,-0.87472],[36.96565,-0.8991],[36.99178,-0.90798],[37.01361,-0.9434],[37.03541,-0.96435],[37.06408,-0.94686],[37.09313,-0.96723],[37.1007,-0.96019]]]},"properties":{"shapeName":"Kandara","shapeID":"3690345B86008432218279","shapeGroup":"KEN","shapeType":"ADM2","name":"Kandara","code":"3690345B86008432218279"}},{"type":"Feature","geometry":{"type":"Polygon","coordinates":[[[34.55071,0.4711],[34.58112,0.45321],[34.58941,0.42128],[34.59196,0.44667],[34.61274,0.4443],[34.63165,0.46158],[34.66581,0.48868],[34.68421,0.55188],[34.67979,0.58459],[34.68154,0.62144],[34.67463,0.6429],[34.64948,0.62793],[34.63895,0.60846],[34.61126,0.59628],[34.59192,0.60599],[34.57101,0.58951],[34.54795,0.61768],[34.53035,0.65904],[34.55951,0.68363],[34.54436,0.70343],[34.50277,0.68436],[34.5008,0.66124],[34.5158,0.64904],[34.49849,0.61819],[34.50712,0.59751],[34.50291,0.57333],[34.53781,0.5683],[34.50736,0.54458],[34.51242,0.51668],[34.56457,0.50136],[34.55071,0.4711]]]},"properties":{"shapeName":"Kanduyi","shapeID":"3690345B52406827974288","shapeGroup":"KEN","shapeType":"ADM2","name":"Kanduyi","code":"3690345B52406827974288"}},{"type":"Feature","geometry":{"type":"Polygon","coordinates":[[[37.11805,-0.70488],[37.07434,-0.67806],[37.01525,-0.67047],[36.99846,-0.6563],[36.98387,-0.66527],[36.95121,-0.66232],[36.94709,-0.6502],[36.90025,-0.64212],[36.87518,-0.63187],[36.85874,-0.64372],[36.82264,-0.64008],[36.81343,-0.60716],[36.78456,-0.61433],[36.73784,-0.61079],[36.70872,-0.62313],[36.70762,-0.62524],[36.70942,-0.66333],[36.72961,-0.68514],[36.74837,-0.68665],[36.77679,-0.71658],[36.80575,-0.73375],[36.81417,-0.71169],[36.87205,-0.73171],[36.88434,-0.74554],[36.93684,-0.75571],[36.96429,-0.76715],[36.96776,-0.74196],[36.99903,-0.74487],[36.99189,-0.72661],[36.96516,-0.72943],[36.95844,-0.69939],[37.00829,-0.69533],[37.06707,-0.70606],[37.11805,-0.70488]]]},"properties":{"shapeName":"Kangema","shapeID":"3690345B7088366637447","shapeGroup":"KEN","shapeType":"ADM2","name":"Kangema","code":"3690345B7088366637447"}},{"type":"Feature","geometry":{"type":"Polygon","coordinates":[[[37.37344,-1.26588],[37.35546,-1.25803],[37.32487,-1.28244],[37.32597,-1.3025],[37.30336,-1.30644],[37.27306,-1.33043],[37.33231,-1.39183],[37.34467,-1.42147],[37.35767,-1.42734],[37.36511,-1.4096],[37.40631,-1.40079],[37.40366,-1.37345],[37.42399,-1.34489],[37.41965,-1.32241],[37.3917,-1.2774],[37.37344,-1.26588]]]},"properties":{"shapeName":"Kangundo","shapeID":"3690345B98275441455845","shapeGroup":"KEN","shapeType":"ADM2","name":"Kangundo","code":"3690345B98275441455845"}},{"type":"Feature","geometry":{"type":"Polygon","coordinates":[[[35.15162,1.20057],[35.20807,1.23414],[35.22028,1.25922],[35.1731,1.25464],[35.14635,1.27073],[35.16036,1.29131],[35.13765,1.31364],[35.13142,1.33934],[35.14095,1.34589],[35.13014,1.36974],[35.14175,1.37214],[35.14844,1.39854],[35.12497,1.42234],[35.12758,1.47942],[35.16797,1.48675],[35.20306,1.5003],[35.19393,1.51381],[35.23157,1.54363],[35.24316,1.53333],[35.32735,1.54144],[35.35385,1.55845],[35.39227,1.53818],[35.41391,1.53443],[35.38002,1.58976],[35.37107,1.63931],[35.35352,1.65072],[35.36717,1.72205],[35.34579,1.75997],[35.33675,1.82489],[35.35787,1.8758],[35.3711,1.89226],[35.37157,1.92745],[35.36942,1.93028],[35.33434,1.91278],[35.31057,1.88125],[35.30398,1.82785],[35.29156,1.82437],[35.24667,1.85031],[35.22164,1.83114],[35.20836,1.80434],[35.15837,1.79136],[35.13574,1.72367],[35.11718,1.71463],[35.1284,1.66623],[35.13132,1.62593],[35.11558,1.61557],[35.08656,1.57511],[35.06256,1.50517],[35.0385,1.48502],[34.98222,1.48243],[34.95675,1.46625],[34.94943,1.43662],[34.9165,1.41201],[34.90686,1.37479],[34.87309,1.34472],[34.85266,1.30911],[34.82947,1.30652],[34.83089,1.2712],[34.81998,1.26227],[34.90693,1.28382],[34.90507,1.25244],[34.9697,1.24856],[34.99402,1.25924],[35.0126,1.25588],[35.04355,1.21648],[35.03606,1.20504],[35.08446,1.16898],[35.10192,1.18603],[35.12517,1.18508],[35.15162,1.20057]]]},"properties":{"shapeName":"Kapenguria","shapeID":"3690345B82211082616386","shapeGroup":"KEN","shapeType":"ADM2","name":"Kapenguria","code":"3690345B82211082616386"}},{"type":"Feature","geometry":{"type":"Polygon","coordinates":[[[35.28185,0.51107],[35.27597,0.51503],[35.24722,0.52147],[35.21215,0.56114],[35.19661,0.56423],[35.16628,0.54696],[35.15974,0.50654],[35.14199,0.47334],[35.18101,0.40896],[35.19486,0.38015],[35.24546,0.29793],[35.2602,0.27739],[35.28036,0.28868],[35.27865,0.3032],[35.30026,0.31392],[35.31475,0.35563],[35.32558,0.34147],[35.34082,0.34886],[35.3423,0.39322],[35.32086,0.39238],[35.32708,0.41583],[35.31032,0.4325],[35.31725,0.44753],[35.29312,0.44446],[35.27629,0.46056],[35.25154,0.45986],[35.28478,0.50911],[35.28185,0.51107]]]},"properties":{"shapeName":"Kapseret","shapeID":"3690345B11020389245436","shapeGroup":"KEN","shapeType":"ADM2","name":"Kapseret","code":"3690345B11020389245436"}},{"type":"Feature","geometry":{"type":"Polygon","coordinates":[[[34.81891,-0.36552],[34.78562,-0.34007],[34.79022,-0.32968],[34.75526,-0.28985],[34.70501,-0.25676],[34.53037,-0.27063],[34.48309,-0.29863],[34.42187,-0.3348],[34.38671,-0.36433],[34.48277,-0.4613],[34.53306,-0.45775],[34.54977,-0.4663],[34.59097,-0.4568],[34.60877,-0.478],[34.63667,-0.4854],[34.65027,-0.4763],[34.69147,-0.402],[34.74704,-0.4161],[34.75067,-0.4002],[34.79641,-0.38755],[34.81891,-0.36552]]]},"properties":{"shapeName":"Karachuonyo","shapeID":"3690345B83716228169892","shapeGroup":"KEN","shapeType":"ADM2","name":"Karachuonyo","code":"3690345B83716228169892"}},{"type":"Feature","geometry":{"type":"Polygon","coordinates":[[[36.93617,-1.25759],[36.96748,-1.25837],[36.99025,-1.28084],[37.00194,-1.29835],[37.02596,-1.28951],[37.07573,-1.30104],[37.07718,-1.28169],[37.10206,-1.26857],[37.10176,-1.25908],[37.08624,-1.24627],[37.06271,-1.2027],[37.03777,-1.21035],[37.0108,-1.234],[36.99125,-1.22262],[36.95705,-1.22701],[36.91243,-1.20505],[36.86921,-1.23603],[36.91128,-1.2353],[36.89995,-1.25394],[36.91368,-1.2564],[36.93617,-1.25759]]]},"properties":{"shapeName":"Kasarani","shapeID":"3690345B25272410242240","shapeGroup":"KEN","shapeType":"ADM2","name":"Kasarani","code":"3690345B25272410242240"}},{"type":"Feature","geometry":{"type":"Polygon","coordinates":[[[34.68997,-0.5962],[34.71287,-0.5571],[34.75108,-0.55627],[34.76902,-0.53215],[34.79144,-0.52798],[34.78067,-0.519],[34.79567,-0.4857],[34.78617,-0.4499],[34.76257,-0.4222],[34.74704,-0.4161],[34.69147,-0.402],[34.65027,-0.4763],[34.63667,-0.4854],[34.62917,-0.5168],[34.63527,-0.5525],[34.65937,-0.60145],[34.68997,-0.5962]]]},"properties":{"shapeName":"Kasipul","shapeID":"3690345B61391920402880","shapeGroup":"KEN","shapeType":"ADM2","name":"Kasipul","code":"3690345B61391920402880"}},{"type":"Feature","geometry":{"type":"Polygon","coordinates":[[[37.27306,-1.33043],[37.24648,-1.29427],[37.21818,-1.2999],[37.21925,-1.34676],[37.21919,-1.35918],[37.22039,-1.40118],[37.26314,-1.38594],[37.25752,-1.40373],[37.27519,-1.42273],[37.30457,-1.50459],[37.31401,-1.4979],[37.35629,-1.52218],[37.35011,-1.54834],[37.38649,-1.5196],[37.36488,-1.48425],[37.36973,-1.47138],[37.35767,-1.42734],[37.34467,-1.42147],[37.33231,-1.39183],[37.27306,-1.33043]]]},"properties":{"shapeName":"Kathiani","shapeID":"3690345B54323556821532","shapeGroup":"KEN","shapeType":"ADM2","name":"Kathiani","code":"3690345B54323556821532"}},{"type":"Feature","geometry":{"type":"Polygon","coordinates":[[[35.62405,0.86174],[35.60258,0.85305],[35.54258,0.86985],[35.49038,0.84652],[35.48262,0.82505],[35.49925,0.82006],[35.50096,0.76079],[35.49358,0.72842],[35.50496,0.70376],[35.41167,0.70284],[35.42358,0.67945],[35.48116,0.59055],[35.47237,0.54292],[35.48798,0.52345],[35.50878,0.52775],[35.52528,0.56345],[35.55278,0.56485],[35.61168,0.58857],[35.59628,0.62205],[35.60878,0.64545],[35.60418,0.67065],[35.62538,0.67985],[35.63368,0.70305],[35.62038,0.73985],[35.63708,0.78885],[35.64278,0.84045],[35.62405,0.86174]]]},"properties":{"shapeName":"Keiyo North","shapeID":"3690345B12433983427802","shapeGroup":"KEN","shapeType":"ADM2","name":"Keiyo North","code":"3690345B12433983427802"}},{"type":"Feature","geometry":{"type":"Polygon","coordinates":[[[35.58807,0.17054],[35.66488,0.17045],[35.69531,0.17939],[35.69326,0.18868],[35.72243,0.21495],[35.70938,0.25755],[35.71268,0.31615],[35.72012,0.35654],[35.68088,0.37255],[35.65498,0.39975],[35.66108,0.41145],[35.63068,0.50285],[35.61478,0.50945],[35.60238,0.55645],[35.61168,0.58857],[35.55278,0.56485],[35.52528,0.56345],[35.50878,0.52775],[35.48798,0.52345],[35.47237,0.54292],[35.4633,0.5072],[35.46161,0.45612],[35.47268,0.4497],[35.48808,0.38134],[35.46878,0.37011],[35.49638,0.34495],[35.5095,0.31539],[35.49516,0.31385],[35.50417,0.29487],[35.48582,0.25055],[35.50521,0.22576],[35.53068,0.22095],[35.51269,0.18953],[35.55508,0.19087],[35.56786,0.19896],[35.58807,0.17054]]]},"properties":{"shapeName":"Keiyo South","shapeID":"3690345B51361114330680","shapeGroup":"KEN","shapeType":"ADM2","name":"Keiyo South","code":"3690345B51361114330680"}},{"type":"Feature","geometry":{"type":"Polygon","coordinates":[[[35.28478,0.50911],[35.25154,0.45986],[35.27629,0.46056],[35.29312,0.44446],[35.31725,0.44753],[35.31032,0.4325],[35.32708,0.41583],[35.32086,0.39238],[35.3423,0.39322],[35.34082,0.34886],[35.32558,0.34147],[35.31475,0.35563],[35.30026,0.31392],[35.27865,0.3032],[35.28036,0.28868],[35.2602,0.27739],[35.28971,0.23316],[35.31187,0.21927],[35.32203,0.22894],[35.34196,0.20699],[35.35696,0.2154],[35.36197,0.19134],[35.34097,0.19476],[35.3342,0.14306],[35.38701,0.11479],[35.37158,0.07291],[35.34739,0.06179],[35.36905,0.04324],[35.40412,0.02895],[35.43514,0.0272],[35.46629,0.02789],[35.45777,0.01058],[35.48062,0.01592],[35.51397,0.00891],[35.52292,0.01584],[35.52596,0.03904],[35.54299,0.04285],[35.54163,0.08935],[35.54298,0.10913],[35.48061,0.1084],[35.45977,0.13319],[35.47717,0.15934],[35.46381,0.20157],[35.44189,0.21601],[35.4139,0.25997],[35.438,0.28569],[35.40116,0.33475],[35.41376,0.35275],[35.39988,0.36415],[35.40244,0.39507],[35.39044,0.39824],[35.39305,0.42563],[35.38074,0.42564],[35.35388,0.46759],[35.28478,0.50911]]]},"properties":{"shapeName":"Kesses","shapeID":"3690345B57454670869281","shapeGroup":"KEN","shapeType":"ADM2","name":"Kesses","code":"3690345B57454670869281"}},{"type":"Feature","geometry":{"type":"Polygon","coordinates":[[[34.48191,0.15154],[34.48429,0.14081],[34.45784,0.12357],[34.47424,0.10336],[34.49409,0.10187],[34.51303,0.12813],[34.54365,0.13906],[34.54403,0.11445],[34.55658,0.09126],[34.5861,0.10462],[34.58585,0.11493],[34.63275,0.12891],[34.67814,0.13053],[34.67375,0.16653],[34.63639,0.19921],[34.60946,0.18825],[34.55431,0.18294],[34.54523,0.16723],[34.50729,0.17327],[34.48191,0.15154]]]},"properties":{"shapeName":"Khwisero","shapeID":"3690345B3814928417926","shapeGroup":"KEN","shapeType":"ADM2","name":"Khwisero","code":"3690345B3814928417926"}},{"type":"Feature","geometry":{"type":"Polygon","coordinates":[[[36.73456,-1.10504],[36.72388,-1.12101],[36.74464,-1.1431],[36.71199,-1.18457],[36.75534,-1.21857],[36.7783,-1.22434],[36.7987,-1.19291],[36.79731,-1.17319],[36.82218,-1.1804],[36.79719,-1.16096],[36.78995,-1.14389],[36.8035,-1.11593],[36.73456,-1.10504]]]},"properties":{"shapeName":"Kiambaa","shapeID":"3690345B47179274610537","shapeGroup":"KEN","shapeType":"ADM2","name":"Kiambaa","code":"3690345B47179274610537"}},{"type":"Feature","geometry":{"type":"Polygon","coordinates":[[[36.8035,-1.11593],[36.78995,-1.14389],[36.79719,-1.16096],[36.82218,-1.1804],[36.79731,-1.17319],[36.7987,-1.19291],[36.83404,-1.21248],[36.84925,-1.21132],[36.86321,-1.18792],[36.89842,-1.19037],[36.888,-1.17135],[36.89747,-1.15821],[36.88373,-1.15348],[36.89241,-1.11674],[36.86759,-1.11214],[36.83279,-1.10446],[36.82485,-1.12429],[36.8035,-1.11593]]]},"properties":{"shapeName":"Kiambu","shapeID":"3690345B45864022138182","shapeGroup":"KEN","shapeType":"ADM2","name":"Kiambu","code":"3690345B45864022138182"}},{"type":"Feature","geometry":{"type":"Polygon","coordinates":[[[36.74743,-1.30109],[36.7942,-1.31746],[36.82329,-1.29718],[36.81968,-1.29058],[36.7603,-1.29616],[36.74743,-1.30109]]]},"properties":{"shapeName":"Kibra","shapeID":"3690345B3888847045998","shapeGroup":"KEN","shapeType":"ADM2","name":"Kibra","code":"3690345B3888847045998"}},{"type":"Feature","geometry":{"type":"Polygon","coordinates":[[[37.93736,-2.77081],[37.97441,-2.78739],[38.11646,-2.71152],[38.12825,-2.69838],[38.1625,-2.69303],[38.18403,-2.70264],[38.24685,-2.7477],[38.31873,-2.83272],[38.36147,-2.89764],[38.39188,-2.92548],[38.40894,-2.92732],[38.4482,-2.97202],[38.45824,-2.99115],[38.48908,-2.97781],[38.51954,-2.97479],[38.48761,-2.93669],[38.47583,-2.93608],[38.455,-2.88403],[38.42791,-2.84955],[38.41821,-2.81141],[38.43211,-2.7876],[38.39217,-2.69842],[38.38219,-2.66324],[38.36726,-2.65035],[38.34739,-2.58942],[38.32238,-2.54735],[38.31185,-2.50176],[38.28833,-2.48274],[38.27446,-2.42465],[38.25195,-2.42032],[38.2226,-2.39928],[38.21108,-2.35527],[38.13575,-2.32075],[38.12495,-2.32773],[38.12182,-2.35841],[38.11185,-2.35543],[38.08374,-2.38044],[38.06875,-2.37555],[38.03091,-2.41239],[38.04075,-2.45712],[38.07092,-2.47547],[38.09863,-2.48081],[38.03052,-2.5218],[37.99594,-2.48151],[37.96487,-2.42998],[37.98852,-2.38766],[37.97144,-2.38751],[37.95577,-2.36803],[37.91348,-2.39207],[37.95554,-2.41264],[37.9139,-2.4815],[37.88744,-2.49825],[37.79614,-2.54216],[37.84974,-2.60389],[37.9011,-2.70152],[37.92098,-2.70439],[37.93012,-2.72255],[37.92625,-2.74907],[37.93736,-2.77081]]]},"properties":{"shapeName":"Kibwezi East","shapeID":"3690345B7491344905793","shapeGroup":"KEN","shapeType":"ADM2","name":"Kibwezi East","code":"3690345B7491344905793"}},{"type":"Feature","geometry":{"type":"Polygon","coordinates":[[[37.64699,-2.37006],[37.79614,-2.54216],[37.88744,-2.49825],[37.9139,-2.4815],[37.95554,-2.41264],[37.91348,-2.39207],[37.95577,-2.36803],[37.97144,-2.38751],[37.98852,-2.38766],[37.96487,-2.42998],[37.99594,-2.48151],[38.03052,-2.5218],[38.09863,-2.48081],[38.07092,-2.47547],[38.04075,-2.45712],[38.03091,-2.41239],[38.06875,-2.37555],[38.08374,-2.38044],[38.11185,-2.35543],[38.12182,-2.35841],[38.12495,-2.32773],[38.13575,-2.32075],[38.10938,-2.30062],[38.11119,-2.28583],[38.07557,-2.26137],[38.06904,-2.22505],[38.0485,-2.16859],[38.02041,-2.14674],[37.96701,-2.16706],[37.96347,-2.14429],[37.92038,-2.12798],[37.87452,-2.12972],[37.85611,-2.11365],[37.81654,-2.11646],[37.79217,-2.10629],[37.78742,-2.08921],[37.7469,-2.08001],[37.7158,-2.10526],[37.70037,-2.13894],[37.70355,-2.15788],[37.68398,-2.16193],[37.7001,-2.1648],[37.72333,-2.18793],[37.7061,-2.19454],[37.68376,-2.22377],[37.67005,-2.28772],[37.64591,-2.29916],[37.61218,-2.29771],[37.59635,-2.31169],[37.64699,-2.37006]]]},"properties":{"shapeName":"Kibwezi West","shapeID":"3690345B25425189689724","shapeGroup":"KEN","shapeType":"ADM2","name":"Kibwezi West","code":"3690345B25425189689724"}},{"type":"Feature","geometry":{"type":"Polygon","coordinates":[[[37.12063,-0.01837],[37.11265,-0.03545],[37.07754,0.00095],[37.0612,0.00162],[37.0253,-0.04695],[36.97803,-0.06862],[36.98571,-0.13272],[37.00789,-0.14702],[37.01938,-0.17366],[37.00822,-0.21967],[37.0102,-0.24007],[36.98859,-0.25433],[36.9983,-0.26904],[36.98744,-0.29313],[36.95803,-0.27997],[36.85657,-0.25256],[36.84118,-0.21161],[36.87161,-0.17402],[36.86074,-0.14087],[36.83154,-0.13229],[36.831,-0.10164],[36.79161,-0.10519],[36.71682,-0.12639],[36.6597,-0.14981],[36.6903,-0.17179],[36.62088,-0.29728],[36.60919,-0.33115],[36.61676,-0.35353],[36.60704,-0.37417],[36.63125,-0.38512],[36.62317,-0.39912],[36.64948,-0.41457],[36.6839,-0.40219],[36.69179,-0.42213],[36.71885,-0.45508],[36.74167,-0.45387],[36.73416,-0.41576],[36.80118,-0.38995],[36.85527,-0.38261],[36.88679,-0.3973],[36.88992,-0.37954],[36.91861,-0.37122],[36.9315,-0.35726],[36.96515,-0.36721],[36.98964,-0.34925],[37.00905,-0.39203],[37.02879,-0.39979],[37.02797,-0.3844],[37.052,-0.37612],[37.08457,-0.3335],[37.13161,-0.3108],[37.16892,-0.30766],[37.20155,-0.28435],[37.30781,-0.14957],[37.13733,-0.03765],[37.12063,-0.01837]]]},"properties":{"shapeName":"Kieni","shapeID":"3690345B61847449937296","shapeGroup":"KEN","shapeType":"ADM2","name":"Kieni","code":"3690345B61847449937296"}},{"type":"Feature","geometry":{"type":"Polygon","coordinates":[[[36.86242,-0.8198],[36.89688,-0.79461],[36.92304,-0.80583],[36.92575,-0.81859],[36.95823,-0.86369],[37.00363,-0.83385],[37.04245,-0.85858],[37.05768,-0.85709],[37.08257,-0.87592],[37.12551,-0.88496],[37.14075,-0.87175],[37.13672,-0.825],[37.11189,-0.82031],[37.08881,-0.82847],[37.05082,-0.81863],[37.01469,-0.80139],[37.01971,-0.77697],[36.96429,-0.76715],[36.93684,-0.75571],[36.88434,-0.74554],[36.87205,-0.73171],[36.81417,-0.71169],[36.80575,-0.73375],[36.77679,-0.71658],[36.74837,-0.68665],[36.72961,-0.68514],[36.70942,-0.66333],[36.70673,-0.69561],[36.71164,-0.68125],[36.73038,-0.69157],[36.74602,-0.73911],[36.77158,-0.76816],[36.78942,-0.77649],[36.82088,-0.81158],[36.86242,-0.8198]]]},"properties":{"shapeName":"Kigumo","shapeID":"3690345B17600682902163","shapeGroup":"KEN","shapeType":"ADM2","name":"Kigumo","code":"3690345B17600682902163"}},{"type":"Feature","geometry":{"type":"Polygon","coordinates":[[[36.96429,-0.76715],[37.01971,-0.77697],[37.04299,-0.77141],[37.08504,-0.78315],[37.09275,-0.76482],[37.11127,-0.7698],[37.14409,-0.76095],[37.15456,-0.74537],[37.19217,-0.74899],[37.19538,-0.76333],[37.21908,-0.76433],[37.26522,-0.78425],[37.25547,-0.75577],[37.26552,-0.74128],[37.2436,-0.70549],[37.23632,-0.66758],[37.21431,-0.68883],[37.20224,-0.6646],[37.18049,-0.66441],[37.16918,-0.63496],[37.12783,-0.64369],[37.11036,-0.66056],[37.11805,-0.70488],[37.06707,-0.70606],[37.00829,-0.69533],[36.95844,-0.69939],[36.96516,-0.72943],[36.99189,-0.72661],[36.99903,-0.74487],[36.96776,-0.74196],[36.96429,-0.76715]]]},"properties":{"shapeName":"Kiharu","shapeID":"3690345B72180207858390","shapeGroup":"KEN","shapeType":"ADM2","name":"Kiharu","code":"3690345B72180207858390"}},{"type":"Feature","geometry":{"type":"Polygon","coordinates":[[[36.71854,-1.26081],[36.72545,-1.24402],[36.68777,-1.23741],[36.66744,-1.24687],[36.66647,-1.22008],[36.65,-1.20644],[36.65008,-1.17455],[36.65476,-1.15879],[36.61962,-1.15724],[36.60709,-1.18051],[36.61272,-1.22033],[36.57224,-1.22534],[36.51262,-1.23957],[36.49081,-1.26799],[36.64837,-1.2984],[36.66599,-1.31217],[36.67829,-1.29794],[36.7026,-1.25578],[36.71854,-1.26081]]]},"properties":{"shapeName":"Kikuyu","shapeID":"3690345B86705577908989","shapeGroup":"KEN","shapeType":"ADM2","name":"Kikuyu","code":"3690345B86705577908989"}},{"type":"Feature","geometry":{"type":"Polygon","coordinates":[[[34.59007,-1.0162],[34.59669,-1.04949],[34.61896,-1.0775],[34.61523,-1.09012],[34.63339,-1.13824],[34.6249,-1.15468],[34.65397,-1.1766],[34.67357,-1.2097],[34.68707,-1.211],[34.73054,-1.38672],[34.73093,-1.38887],[35.0174,-1.55054],[35.03113,-1.47593],[35.06385,-1.43357],[35.03442,-1.39487],[35.0121,-1.38219],[34.98932,-1.34136],[35.00948,-1.31791],[35.03366,-1.31139],[35.0433,-1.26906],[35.03306,-1.24588],[35.0411,-1.20666],[35.09641,-1.13953],[35.14056,-1.13988],[35.17688,-1.10139],[35.17626,-1.07707],[35.20318,-1.09631],[35.21914,-1.06245],[35.24859,-1.03288],[35.22063,-1.01781],[35.17863,-1.05363],[35.14809,-1.03231],[35.11827,-1.08138],[35.14229,-1.09242],[35.11916,-1.11918],[35.09608,-1.09102],[35.04402,-1.0746],[35.03309,-1.0503],[34.98274,-1.03785],[35.03531,-0.99193],[35.02365,-0.95906],[35.0054,-0.94357],[34.99011,-0.89333],[34.91717,-0.9107],[34.83067,-0.9327],[34.71477,-0.9606],[34.67877,-0.971],[34.64147,-0.96645],[34.62157,-0.9854],[34.59007,-1.0162]]]},"properties":{"shapeName":"Kilgoris","shapeID":"3690345B49962205101636","shapeGroup":"KEN","shapeType":"ADM2","name":"Kilgoris","code":"3690345B49962205101636"}},{"type":"Feature","geometry":{"type":"Polygon","coordinates":[[[39.77359,-3.66962],[39.78118,-3.71311],[39.80524,-3.70292],[39.81537,-3.71021],[39.79689,-3.75655],[39.84234,-3.77233],[39.8699,-3.69406],[39.86054,-3.63858],[39.82729,-3.63397],[39.81917,-3.64572],[39.79734,-3.64021],[39.80404,-3.61233],[39.8228,-3.60888],[39.8451,-3.63245],[39.86992,-3.6319],[39.90115,-3.56702],[39.93151,-3.48216],[39.9681,-3.40193],[39.96523,-3.38897],[39.93369,-3.36997],[39.9507,-3.32898],[39.99583,-3.31324],[39.98285,-3.33115],[39.99201,-3.36848],[39.97049,-3.37499],[39.97509,-3.38668],[40.11921,-3.28872],[40.12237,-3.28009],[40.05462,-3.2806],[40.03935,-3.2538],[40.01237,-3.24337],[40.00894,-3.22],[39.98671,-3.21396],[39.97882,-3.24687],[39.91785,-3.25065],[39.91776,-3.36018],[39.80873,-3.29257],[39.80002,-3.34555],[39.8104,-3.37628],[39.80672,-3.50232],[39.79469,-3.54313],[39.74789,-3.58159],[39.76476,-3.60297],[39.77359,-3.66962]]]},"properties":{"shapeName":"Kilifi North","shapeID":"3690345B15365868811730","shapeGroup":"KEN","shapeType":"ADM2","name":"Kilifi North","code":"3690345B15365868811730"}},{"type":"Feature","geometry":{"type":"Polygon","coordinates":[[[39.66821,-3.67852],[39.65616,-3.72441],[39.66296,-3.75721],[39.65345,-3.77589],[39.65821,-3.80085],[39.68658,-3.82549],[39.70172,-3.8639],[39.6994,-3.8912],[39.67219,-3.92028],[39.69027,-3.92338],[39.70214,-3.92487],[39.71664,-3.94989],[39.7357,-3.94742],[39.75192,-3.95586],[39.77501,-3.93869],[39.7878,-3.90403],[39.82939,-3.81823],[39.84234,-3.77233],[39.79689,-3.75655],[39.81537,-3.71021],[39.80524,-3.70292],[39.78118,-3.71311],[39.77359,-3.66962],[39.76343,-3.67818],[39.66821,-3.67852]]]},"properties":{"shapeName":"Kilifi South","shapeID":"3690345B19939243433246","shapeGroup":"KEN","shapeType":"ADM2","name":"Kilifi South","code":"3690345B19939243433246"}},{"type":"Feature","geometry":{"type":"Polygon","coordinates":[[[36.7603,-1.29616],[36.81968,-1.29058],[36.81181,-1.27208],[36.79868,-1.25911],[36.75328,-1.26163],[36.73341,-1.2729],[36.7603,-1.29616]]]},"properties":{"shapeName":"Kilimani","shapeID":"3690345B60954938722766","shapeGroup":"KEN","shapeType":"ADM2","name":"Kilimani","code":"3690345B60954938722766"}},{"type":"Feature","geometry":{"type":"Polygon","coordinates":[[[37.28808,-1.71151],[37.28928,-1.6984],[37.26496,-1.68027],[37.27208,-1.6681],[37.25231,-1.63552],[37.25146,-1.59192],[37.22908,-1.59196],[37.17508,-1.6169],[37.19201,-1.65271],[37.19664,-1.71994],[37.1571,-1.7765],[37.14129,-1.81156],[37.14222,-1.83613],[37.16235,-1.85679],[37.15302,-1.88581],[37.17015,-1.91586],[37.19126,-1.93443],[37.23607,-1.93521],[37.26454,-1.95741],[37.28014,-1.99369],[37.31379,-2.00694],[37.36034,-2.01172],[37.38211,-2.02252],[37.45809,-2.07588],[37.46978,-2.04457],[37.44148,-2.02949],[37.42855,-2.03544],[37.42003,-2.01414],[37.39607,-2.00895],[37.4067,-1.9672],[37.43036,-1.94344],[37.44365,-1.91278],[37.46456,-1.89568],[37.46085,-1.88346],[37.41261,-1.8858],[37.3856,-1.86257],[37.3824,-1.83117],[37.3041,-1.75965],[37.28808,-1.71151]]]},"properties":{"shapeName":"Kilome","shapeID":"3690345B81435991527602","shapeGroup":"KEN","shapeType":"ADM2","name":"Kilome","code":"3690345B81435991527602"}},{"type":"Feature","geometry":{"type":"Polygon","coordinates":[[[34.65829,0.72847],[34.6714,0.72094],[34.6999,0.74402],[34.73165,0.71896],[34.75262,0.72689],[34.76862,0.74716],[34.79756,0.76598],[34.81932,0.76174],[34.80482,0.77607],[34.80909,0.8075],[34.80125,0.8483],[34.79635,0.85721],[34.77965,0.85613],[34.74073,0.83362],[34.72914,0.83484],[34.67774,0.80154],[34.64519,0.821],[34.64312,0.79715],[34.65555,0.78328],[34.66266,0.7457],[34.65829,0.72847]]]},"properties":{"shapeName":"Kimilili","shapeID":"3690345B99583391945286","shapeGroup":"KEN","shapeType":"ADM2","name":"Kimilili","code":"3690345B99583391945286"}},{"type":"Feature","geometry":{"type":"Polygon","coordinates":[[[35.05288,1.06145],[35.01821,1.02385],[35.00248,1.02151],[35.00433,0.99727],[35.0239,0.9852],[35.01119,0.97038],[34.98777,0.98404],[34.95189,0.9743],[34.88365,0.9378],[34.87066,0.91634],[34.88142,0.91049],[34.84865,0.90218],[34.82711,0.88111],[34.83556,0.86597],[34.80125,0.8483],[34.80909,0.8075],[34.87061,0.8263],[34.9258,0.85546],[34.94245,0.87131],[35.01885,0.8877],[35.05151,0.90339],[35.07387,0.90033],[35.10098,0.87572],[35.11372,0.88297],[35.11367,0.89482],[35.10457,0.93792],[35.05288,1.06145]]]},"properties":{"shapeName":"Kiminini","shapeID":"3690345B935775811379","shapeGroup":"KEN","shapeType":"ADM2","name":"Kiminini","code":"3690345B935775811379"}},{"type":"Feature","geometry":{"type":"Polygon","coordinates":[[[39.56969,-3.99155],[39.5398,-3.98721],[39.54774,-3.96469],[39.52781,-3.94687],[39.52087,-3.91732],[39.4999,-3.9022],[39.49681,-3.8866],[39.46675,-3.85882],[39.4506,-3.85335],[39.41961,-3.82046],[39.39887,-3.82561],[39.37902,-3.80753],[39.39503,-3.75328],[39.39059,-3.73681],[39.35978,-3.73093],[39.34748,-3.70264],[39.3566,-3.65473],[39.35025,-3.63767],[39.34532,-3.5955],[39.32498,-3.58452],[39.31858,-3.56426],[39.29525,-3.56946],[39.0872,-3.5696],[39.05606,-3.68453],[38.96848,-3.63346],[38.93049,-3.69581],[39.03512,-3.75831],[38.94602,-3.95954],[38.84086,-3.99632],[38.44575,-4.13797],[38.6079,-4.25088],[39.00024,-4.25096],[38.99396,-4.21163],[39.02503,-4.22585],[39.05295,-4.19346],[39.06246,-4.21053],[39.07189,-4.19472],[39.08878,-4.20989],[39.07951,-4.22336],[39.12883,-4.25631],[39.12748,-4.29704],[39.1392,-4.31721],[39.1597,-4.32637],[39.16824,-4.29779],[39.20979,-4.26033],[39.23666,-4.21478],[39.24489,-4.22718],[39.28098,-4.21441],[39.29516,-4.187],[39.30196,-4.15019],[39.31803,-4.14483],[39.37769,-4.16664],[39.38867,-4.15548],[39.41211,-4.15766],[39.44733,-4.13447],[39.45361,-4.11856],[39.47306,-4.12272],[39.51884,-4.09519],[39.51538,-4.07373],[39.57862,-4.07925],[39.57616,-4.02897],[39.56422,-4.01269],[39.56969,-3.99155]]]},"properties":{"shapeName":"Kinango","shapeID":"3690345B23512246754033","shapeGroup":"KEN","shapeType":"ADM2","name":"Kinango","code":"3690345B23512246754033"}},{"type":"Feature","geometry":{"type":"Polygon","coordinates":[[[36.70673,-0.69561],[36.70942,-0.66333],[36.70762,-0.62524],[36.68517,-0.59753],[36.66672,-0.57912],[36.6344,-0.56628],[36.57573,-0.60156],[36.53239,-0.5435],[36.51704,-0.56322],[36.49126,-0.56955],[36.526,-0.57995],[36.51209,-0.60892],[36.52123,-0.65091],[36.54416,-0.6946],[36.52101,-0.7084],[36.53115,-0.7294],[36.55716,-0.82926],[36.55453,-0.87052],[36.54427,-0.90589],[36.5544,-0.91858],[36.58948,-0.88658],[36.60113,-0.86202],[36.58876,-0.82587],[36.62197,-0.82571],[36.67387,-0.77637],[36.6446,-0.77097],[36.67182,-0.75663],[36.68684,-0.76192],[36.72216,-0.80448],[36.72382,-0.78163],[36.73668,-0.77783],[36.71738,-0.74778],[36.70673,-0.69561]]]},"properties":{"shapeName":"Kinangop","shapeID":"3690345B46347977633631","shapeGroup":"KEN","shapeType":"ADM2","name":"Kinangop","code":"3690345B46347977633631"}},{"type":"Feature","geometry":{"type":"Polygon","coordinates":[[[36.48971,-0.62239],[36.51209,-0.60892],[36.526,-0.57995],[36.49126,-0.56955],[36.51704,-0.56322],[36.53239,-0.5435],[36.57573,-0.60156],[36.6344,-0.56628],[36.66672,-0.57912],[36.68517,-0.59753],[36.67032,-0.57106],[36.658,-0.50886],[36.66706,-0.47152],[36.6517,-0.45758],[36.65036,-0.43203],[36.62317,-0.39912],[36.63125,-0.38512],[36.60704,-0.37417],[36.61676,-0.35353],[36.60919,-0.33115],[36.62088,-0.29728],[36.60251,-0.28224],[36.54595,-0.26073],[36.52728,-0.22329],[36.50159,-0.22129],[36.47789,-0.23541],[36.43906,-0.24553],[36.435,-0.26394],[36.40986,-0.26006],[36.41486,-0.28228],[36.41592,-0.34703],[36.42878,-0.40642],[36.38704,-0.45833],[36.40544,-0.52204],[36.407,-0.57288],[36.45146,-0.56362],[36.45625,-0.61016],[36.46801,-0.62454],[36.48971,-0.62239]]]},"properties":{"shapeName":"Kipipiri","shapeID":"3690345B3299927088893","shapeGroup":"KEN","shapeType":"ADM2","name":"Kipipiri","code":"3690345B3299927088893"}},{"type":"Feature","geometry":{"type":"Polygon","coordinates":[[[35.33237,-0.35143],[35.3467,-0.37511],[35.3917,-0.37781],[35.42055,-0.36868],[35.44404,-0.35053],[35.41389,-0.30093],[35.47069,-0.27628],[35.5291,-0.25846],[35.57229,-0.28123],[35.58109,-0.30718],[35.59349,-0.27583],[35.60588,-0.29295],[35.63119,-0.28648],[35.65019,-0.26453],[35.65689,-0.20428],[35.67504,-0.18703],[35.67046,-0.16354],[35.64689,-0.14948],[35.6126,-0.15661],[35.59889,-0.12048],[35.62314,-0.10123],[35.61419,-0.08963],[35.63964,-0.05933],[35.63038,-0.03225],[35.61059,-0.02963],[35.58359,-0.00528],[35.54381,-0.00596],[35.52292,0.01584],[35.51397,0.00891],[35.48062,0.01592],[35.45777,0.01058],[35.46629,0.02789],[35.43514,0.0272],[35.41358,0.00528],[35.40447,-0.02119],[35.42409,-0.07601],[35.4554,-0.07681],[35.4742,-0.09776],[35.48681,-0.07309],[35.5099,-0.10191],[35.5118,-0.12341],[35.5286,-0.14169],[35.5145,-0.14511],[35.51709,-0.17797],[35.48525,-0.19021],[35.4746,-0.20891],[35.43364,-0.21161],[35.4022,-0.23371],[35.3893,-0.22651],[35.3637,-0.24261],[35.34311,-0.23557],[35.32495,-0.25056],[35.3653,-0.26661],[35.4106,-0.25311],[35.40305,-0.27081],[35.3506,-0.30701],[35.326,-0.33131],[35.33237,-0.35143]]]},"properties":{"shapeName":"Kipkelion East","shapeID":"3690345B91045012580235","shapeGroup":"KEN","shapeType":"ADM2","name":"Kipkelion East","code":"3690345B91045012580235"}},{"type":"Feature","geometry":{"type":"Polygon","coordinates":[[[35.42409,-0.07601],[35.37188,-0.10729],[35.3385,-0.10831],[35.30767,-0.08352],[35.2796,-0.09731],[35.22649,-0.10371],[35.25361,-0.11832],[35.27052,-0.15002],[35.27844,-0.14411],[35.2961,-0.17409],[35.33069,-0.17471],[35.34311,-0.23557],[35.3637,-0.24261],[35.3893,-0.22651],[35.4022,-0.23371],[35.43364,-0.21161],[35.4746,-0.20891],[35.48525,-0.19021],[35.51709,-0.17797],[35.5145,-0.14511],[35.5286,-0.14169],[35.5118,-0.12341],[35.5099,-0.10191],[35.48681,-0.07309],[35.4742,-0.09776],[35.4554,-0.07681],[35.42409,-0.07601]]]},"properties":{"shapeName":"Kipkelion West","shapeID":"3690345B22667939022422","shapeGroup":"KEN","shapeType":"ADM2","name":"Kipkelion West","code":"3690345B22667939022422"}},{"type":"Feature","geometry":{"type":"Polygon","coordinates":[[[37.30781,-0.14957],[37.21603,-0.4195],[37.21979,-0.48122],[37.24679,-0.5348],[37.24813,-0.57928],[37.26326,-0.60382],[37.27696,-0.58886],[37.32196,-0.5658],[37.3242,-0.55156],[37.30691,-0.52836],[37.30329,-0.50125],[37.29118,-0.48831],[37.28856,-0.441],[37.27402,-0.41267],[37.30781,-0.14957]]]},"properties":{"shapeName":"Kirinyaga Central","shapeID":"3690345B89320584549641","shapeGroup":"KEN","shapeType":"ADM2","name":"Kirinyaga Central","code":"3690345B89320584549641"}},{"type":"Feature","geometry":{"type":"MultiPolygon","coordinates":[[[[39.60703,-3.95923],[39.62872,-3.98218],[39.6391,-3.97516],[39.6608,-3.99344],[39.64807,-3.95934],[39.60867,-3.95742],[39.60703,-3.95923]]],[[[39.67219,-3.92028],[39.64211,-3.92572],[39.64617,-3.95059],[39.66168,-3.95349],[39.67072,-4.00415],[39.65948,-4.01318],[39.67712,-4.03314],[39.68121,-4.04493],[39.69818,-3.99991],[39.72656,-4.00616],[39.76147,-3.96118],[39.7359,-3.94937],[39.72693,-3.9541],[39.69989,-3.9444],[39.69027,-3.92338],[39.67219,-3.92028]]]]},"properties":{"shapeName":"Kisauni","shapeID":"3690345B29559403317261","shapeGroup":"KEN","shapeType":"ADM2","name":"Kisauni","code":"3690345B29559403317261"}},{"type":"Feature","geometry":{"type":"Polygon","coordinates":[[[34.66764,-0.18935],[34.76616,-0.13825],[34.75993,-0.11398],[34.78438,-0.09334],[34.78293,-0.06031],[34.76577,-0.04573],[34.75009,-0.05858],[34.75085,-0.08075],[34.72298,-0.07368],[34.7382,-0.08785],[34.66764,-0.18935]]]},"properties":{"shapeName":"Kisumu Central","shapeID":"3690345B55069358333072","shapeGroup":"KEN","shapeType":"ADM2","name":"Kisumu Central","code":"3690345B55069358333072"}},{"type":"Feature","geometry":{"type":"Polygon","coordinates":[[[34.75097,-0.03178],[34.76577,-0.04573],[34.78293,-0.06031],[34.78438,-0.09334],[34.75993,-0.11398],[34.76616,-0.13825],[34.66764,-0.18935],[34.78285,-0.18953],[34.80248,-0.16343],[34.7952,-0.14793],[34.83214,-0.1428],[34.87364,-0.11702],[34.85791,-0.1071],[34.86121,-0.08153],[34.89451,-0.07899],[34.89866,-0.06915],[34.80947,-0.06755],[34.81139,-0.0412],[34.8036,-0.01378],[34.80971,-0.00432],[34.83068,0.02565],[34.75097,-0.03178]]]},"properties":{"shapeName":"Kisumu East","shapeID":"3690345B94932158837865","shapeGroup":"KEN","shapeType":"ADM2","name":"Kisumu East","code":"3690345B94932158837865"}},{"type":"Feature","geometry":{"type":"Polygon","coordinates":[[[34.74622,-0.02122],[34.72582,-0.00361],[34.70966,-0.0187],[34.67135,-0.01344],[34.62542,0.00447],[34.60248,0.01334],[34.58304,-0.0313],[34.60088,-0.07518],[34.58168,-0.11103],[34.57341,-0.14138],[34.58129,-0.19006],[34.66764,-0.18935],[34.7382,-0.08785],[34.72298,-0.07368],[34.75085,-0.08075],[34.75009,-0.05858],[34.76577,-0.04573],[34.75097,-0.03178],[34.74622,-0.02122]]]},"properties":{"shapeName":"Kisumu West","shapeID":"3690345B39370723343062","shapeGroup":"KEN","shapeType":"ADM2","name":"Kisumu West","code":"3690345B39370723343062"}},{"type":"Feature","geometry":{"type":"Polygon","coordinates":[[[38.04121,-1.44166],[38.04101,-1.41534],[38.00966,-1.39003],[37.99068,-1.39566],[38.02398,-1.36867],[38.06209,-1.37902],[38.10592,-1.38075],[38.12198,-1.33841],[38.12914,-1.34707],[38.16725,-1.34667],[38.18164,-1.35629],[38.16538,-1.29795],[38.15275,-1.23504],[38.15607,-1.15102],[38.06772,-1.15908],[38.06829,-1.16845],[38.07002,-1.20415],[38.03055,-1.20111],[38.0249,-1.2613],[38.03755,-1.28364],[38.02141,-1.29091],[38.01187,-1.3154],[37.95816,-1.3369],[37.86773,-1.36055],[37.8762,-1.38618],[37.88121,-1.47545],[37.89969,-1.52047],[37.88342,-1.53175],[37.87984,-1.5805],[37.88599,-1.61757],[37.94356,-1.62311],[37.95171,-1.61106],[37.94478,-1.58169],[37.97215,-1.53316],[37.96512,-1.50591],[37.98654,-1.48282],[38.03045,-1.49857],[38.04121,-1.44166]]]},"properties":{"shapeName":"Kitui Central","shapeID":"3690345B15839480546324","shapeGroup":"KEN","shapeType":"ADM2","name":"Kitui Central","code":"3690345B15839480546324"}},{"type":"Feature","geometry":{"type":"Polygon","coordinates":[[[38.96321,-1.07772],[38.89946,-1.08138],[38.88375,-1.09456],[38.82727,-1.09363],[38.81505,-1.08142],[38.7677,-1.08161],[38.73835,-1.08918],[38.72702,-1.08087],[38.69889,-1.09352],[38.66264,-1.08122],[38.63082,-1.08661],[38.60998,-1.10446],[38.54267,-1.10189],[38.51686,-1.15957],[38.48774,-1.15241],[38.46167,-1.17435],[38.43107,-1.1551],[38.37663,-1.16687],[38.32259,-1.17016],[38.30834,-1.18275],[38.23816,-1.20263],[38.21902,-1.16652],[38.15607,-1.15102],[38.15275,-1.23504],[38.16538,-1.29795],[38.18164,-1.35629],[38.16725,-1.34667],[38.12914,-1.34707],[38.12198,-1.33841],[38.10592,-1.38075],[38.06209,-1.37902],[38.02398,-1.36867],[37.99068,-1.39566],[38.00966,-1.39003],[38.04101,-1.41534],[38.04121,-1.44166],[38.08742,-1.50391],[38.11041,-1.5237],[38.12823,-1.56095],[38.14792,-1.5689],[38.15324,-1.6045],[38.16259,-1.62468],[38.20452,-1.67584],[38.24141,-1.73612],[38.34262,-1.73998],[38.36004,-1.74471],[38.38675,-1.73311],[38.39561,-1.71093],[38.44131,-1.70905],[38.47124,-1.65938],[38.49662,-1.66374],[38.65524,-1.46034],[38.67626,-1.4383],[38.98513,-1.438],[38.96321,-1.07772]]]},"properties":{"shapeName":"Kitui East","shapeID":"3690345B42600282373755","shapeGroup":"KEN","shapeType":"ADM2","name":"Kitui East","code":"3690345B42600282373755"}},{"type":"Feature","geometry":{"type":"Polygon","coordinates":[[[37.86773,-1.36055],[37.86019,-1.35183],[37.82906,-1.35275],[37.81895,-1.31713],[37.78152,-1.27618],[37.77579,-1.25145],[37.77735,-1.14819],[37.79374,-1.12518],[37.73356,-1.08005],[37.59571,-1.08682],[37.59771,-1.13071],[37.63447,-1.16134],[37.64992,-1.19723],[37.68428,-1.23411],[37.74478,-1.35633],[37.76566,-1.35488],[37.78983,-1.37521],[37.81951,-1.44586],[37.781,-1.47091],[37.77385,-1.48632],[37.73264,-1.49608],[37.71285,-1.48851],[37.69511,-1.49757],[37.71397,-1.51],[37.7539,-1.56639],[37.77262,-1.58657],[37.81388,-1.66136],[37.83737,-1.68954],[37.85595,-1.75397],[37.83906,-1.77839],[37.84745,-1.79629],[37.8929,-1.84147],[37.88769,-1.85904],[37.90226,-1.87799],[37.95656,-1.872],[37.96288,-1.88931],[37.99039,-1.89615],[38.01369,-1.88804],[38.04469,-1.89533],[38.07291,-1.88703],[38.06241,-1.86305],[38.04926,-1.86045],[38.03337,-1.83218],[38.02247,-1.83383],[38.00509,-1.79154],[37.99583,-1.75163],[38.00708,-1.72906],[37.98333,-1.73194],[37.98329,-1.7169],[37.95142,-1.68234],[37.9792,-1.63495],[37.99886,-1.62032],[38.05049,-1.60979],[38.15324,-1.6045],[38.14792,-1.5689],[38.12823,-1.56095],[38.11041,-1.5237],[38.08742,-1.50391],[38.04121,-1.44166],[38.03045,-1.49857],[37.98654,-1.48282],[37.96512,-1.50591],[37.97215,-1.53316],[37.94478,-1.58169],[37.95171,-1.61106],[37.94356,-1.62311],[37.88599,-1.61757],[37.87984,-1.5805],[37.88342,-1.53175],[37.89969,-1.52047],[37.88121,-1.47545],[37.8762,-1.38618],[37.86773,-1.36055]]]},"properties":{"shapeName":"Kitui Rural","shapeID":"3690345B8782427737819","shapeGroup":"KEN","shapeType":"ADM2","name":"Kitui Rural","code":"3690345B8782427737819"}},{"type":"Feature","geometry":{"type":"Polygon","coordinates":[[[38.98513,-1.438],[38.67626,-1.4383],[38.65524,-1.46034],[38.49662,-1.66374],[38.47124,-1.65938],[38.44131,-1.70905],[38.39561,-1.71093],[38.38675,-1.73311],[38.36004,-1.74471],[38.34262,-1.73998],[38.24141,-1.73612],[38.20452,-1.67584],[38.16259,-1.62468],[38.15324,-1.6045],[38.05049,-1.60979],[37.99886,-1.62032],[37.9792,-1.63495],[37.95142,-1.68234],[37.98329,-1.7169],[37.98333,-1.73194],[38.00708,-1.72906],[37.99583,-1.75163],[38.00509,-1.79154],[38.02247,-1.83383],[38.03337,-1.83218],[38.04926,-1.86045],[38.06241,-1.86305],[38.07291,-1.88703],[38.04469,-1.89533],[38.01369,-1.88804],[37.99039,-1.89615],[37.96288,-1.88931],[37.95656,-1.872],[37.90226,-1.87799],[37.9058,-1.9022],[37.91871,-1.90301],[37.90938,-1.93258],[37.92853,-1.99543],[37.95127,-2.03745],[37.96036,-2.07896],[37.95379,-2.13284],[37.96347,-2.14429],[37.96701,-2.16706],[38.02041,-2.14674],[38.0485,-2.16859],[38.06904,-2.22505],[38.07557,-2.26137],[38.11119,-2.28583],[38.10938,-2.30062],[38.13575,-2.32075],[38.21108,-2.35527],[38.2226,-2.39928],[38.25195,-2.42032],[38.27446,-2.42465],[38.28833,-2.48274],[38.31185,-2.50176],[38.32238,-2.54735],[38.34739,-2.58942],[38.36726,-2.65035],[38.38219,-2.66324],[38.39217,-2.69842],[38.43211,-2.7876],[38.41821,-2.81141],[38.42791,-2.84955],[38.455,-2.88403],[38.47583,-2.93608],[38.48761,-2.93669],[38.51954,-2.97479],[38.58348,-2.98733],[38.59461,-2.99917],[38.64312,-3.01291],[38.66548,-3.03932],[38.70776,-3.03156],[38.73373,-3.04228],[38.76802,-3.04324],[38.80824,-3.05256],[38.79892,-3.06627],[38.81941,-3.0672],[38.84112,-3.05351],[38.86252,-3.05739],[38.89297,-3.03782],[38.93718,-3.0344],[38.97621,-3.03932],[38.99205,-3.02571],[39.0454,-3.0211],[39.04592,-3.03129],[39.07565,-3.04086],[38.84981,-2.72686],[38.62368,-2.4125],[38.66109,-2.418],[38.7039,-2.4042],[38.73325,-2.37842],[38.73826,-2.36438],[38.78351,-2.35485],[38.79647,-2.34074],[38.99958,-1.9458],[39.01369,-1.91502],[38.95791,-1.70316],[38.99943,-1.67863],[38.98513,-1.438]]]},"properties":{"shapeName":"Kitui South","shapeID":"3690345B12410627224170","shapeGroup":"KEN","shapeType":"ADM2","name":"Kitui South","code":"3690345B12410627224170"}},{"type":"Feature","geometry":{"type":"Polygon","coordinates":[[[38.06829,-1.16845],[38.03507,-1.16654],[37.95789,-1.13753],[37.85837,-1.12018],[37.79374,-1.12518],[37.77735,-1.14819],[37.77579,-1.25145],[37.78152,-1.27618],[37.81895,-1.31713],[37.82906,-1.35275],[37.86019,-1.35183],[37.86773,-1.36055],[37.95816,-1.3369],[38.01187,-1.3154],[38.02141,-1.29091],[38.03755,-1.28364],[38.0249,-1.2613],[38.03055,-1.20111],[38.07002,-1.20415],[38.06829,-1.16845]]]},"properties":{"shapeName":"Kitui West","shapeID":"3690345B81121704285473","shapeGroup":"KEN","shapeType":"ADM2","name":"Kitui West","code":"3690345B81121704285473"}},{"type":"Feature","geometry":{"type":"Polygon","coordinates":[[[34.79144,-0.52798],[34.76902,-0.53215],[34.75108,-0.55627],[34.74617,-0.5894],[34.76837,-0.5913],[34.81875,-0.6267],[34.8424,-0.596],[34.88987,-0.60801],[34.87287,-0.57275],[34.87847,-0.5561],[34.86985,-0.50512],[34.85897,-0.50244],[34.79144,-0.52798]]]},"properties":{"shapeName":"Kitutu Chache North","shapeID":"3690345B89017750364899","shapeGroup":"KEN","shapeType":"ADM2","name":"Kitutu Chache North","code":"3690345B89017750364899"}},{"type":"Feature","geometry":{"type":"Polygon","coordinates":[[[34.75507,-0.6753],[34.76667,-0.6613],[34.77862,-0.67405],[34.81187,-0.6634],[34.81875,-0.6267],[34.76837,-0.5913],[34.74617,-0.5894],[34.75108,-0.55627],[34.71287,-0.5571],[34.68997,-0.5962],[34.71687,-0.6235],[34.75507,-0.6753]]]},"properties":{"shapeName":"Kitutu Chache South","shapeID":"3690345B32421349480810","shapeGroup":"KEN","shapeType":"ADM2","name":"Kitutu Chache South","code":"3690345B32421349480810"}},{"type":"Feature","geometry":{"type":"Polygon","coordinates":[[[35.01752,-0.67485],[34.97077,-0.675],[34.9343,-0.66298],[34.90766,-0.64311],[34.88987,-0.60801],[34.8424,-0.596],[34.81875,-0.6267],[34.81187,-0.6634],[34.77862,-0.67405],[34.86911,-0.73311],[34.91665,-0.75916],[34.95049,-0.78262],[34.97517,-0.7609],[34.98867,-0.7315],[35.01357,-0.7052],[35.01752,-0.67485]]]},"properties":{"shapeName":"Kitutu Masaba","shapeID":"3690345B6563140226542","shapeGroup":"KEN","shapeType":"ADM2","name":"Kitutu Masaba","code":"3690345B6563140226542"}},{"type":"Feature","geometry":{"type":"Polygon","coordinates":[[[35.18153,-0.48216],[35.17826,-0.49941],[35.19312,-0.50708],[35.20613,-0.54733],[35.1956,-0.57457],[35.22467,-0.59692],[35.2284,-0.6133],[35.26263,-0.67566],[35.29404,-0.64924],[35.39718,-0.64423],[35.49811,-0.6134],[35.58728,-0.58723],[35.50645,-0.45286],[35.47264,-0.39949],[35.44295,-0.4278],[35.42709,-0.45452],[35.39466,-0.45957],[35.36251,-0.48229],[35.36139,-0.40735],[35.33539,-0.4061],[35.30321,-0.42415],[35.2774,-0.41592],[35.23209,-0.42204],[35.20892,-0.46527],[35.21499,-0.47846],[35.18153,-0.48216]]]},"properties":{"shapeName":"Konoin","shapeID":"3690345B62902351105471","shapeGroup":"KEN","shapeType":"ADM2","name":"Konoin","code":"3690345B62902351105471"}},{"type":"Feature","geometry":{"type":"Polygon","coordinates":[[[35.47264,-0.39949],[35.50645,-0.45286],[35.53858,-0.42675],[35.53408,-0.42075],[35.56808,-0.38735],[35.57648,-0.41125],[35.61116,-0.39948],[35.63878,-0.4236],[35.67278,-0.40725],[35.69938,-0.41055],[35.72704,-0.38781],[35.68338,-0.31535],[35.68958,-0.28965],[35.73168,-0.25375],[35.72518,-0.23885],[35.70198,-0.24275],[35.69158,-0.22365],[35.72398,-0.20311],[35.72988,-0.15525],[35.69338,-0.10695],[35.68898,-0.07245],[35.65338,-0.07595],[35.66708,-0.04775],[35.63964,-0.05933],[35.61419,-0.08963],[35.62314,-0.10123],[35.59889,-0.12048],[35.6126,-0.15661],[35.64689,-0.14948],[35.67046,-0.16354],[35.67504,-0.18703],[35.65689,-0.20428],[35.65019,-0.26453],[35.63119,-0.28648],[35.60588,-0.29295],[35.59349,-0.27583],[35.58109,-0.30718],[35.57229,-0.28123],[35.5291,-0.25846],[35.47069,-0.27628],[35.41389,-0.30093],[35.44404,-0.35053],[35.47264,-0.39949]]]},"properties":{"shapeName":"Kuresoi North","shapeID":"3690345B6327191419481","shapeGroup":"KEN","shapeType":"ADM2","name":"Kuresoi North","code":"3690345B6327191419481"}},{"type":"Feature","geometry":{"type":"Polygon","coordinates":[[[35.58728,-0.58723],[35.60013,-0.65744],[35.64681,-0.70239],[35.68679,-0.63915],[35.69594,-0.59823],[35.70948,-0.58598],[35.7112,-0.55708],[35.74608,-0.51685],[35.74628,-0.48105],[35.72128,-0.47135],[35.72348,-0.43125],[35.73948,-0.42185],[35.72704,-0.38781],[35.69938,-0.41055],[35.67278,-0.40725],[35.63878,-0.4236],[35.61116,-0.39948],[35.57648,-0.41125],[35.56808,-0.38735],[35.53408,-0.42075],[35.53858,-0.42675],[35.50645,-0.45286],[35.58728,-0.58723]]]},"properties":{"shapeName":"Kuresoi South","shapeID":"3690345B31423540418892","shapeGroup":"KEN","shapeType":"ADM2","name":"Kuresoi South","code":"3690345B31423540418892"}},{"type":"Feature","geometry":{"type":"Polygon","coordinates":[[[34.6249,-1.15468],[34.60787,-1.1454],[34.60137,-1.0987],[34.56707,-1.096],[34.53477,-1.10635],[34.55811,-1.14117],[34.55167,-1.14905],[34.55897,-1.1915],[34.58197,-1.1556],[34.59727,-1.1499],[34.63278,-1.16251],[34.63297,-1.1953],[34.60947,-1.2274],[34.59107,-1.2912],[34.58257,-1.3018],[34.73054,-1.38672],[34.68707,-1.211],[34.67357,-1.2097],[34.65397,-1.1766],[34.6249,-1.15468]]]},"properties":{"shapeName":"Kuria East","shapeID":"3690345B78515474379979","shapeGroup":"KEN","shapeType":"ADM2","name":"Kuria East","code":"3690345B78515474379979"}},{"type":"Feature","geometry":{"type":"Polygon","coordinates":[[[34.53477,-1.10635],[34.50572,-1.10521],[34.47646,-1.12837],[34.46247,-1.1223],[34.41057,-1.12815],[34.39197,-1.1412],[34.37527,-1.1857],[34.58257,-1.3018],[34.59107,-1.2912],[34.60947,-1.2274],[34.63297,-1.1953],[34.63278,-1.16251],[34.59727,-1.1499],[34.58197,-1.1556],[34.55897,-1.1915],[34.55167,-1.14905],[34.55811,-1.14117],[34.53477,-1.10635]]]},"properties":{"shapeName":"Kuria West","shapeID":"3690345B86494009793520","shapeGroup":"KEN","shapeType":"ADM2","name":"Kuria West","code":"3690345B86494009793520"}},{"type":"Feature","geometry":{"type":"Polygon","coordinates":[[[35.10192,1.18603],[35.08446,1.16898],[35.03606,1.20504],[35.04355,1.21648],[35.0126,1.25588],[34.99402,1.25924],[34.9697,1.24856],[34.90507,1.25244],[34.87891,1.24916],[34.87911,1.22065],[34.89486,1.21892],[34.88845,1.19235],[34.87041,1.19277],[34.85935,1.13691],[34.87575,1.13427],[34.88322,1.11584],[34.90658,1.11302],[34.91191,1.05881],[34.93717,1.05082],[34.98288,1.04218],[35.00248,1.02151],[35.01821,1.02385],[35.05288,1.06145],[35.07657,1.09402],[35.06952,1.10989],[35.10924,1.14116],[35.11161,1.17376],[35.10192,1.18603]]]},"properties":{"shapeName":"Kwanza","shapeID":"3690345B32096026427645","shapeGroup":"KEN","shapeType":"ADM2","name":"Kwanza","code":"3690345B32096026427645"}},{"type":"Feature","geometry":{"type":"Polygon","coordinates":[[[41.48382,3.37501],[41.39382,3.48961],[41.35782,3.49721],[41.34482,3.51551],[41.31492,3.51461],[41.30622,3.53101],[41.28432,3.53561],[41.28142,3.55291],[41.25342,3.59141],[41.25612,3.61131],[41.31497,3.70651],[41.34322,3.77611],[41.35522,3.79571],[41.34272,3.82681],[41.34762,3.87621],[41.36698,3.89665],[41.37262,3.93141],[41.36072,3.95581],[41.32592,3.94291],[41.28097,3.95554],[41.24604,3.92161],[41.24604,3.8788],[41.23331,3.8755],[41.18486,3.78663],[41.14869,3.75509],[41.12104,3.71669],[41.10367,3.70866],[41.07221,3.66475],[41.04561,3.65101],[40.99594,3.60391],[40.99589,3.56434],[40.97071,3.51952],[40.954,3.47352],[40.96657,3.4312],[40.91402,3.39219],[40.89175,3.3305],[40.94218,3.32972],[40.93977,3.30533],[40.95364,3.27619],[40.98664,3.24431],[40.98062,3.21852],[40.94959,3.20546],[40.92169,3.17143],[40.92801,3.13321],[40.93779,3.11855],[40.95069,3.0976],[40.98524,3.0864],[41.18289,3.0105],[41.32712,3.15131],[41.41772,3.27871],[41.48382,3.37501]]]},"properties":{"shapeName":"Lafey","shapeID":"3690345B88001194641971","shapeGroup":"KEN","shapeType":"ADM2","name":"Lafey","code":"3690345B88001194641971"}},{"type":"Feature","geometry":{"type":"Polygon","coordinates":[[[39.50267,0.0063],[39.51126,0.04534],[39.53411,0.07464],[39.55636,0.08274],[39.59546,0.13169],[39.65316,0.14154],[39.65786,0.15864],[39.67889,0.17551],[39.72093,0.19329],[39.74211,0.21954],[39.77301,0.24094],[39.78966,0.24254],[39.83926,0.26714],[39.90036,0.32004],[39.90016,0.34319],[39.88796,0.36469],[39.84959,0.39849],[39.88296,0.42834],[39.89396,0.44879],[39.91391,0.45593],[39.87096,0.46076],[39.85141,0.47766],[39.80044,0.48452],[39.73156,0.52661],[39.68941,0.57881],[39.65426,0.63126],[39.64576,0.65686],[39.61376,0.68436],[39.56396,0.75576],[39.53316,0.85346],[39.49786,0.93391],[39.49321,0.95995],[39.46192,0.99589],[39.45448,0.98916],[39.36126,0.95395],[39.3136,0.92477],[39.23707,0.84416],[39.22466,0.81776],[39.20047,0.78947],[39.18056,0.75175],[39.17388,0.71972],[39.14784,0.706],[39.14217,0.69118],[39.10247,0.68938],[39.08395,0.67693],[39.05367,0.68609],[39.02688,0.66497],[39.01019,0.62522],[38.93582,0.62515],[38.91124,0.59984],[38.85775,0.59937],[38.82489,0.58126],[38.78386,0.52732],[38.76404,0.51291],[38.75328,0.52357],[38.7232,0.52607],[38.72197,0.51339],[38.65876,0.50805],[38.67698,0.49496],[38.71063,0.36636],[38.74754,0.36178],[38.79354,0.34661],[38.82604,0.35446],[38.8431,0.34033],[38.88475,0.34071],[38.89782,0.32233],[38.97587,0.3136],[39.00282,0.28746],[39.05522,0.2977],[39.1105,0.24637],[39.15588,0.258],[39.19154,0.29796],[39.19402,0.33229],[39.22121,0.38195],[39.30031,0.38045],[39.34863,0.37225],[39.36873,0.30344],[39.36987,0.27631],[39.4019,0.23016],[39.43086,0.19794],[39.4338,0.10968],[39.42533,0.08261],[39.42216,0.01697],[39.50267,0.0063]]]},"properties":{"shapeName":"Lagdera","shapeID":"3690345B54288416110697","shapeGroup":"KEN","shapeType":"ADM2","name":"Lagdera","code":"3690345B54288416110697"}},{"type":"Feature","geometry":{"type":"Polygon","coordinates":[[[36.2541,0.18393],[36.27733,0.14979],[36.289,0.11347],[36.25661,0.05861],[36.26538,0.02117],[36.25699,-0.01952],[36.27377,0.00286],[36.34754,0.03383],[36.35283,0.01826],[36.38966,0.0297],[36.42635,0.04648],[36.40142,0.05787],[36.42305,0.08522],[36.44592,0.09521],[36.46523,0.14024],[36.51151,0.08909],[36.52349,0.05044],[36.57723,0.07033],[36.60337,0.00546],[36.63714,0.01693],[36.63313,0.03684],[36.65121,0.04028],[36.67351,0.07016],[36.67928,0.09565],[36.70853,0.1222],[36.72002,0.14373],[36.7263,0.16922],[36.74713,0.19737],[36.75819,0.19745],[36.7923,0.22996],[36.76128,0.26415],[36.78284,0.27858],[36.76912,0.30722],[36.77519,0.31979],[36.73539,0.36727],[36.78022,0.37956],[36.77884,0.36246],[36.82788,0.35886],[36.83046,0.38671],[36.84774,0.38845],[36.82311,0.42276],[36.83609,0.44696],[36.8215,0.48844],[36.81203,0.47641],[36.77495,0.48085],[36.75264,0.47294],[36.74085,0.43893],[36.70845,0.43733],[36.70335,0.42684],[36.67252,0.4209],[36.6457,0.36294],[36.63293,0.35527],[36.59079,0.42157],[36.59697,0.4375],[36.58734,0.48037],[36.56332,0.54816],[36.58844,0.63481],[36.53461,0.66141],[36.45715,0.69123],[36.40496,0.71914],[36.34745,0.66196],[36.2891,0.64668],[36.27796,0.63296],[36.29412,0.56639],[36.22922,0.4219],[36.22745,0.39857],[36.25943,0.37605],[36.261,0.3429],[36.2309,0.33575],[36.26506,0.27793],[36.27966,0.27405],[36.29612,0.22994],[36.28799,0.20728],[36.2541,0.18393]]]},"properties":{"shapeName":"Laikipia East","shapeID":"3690345B37822361502294","shapeGroup":"KEN","shapeType":"ADM2","name":"Laikipia East","code":"3690345B37822361502294"}},{"type":"Feature","geometry":{"type":"Polygon","coordinates":[[[37.37371,0.27129],[37.39204,0.29811],[37.39194,0.35544],[37.37765,0.37007],[37.36288,0.40973],[37.35328,0.41445],[37.34916,0.4606],[37.36886,0.51246],[37.17398,0.53437],[36.86377,0.57202],[36.86759,0.59786],[36.9076,0.63238],[36.91333,0.66234],[36.92661,0.67597],[36.9308,0.74453],[36.9151,0.72913],[36.90249,0.74122],[36.86499,0.73937],[36.81929,0.8428],[36.81918,0.85595],[36.79314,0.87133],[36.75687,0.86055],[36.73862,0.83181],[36.71311,0.8199],[36.67478,0.81495],[36.48489,0.81483],[36.48966,0.84784],[36.46897,0.82236],[36.40496,0.71914],[36.45715,0.69123],[36.53461,0.66141],[36.58844,0.63481],[36.56332,0.54816],[36.58734,0.48037],[36.59697,0.4375],[36.59079,0.42157],[36.63293,0.35527],[36.6457,0.36294],[36.67252,0.4209],[36.70335,0.42684],[36.70845,0.43733],[36.74085,0.43893],[36.75264,0.47294],[36.77495,0.48085],[36.81203,0.47641],[36.8215,0.48844],[36.83609,0.44696],[36.82311,0.42276],[36.84774,0.38845],[36.83046,0.38671],[36.82788,0.35886],[36.77884,0.36246],[36.78022,0.37956],[36.73539,0.36727],[36.77519,0.31979],[36.76912,0.30722],[36.78284,0.27858],[36.76128,0.26415],[36.7923,0.22996],[36.75819,0.19745],[36.74713,0.19737],[36.7263,0.16922],[36.72002,0.14373],[36.80634,0.13296],[36.80808,0.11641],[36.89522,0.10971],[36.9012,0.09751],[36.90284,0.03915],[36.91013,0.01208],[36.95605,-0.01138],[36.98125,-0.01293],[37.00024,0.02151],[36.98359,0.02672],[36.97076,0.0663],[37.04097,0.09383],[37.05215,0.06397],[37.10846,0.06765],[37.10891,0.03848],[37.18686,0.05705],[37.23216,0.08068],[37.23426,0.10449],[37.25234,0.09698],[37.28126,0.13018],[37.28249,0.15215],[37.30805,0.17841],[37.3408,0.18465],[37.35996,0.25299],[37.37371,0.27129]]]},"properties":{"shapeName":"Laikipia North","shapeID":"3690345B24506089948123","shapeGroup":"KEN","shapeType":"ADM2","name":"Laikipia North","code":"3690345B24506089948123"}},{"type":"Feature","geometry":{"type":"Polygon","coordinates":[[[37.10891,0.03848],[37.10846,0.06765],[37.05215,0.06397],[37.04097,0.09383],[36.97076,0.0663],[36.98359,0.02672],[37.00024,0.02151],[36.98125,-0.01293],[36.95605,-0.01138],[36.91013,0.01208],[36.90284,0.03915],[36.9012,0.09751],[36.89522,0.10971],[36.80808,0.11641],[36.80634,0.13296],[36.72002,0.14373],[36.70853,0.1222],[36.67928,0.09565],[36.67351,0.07016],[36.65121,0.04028],[36.63313,0.03684],[36.63714,0.01693],[36.65054,-0.01371],[36.58616,-0.01766],[36.55566,-0.05253],[36.55132,-0.06714],[36.57254,-0.10126],[36.63504,-0.10425],[36.6597,-0.14981],[36.71682,-0.12639],[36.79161,-0.10519],[36.831,-0.10164],[36.83154,-0.13229],[36.86074,-0.14087],[36.87161,-0.17402],[36.84118,-0.21161],[36.85657,-0.25256],[36.95803,-0.27997],[36.98744,-0.29313],[36.9983,-0.26904],[36.98859,-0.25433],[37.0102,-0.24007],[37.00822,-0.21967],[37.01938,-0.17366],[37.00789,-0.14702],[36.98571,-0.13272],[36.97803,-0.06862],[37.0253,-0.04695],[37.0612,0.00162],[37.07754,0.00095],[37.11265,-0.03545],[37.12063,-0.01837],[37.08808,0.02277],[37.10891,0.03848]]]},"properties":{"shapeName":"Laikipia West","shapeID":"3690345B46461276162505","shapeGroup":"KEN","shapeType":"ADM2","name":"Laikipia West","code":"3690345B46461276162505"}},{"type":"Feature","geometry":{"type":"Polygon","coordinates":[[[38.62893,1.90323],[38.62267,1.92087],[38.58014,1.97452],[38.54847,2.0005],[38.46225,2.03699],[38.44477,2.05233],[38.42741,2.10853],[38.43264,2.13103],[38.41039,2.16192],[38.389,2.16717],[38.37591,2.18342],[38.34843,2.19003],[38.3348,2.23113],[38.30042,2.25493],[38.27707,2.25807],[38.22972,2.29438],[38.19591,2.31084],[38.15977,2.29881],[38.14361,2.3042],[38.18501,2.16003],[38.03694,2.10297],[37.89125,2.11028],[37.75719,2.12685],[37.79708,2.64233],[37.30389,2.86761],[36.97425,3.01801],[36.60954,3.1844],[36.25789,3.34483],[36.05133,3.34308],[36.0522,3.23825],[36.07189,3.22649],[36.11084,3.22081],[36.14067,3.20925],[36.15055,3.19099],[36.13869,3.1561],[36.15223,3.11625],[36.14174,3.07346],[36.1363,3.01386],[36.12386,2.98117],[36.14037,2.97053],[36.19245,2.96925],[36.24671,2.95056],[36.25485,2.96647],[36.26943,2.91002],[36.28282,2.89246],[36.36164,2.86085],[36.38588,2.82977],[36.39601,2.80065],[36.41871,2.7635],[36.42127,2.7367],[36.44729,2.70549],[36.43403,2.68007],[36.43803,2.6345],[36.45411,2.61216],[36.47266,2.60952],[36.49405,2.57545],[36.51508,2.56025],[36.53007,2.52276],[36.52449,2.44619],[36.53895,2.40763],[36.55958,2.39659],[36.59229,2.41344],[36.6024,2.4048],[36.64851,2.4132],[36.6855,2.45778],[36.69633,2.454],[36.70357,2.4787],[36.70053,2.51226],[36.70938,2.50757],[36.75919,2.51476],[36.84455,2.27496],[36.86459,2.25445],[36.89489,2.19273],[36.91379,2.12637],[36.92173,2.06016],[36.91633,2.01916],[36.94879,2.02648],[36.99727,1.99976],[37.01135,1.98443],[37.07536,1.98253],[37.12286,1.96714],[37.16122,1.96458],[37.16393,1.94017],[37.18107,1.91807],[37.21957,1.89139],[37.23326,1.87258],[37.27403,1.8699],[37.30533,1.75157],[37.35879,1.72955],[37.40893,1.65029],[37.47416,1.55137],[37.49987,1.50055],[37.55889,1.39611],[37.58831,1.36802],[37.59967,1.39074],[37.62307,1.37757],[37.6477,1.39833],[37.65872,1.3949],[37.74783,1.41301],[37.77822,1.41155],[37.84305,1.42555],[37.85349,1.45916],[37.95167,1.38733],[37.9463,1.26343],[38.24128,1.49995],[38.3412,1.57799],[38.384,1.76146],[38.62893,1.90323]]]},"properties":{"shapeName":"Laisamis","shapeID":"3690345B46270372847124","shapeGroup":"KEN","shapeType":"ADM2","name":"Laisamis","code":"3690345B46270372847124"}},{"type":"Feature","geometry":{"type":"MultiPolygon","coordinates":[[[[41.13232,-2.09509],[41.12671,-2.10828],[41.1521,-2.11462],[41.13232,-2.09509]]],[[[41.10352,-2.05267],[41.08447,-2.05109],[41.07373,-2.08002],[41.04547,-2.08643],[41.00409,-2.11517],[40.9903,-2.10101],[40.97168,-2.10822],[40.98511,-2.13348],[41.03149,-2.1134],[41.05212,-2.11157],[41.05652,-2.1366],[41.08331,-2.12921],[41.09332,-2.1402],[41.1131,-2.133],[41.09448,-2.09967],[41.1123,-2.08032],[41.13989,-2.09589],[41.15729,-2.09222],[41.15973,-2.07391],[41.13751,-2.07379],[41.10352,-2.05267]]],[[[41.25812,-2.02722],[41.29608,-1.97308],[41.2619,-2.01361],[41.25812,-2.02722]]],[[[40.73572,-1.7948],[40.75891,-1.83191],[40.74908,-1.87598],[40.75592,-1.89331],[40.74371,-1.92181],[40.76111,-1.94186],[40.86591,-1.96472],[40.8689,-1.98907],[40.90527,-1.99329],[40.92133,-2.0105],[40.95868,-1.98431],[40.95172,-1.94312],[40.97308,-1.92798],[40.99329,-1.89331],[41.00928,-1.89172],[41.03247,-1.8689],[41.03748,-1.88062],[40.99768,-1.9165],[40.9715,-1.94733],[40.97949,-1.95923],[40.9715,-1.99341],[40.98907,-2.01007],[40.99249,-2.0354],[41.00732,-2.03101],[41.01453,-2.04779],[41.02972,-2.04242],[41.04248,-2.01721],[41.06372,-2.00189],[41.0545,-1.98187],[41.0979,-1.96252],[41.10211,-1.97162],[41.14673,-1.93762],[41.14471,-1.93188],[41.20172,-1.89392],[41.2323,-1.92621],[41.21649,-1.94019],[41.22809,-1.95251],[41.24048,-1.93481],[41.25909,-1.93982],[41.25629,-1.98138],[41.2995,-1.94672],[41.31909,-1.91302],[41.3653,-1.86731],[41.37207,-1.84662],[41.39771,-1.81171],[41.46289,-1.7442],[41.49213,-1.70068],[41.53131,-1.66132],[41.5097,-1.66192],[41.16353,-1.6919],[40.8927,-1.71632],[40.74071,-1.7905],[40.73572,-1.7948]]]]},"properties":{"shapeName":"Lamu East","shapeID":"3690345B14280875758697","shapeGroup":"KEN","shapeType":"ADM2","name":"Lamu East","code":"3690345B14280875758697"}},{"type":"Feature","geometry":{"type":"MultiPolygon","coordinates":[[[[40.89508,-2.25568],[40.85107,-2.25751],[40.8147,-2.29279],[40.81512,-2.3327],[40.84613,-2.31152],[40.88593,-2.2951],[40.91528,-2.29291],[40.89508,-2.25568]]],[[[40.98492,-2.25702],[40.97412,-2.22461],[40.97247,-2.24957],[40.94708,-2.23242],[40.93768,-2.23932],[40.90289,-2.22278],[40.90973,-2.25439],[40.92853,-2.2807],[40.9563,-2.29498],[40.92651,-2.29053],[40.91248,-2.30829],[40.92511,-2.3197],[40.95612,-2.30823],[40.98492,-2.25702]]],[[[40.73631,-2.45583],[40.76752,-2.45148],[40.78052,-2.42468],[40.82452,-2.38861],[40.81732,-2.35742],[40.7973,-2.34583],[40.78009,-2.38361],[40.77893,-2.36603],[40.75952,-2.31891],[40.72809,-2.30627],[40.70313,-2.30682],[40.6947,-2.29303],[40.7077,-2.27472],[40.7395,-2.26788],[40.7085,-2.2641],[40.7265,-2.2384],[40.76208,-2.25531],[40.77008,-2.24219],[40.78387,-2.26141],[40.80408,-2.23761],[40.82892,-2.22821],[40.83112,-2.24341],[40.87811,-2.22229],[40.86969,-2.20239],[40.91888,-2.22101],[40.91809,-2.1604],[40.91089,-2.12952],[40.91168,-2.09119],[40.89948,-2.07349],[40.85431,-2.07111],[40.89911,-2.04687],[40.89771,-2.01062],[40.86292,-2.02081],[40.8299,-2.01862],[40.87329,-2.00562],[40.83569,-1.97931],[40.80627,-1.97461],[40.7785,-1.94818],[40.76111,-1.94186],[40.74371,-1.92181],[40.75592,-1.89331],[40.74908,-1.87598],[40.75891,-1.83191],[40.73572,-1.7948],[40.71441,-1.80294],[40.50027,-1.9067],[40.40333,-1.94726],[40.21218,-2.03565],[40.25035,-2.24818],[40.25042,-2.39669],[40.34649,-2.39863],[40.35722,-2.41461],[40.40721,-2.43016],[40.44272,-2.40932],[40.44369,-2.39939],[40.66332,-2.46637],[40.73631,-2.45583]]]]},"properties":{"shapeName":"Lamu West","shapeID":"3690345B28138832354018","shapeGroup":"KEN","shapeType":"ADM2","name":"Lamu West","code":"3690345B28138832354018"}},{"type":"Feature","geometry":{"type":"Polygon","coordinates":[[[36.67829,-1.29794],[36.66599,-1.31217],[36.6928,-1.35065],[36.70219,-1.34948],[36.74886,-1.38223],[36.80558,-1.38684],[36.81996,-1.38103],[36.88986,-1.41225],[36.95557,-1.4349],[36.94257,-1.40208],[36.92272,-1.39202],[36.91351,-1.37084],[36.84025,-1.31853],[36.82329,-1.29718],[36.7942,-1.31746],[36.74743,-1.30109],[36.7312,-1.30594],[36.67829,-1.29794]]]},"properties":{"shapeName":"Langata","shapeID":"3690345B52672237617144","shapeGroup":"KEN","shapeType":"ADM2","name":"Langata","code":"3690345B52672237617144"}},{"type":"Feature","geometry":{"type":"Polygon","coordinates":[[[36.72216,-0.80448],[36.68684,-0.76192],[36.67182,-0.75663],[36.6446,-0.77097],[36.67387,-0.77637],[36.62197,-0.82571],[36.58876,-0.82587],[36.60113,-0.86202],[36.58948,-0.88658],[36.5544,-0.91858],[36.57265,-0.92967],[36.59823,-0.99068],[36.58844,-1.03632],[36.59115,-1.06198],[36.60941,-1.07358],[36.62854,-1.05995],[36.65956,-1.07145],[36.6749,-1.06044],[36.70535,-1.04138],[36.74111,-1.04952],[36.77728,-1.03432],[36.80467,-1.04212],[36.80354,-1.02119],[36.77026,-0.98901],[36.77446,-0.9789],[36.72712,-0.95418],[36.74219,-0.93539],[36.73759,-0.91514],[36.68343,-0.86925],[36.65647,-0.87346],[36.65652,-0.84445],[36.65737,-0.80824],[36.70939,-0.82615],[36.74643,-0.82553],[36.72216,-0.80448]]]},"properties":{"shapeName":"Lari","shapeID":"3690345B40431411925250","shapeGroup":"KEN","shapeType":"ADM2","name":"Lari","code":"3690345B40431411925250"}},{"type":"Feature","geometry":{"type":"Polygon","coordinates":[[[39.64268,-4.15244],[39.67418,-4.09112],[39.63708,-4.05646],[39.59219,-4.06314],[39.58134,-4.11249],[39.59584,-4.1137],[39.60693,-4.08761],[39.63293,-4.1175],[39.62601,-4.14152],[39.64268,-4.15244]]]},"properties":{"shapeName":"Likoni","shapeID":"3690345B67191049823154","shapeGroup":"KEN","shapeType":"ADM2","name":"Likoni","code":"3690345B67191049823154"}},{"type":"Feature","geometry":{"type":"Polygon","coordinates":[[[35.01885,0.8877],[35.01382,0.86115],[35.02464,0.83252],[35.04131,0.8211],[35.06757,0.78444],[35.06258,0.76301],[35.05463,0.74937],[35.05328,0.70805],[35.03873,0.68851],[35.0412,0.64051],[35.08615,0.63034],[35.10379,0.64777],[35.15461,0.6652],[35.15538,0.74143],[35.14442,0.74093],[35.1448,0.82845],[35.12588,0.82925],[35.11372,0.88297],[35.10098,0.87572],[35.07387,0.90033],[35.05151,0.90339],[35.01885,0.8877]]]},"properties":{"shapeName":"Likuyani","shapeID":"3690345B37507144009314","shapeGroup":"KEN","shapeType":"ADM2","name":"Likuyani","code":"3690345B37507144009314"}},{"type":"Feature","geometry":{"type":"Polygon","coordinates":[[[36.6749,-1.06044],[36.65956,-1.07145],[36.62854,-1.05995],[36.60941,-1.07358],[36.59115,-1.06198],[36.56989,-1.10052],[36.5451,-1.12387],[36.53675,-1.15258],[36.51262,-1.23957],[36.57224,-1.22534],[36.61272,-1.22033],[36.60709,-1.18051],[36.61962,-1.15724],[36.65476,-1.15879],[36.65008,-1.17455],[36.71199,-1.18457],[36.74464,-1.1431],[36.72388,-1.12101],[36.73456,-1.10504],[36.70751,-1.07858],[36.67481,-1.07776],[36.6749,-1.06044]]]},"properties":{"shapeName":"Limuru","shapeID":"3690345B52223496040180","shapeGroup":"KEN","shapeType":"ADM2","name":"Limuru","code":"3690345B52223496040180"}},{"type":"Feature","geometry":{"type":"Polygon","coordinates":[[[35.30575,2.36738],[35.33868,2.40009],[35.39392,2.43848],[35.38593,2.45728],[35.39789,2.4931],[35.38242,2.51819],[35.38611,2.5668],[35.37292,2.59448],[35.42688,2.58289],[35.43768,2.56311],[35.46841,2.5766],[35.47931,2.66553],[35.46307,2.71912],[35.4599,2.78571],[35.4679,2.82507],[35.5387,2.80151],[35.56628,2.87189],[35.58331,2.89191],[35.59613,2.92609],[35.6131,2.93488],[35.63892,2.96808],[35.65167,2.99847],[35.62207,3.03027],[35.61652,3.05829],[35.58411,3.08289],[35.54932,3.13531],[35.58411,3.18268],[35.60669,3.20007],[35.59192,3.20691],[35.59888,3.24469],[35.56091,3.26727],[35.55511,3.3277],[35.47589,3.41528],[35.47491,3.4953],[35.45319,3.5029],[35.43684,3.52379],[35.38879,3.52808],[35.3623,3.52249],[35.34009,3.55469],[35.32126,3.61855],[35.27869,3.62207],[35.25018,3.63742],[35.18262,3.65192],[35.13507,3.58209],[35.11768,3.51147],[35.12119,3.4238],[35.14172,3.38373],[35.16858,3.36731],[35.10052,3.33771],[34.97333,3.37769],[34.98413,3.45428],[34.97931,3.4953],[34.83551,3.50409],[34.80573,3.44971],[34.77307,3.36591],[34.77448,3.34308],[34.74829,3.30627],[34.74591,3.27728],[34.70728,3.25409],[34.70068,3.21771],[34.67651,3.17828],[34.68591,3.13647],[34.6853,3.08752],[34.64093,3.05811],[34.61987,3.03351],[34.60028,3.03668],[34.57953,3.01508],[34.59949,2.92291],[34.64032,2.90472],[34.65369,2.86469],[34.69232,2.85992],[34.70227,2.87512],[34.73712,2.85211],[34.74969,2.82349],[34.76648,2.82013],[34.78387,2.74048],[34.77509,2.69629],[34.78949,2.68188],[34.79871,2.65332],[34.8299,2.61932],[34.85272,2.58148],[34.87872,2.57068],[34.87988,2.5871],[34.89728,2.58551],[34.9129,2.51508],[34.93231,2.51489],[34.95313,2.45892],[34.94522,2.45465],[34.97023,2.44428],[35.02556,2.4326],[35.01933,2.45673],[35.0197,2.50904],[35.05551,2.5637],[35.0595,2.60685],[35.08112,2.63542],[35.11263,2.65266],[35.15528,2.6303],[35.17846,2.59806],[35.18687,2.57152],[35.21288,2.54249],[35.21545,2.49626],[35.23228,2.44712],[35.29171,2.42852],[35.3031,2.39907],[35.30575,2.36738]]]},"properties":{"shapeName":"Loima","shapeID":"3690345B72596484741491","shapeGroup":"KEN","shapeType":"ADM2","name":"Loima","code":"3690345B72596484741491"}},{"type":"Feature","geometry":{"type":"Polygon","coordinates":[[[34.5599,0.04802],[34.54947,0.03533],[34.53303,-0.01414],[34.56408,-0.01804],[34.56525,-0.03985],[34.58304,-0.0313],[34.60248,0.01334],[34.62542,0.00447],[34.64451,0.01803],[34.67339,0.06744],[34.67281,0.08174],[34.61322,0.06262],[34.61439,0.04858],[34.58647,0.04401],[34.58382,0.02949],[34.5599,0.04802]]]},"properties":{"shapeName":"Luanda","shapeID":"3690345B72511409589589","shapeGroup":"KEN","shapeType":"ADM2","name":"Luanda","code":"3690345B72511409589589"}},{"type":"Feature","geometry":{"type":"Polygon","coordinates":[[[35.06258,0.76301],[35.04446,0.76168],[35.02164,0.7442],[34.97721,0.75727],[34.94015,0.74094],[34.92205,0.72396],[34.92917,0.71234],[34.91001,0.68708],[34.86262,0.68533],[34.84317,0.66737],[34.83222,0.62673],[34.79946,0.60007],[34.81035,0.59012],[34.7709,0.56605],[34.74979,0.54048],[34.72066,0.50878],[34.70258,0.5085],[34.68841,0.48657],[34.73993,0.48019],[34.75328,0.50763],[34.78028,0.52888],[34.79268,0.52462],[34.81933,0.57587],[34.84989,0.58028],[34.89562,0.60322],[34.92046,0.5927],[34.9435,0.60874],[34.96294,0.61023],[35.00039,0.63917],[35.02727,0.61442],[35.0412,0.64051],[35.03873,0.68851],[35.05328,0.70805],[35.05463,0.74937],[35.06258,0.76301]]]},"properties":{"shapeName":"Lugari","shapeID":"3690345B14512896386362","shapeGroup":"KEN","shapeType":"ADM2","name":"Lugari","code":"3690345B14512896386362"}},{"type":"Feature","geometry":{"type":"MultiPolygon","coordinates":[[[[39.36432,-4.65521],[39.35229,-4.66718],[39.40393,-4.6676],[39.36432,-4.65521]]],[[[39.45508,-4.5578],[39.4325,-4.55182],[39.43652,-4.58752],[39.44952,-4.58191],[39.45508,-4.5578]]],[[[38.6079,-4.25088],[39.01068,-4.5329],[39.21991,-4.67639],[39.20972,-4.64642],[39.22528,-4.61121],[39.25787,-4.59778],[39.23907,-4.56848],[39.27948,-4.58289],[39.29608,-4.56738],[39.32068,-4.56787],[39.31073,-4.60492],[39.32233,-4.60919],[39.30829,-4.62952],[39.38531,-4.64648],[39.40668,-4.64087],[39.38953,-4.58801],[39.38049,-4.5379],[39.39728,-4.55157],[39.42688,-4.53638],[39.42389,-4.51471],[39.44531,-4.50647],[39.46289,-4.53009],[39.47157,-4.4981],[39.45565,-4.47692],[39.43682,-4.49499],[39.41584,-4.48126],[39.38808,-4.4931],[39.3604,-4.44727],[39.3495,-4.4494],[39.33879,-4.41439],[39.32085,-4.40485],[39.27175,-4.38581],[39.24425,-4.39676],[39.21543,-4.37735],[39.18274,-4.38389],[39.17412,-4.34609],[39.1597,-4.32637],[39.1392,-4.31721],[39.12748,-4.29704],[39.12883,-4.25631],[39.07951,-4.22336],[39.08878,-4.20989],[39.07189,-4.19472],[39.06246,-4.21053],[39.05295,-4.19346],[39.02503,-4.22585],[38.99396,-4.21163],[39.00024,-4.25096],[38.6079,-4.25088]]]]},"properties":{"shapeName":"Lunga Lunga","shapeID":"3690345B53478860661951","shapeGroup":"KEN","shapeType":"ADM2","name":"Lunga Lunga","code":"3690345B53478860661951"}},{"type":"Feature","geometry":{"type":"Polygon","coordinates":[[[34.60946,0.18825],[34.63639,0.19921],[34.63093,0.23433],[34.69954,0.26368],[34.71244,0.24572],[34.73437,0.25927],[34.77309,0.25807],[34.77696,0.28301],[34.79217,0.29389],[34.78571,0.32569],[34.7959,0.33603],[34.77404,0.36255],[34.7525,0.34421],[34.72167,0.34033],[34.70265,0.30599],[34.67461,0.29813],[34.65383,0.30687],[34.62885,0.29173],[34.61153,0.27826],[34.60704,0.24025],[34.61529,0.22594],[34.60946,0.18825]]]},"properties":{"shapeName":"Lurambi","shapeID":"3690345B89314071613008","shapeGroup":"KEN","shapeType":"ADM2","name":"Lurambi","code":"3690345B89314071613008"}},{"type":"Feature","geometry":{"type":"Polygon","coordinates":[[[37.79479,-0.18766],[37.79059,-0.16758],[37.76844,-0.15568],[37.75258,-0.18298],[37.72234,-0.20269],[37.6453,-0.21334],[37.57992,-0.18013],[37.398,-0.16161],[37.30781,-0.14957],[37.61003,-0.30363],[37.63727,-0.31018],[37.66716,-0.29896],[37.71856,-0.31896],[37.73405,-0.29621],[37.78306,-0.29465],[37.80449,-0.3097],[37.84434,-0.2624],[37.79479,-0.18766]]]},"properties":{"shapeName":"Maara","shapeID":"3690345B56364567140536","shapeGroup":"KEN","shapeType":"ADM2","name":"Maara","code":"3690345B56364567140536"}},{"type":"Feature","geometry":{"type":"Polygon","coordinates":[[[37.41295,-1.68814],[37.38205,-1.63507],[37.36396,-1.58981],[37.33508,-1.55988],[37.35011,-1.54834],[37.35629,-1.52218],[37.31401,-1.4979],[37.30457,-1.50459],[37.27519,-1.42273],[37.25752,-1.40373],[37.26314,-1.38594],[37.22039,-1.40118],[37.21919,-1.35918],[37.20789,-1.35988],[37.18694,-1.39971],[37.20169,-1.4195],[37.18952,-1.42361],[37.1949,-1.4517],[37.17953,-1.45947],[37.1883,-1.47741],[37.16972,-1.4828],[37.15859,-1.50452],[37.14144,-1.50813],[37.14348,-1.53123],[37.17106,-1.53136],[37.17668,-1.55302],[37.16571,-1.57481],[37.1397,-1.56161],[37.029,-1.62288],[37.11164,-1.73326],[37.14746,-1.7375],[37.1571,-1.7765],[37.19664,-1.71994],[37.19201,-1.65271],[37.17508,-1.6169],[37.22908,-1.59196],[37.25146,-1.59192],[37.25231,-1.63552],[37.27208,-1.6681],[37.26496,-1.68027],[37.28928,-1.6984],[37.28808,-1.71151],[37.31311,-1.7009],[37.37349,-1.7049],[37.41295,-1.68814]]]},"properties":{"shapeName":"Machakos Town","shapeID":"3690345B82288903067354","shapeGroup":"KEN","shapeType":"ADM2","name":"Machakos Town","code":"3690345B82288903067354"}},{"type":"Feature","geometry":{"type":"Polygon","coordinates":[[[39.7154,-3.19294],[39.6897,-3.13793],[39.73711,-3.11958],[39.76505,-3.12753],[39.81541,-3.10409],[39.83158,-3.10962],[39.86788,-3.15951],[39.8904,-3.16169],[39.91908,-3.17853],[39.92305,-3.19418],[39.95429,-3.19056],[39.97627,-3.17428],[39.9864,-3.14155],[40.00711,-3.15438],[40.02977,-3.148],[40.04152,-3.1599],[40.07716,-3.16195],[40.07642,-3.18817],[40.12092,-3.20827],[40.12508,-3.18765],[40.16285,-3.1309],[40.16028,-3.07691],[40.16942,-3.05311],[40.19555,-3.02798],[40.20415,-3.00587],[40.23997,-2.98618],[40.23792,-2.97582],[40.21255,-2.99123],[40.19,-2.98429],[40.16479,-2.94793],[40.17362,-2.8849],[40.17119,-2.8569],[40.18498,-2.81677],[40.18529,-2.76686],[40.19479,-2.74179],[40.18256,-2.72096],[39.89215,-2.30911],[39.7222,-2.50301],[39.51375,-2.73882],[39.21905,-3.06926],[39.14648,-3.34201],[39.43392,-3.34965],[39.44762,-3.25668],[39.50592,-3.25707],[39.68996,-3.18576],[39.7154,-3.19294]]]},"properties":{"shapeName":"Magarini","shapeID":"3690345B44163293085628","shapeGroup":"KEN","shapeType":"ADM2","name":"Magarini","code":"3690345B44163293085628"}},{"type":"Feature","geometry":{"type":"Polygon","coordinates":[[[36.88573,-1.29238],[36.88165,-1.27463],[36.86452,-1.28084],[36.84019,-1.28956],[36.85594,-1.31388],[36.88864,-1.30421],[36.88573,-1.29238]]]},"properties":{"shapeName":"Makadara","shapeID":"3690345B46803652809232","shapeGroup":"KEN","shapeType":"ADM2","name":"Makadara","code":"3690345B46803652809232"}},{"type":"Feature","geometry":{"type":"Polygon","coordinates":[[[37.46085,-1.88346],[37.46456,-1.89568],[37.44365,-1.91278],[37.43036,-1.94344],[37.4067,-1.9672],[37.39607,-2.00895],[37.42003,-2.01414],[37.42855,-2.03544],[37.44148,-2.02949],[37.46978,-2.04457],[37.45809,-2.07588],[37.53362,-2.10578],[37.54429,-2.12439],[37.56477,-2.12693],[37.59254,-2.1528],[37.61956,-2.16089],[37.66379,-2.15534],[37.68398,-2.16193],[37.70355,-2.15788],[37.70037,-2.13894],[37.7158,-2.10526],[37.7469,-2.08001],[37.78742,-2.08921],[37.79217,-2.10629],[37.81654,-2.11646],[37.85611,-2.11365],[37.87452,-2.12972],[37.92038,-2.12798],[37.96347,-2.14429],[37.95379,-2.13284],[37.96036,-2.07896],[37.95127,-2.03745],[37.92853,-1.99543],[37.90938,-1.93258],[37.91871,-1.90301],[37.9058,-1.9022],[37.90226,-1.87799],[37.88769,-1.85904],[37.8929,-1.84147],[37.84745,-1.79629],[37.83906,-1.77839],[37.81644,-1.7837],[37.80009,-1.77029],[37.7789,-1.77623],[37.74627,-1.76748],[37.72193,-1.77492],[37.69771,-1.75304],[37.676,-1.76074],[37.65614,-1.75441],[37.61489,-1.77474],[37.59704,-1.76606],[37.58391,-1.77672],[37.56187,-1.76938],[37.51226,-1.80474],[37.4705,-1.84926],[37.46085,-1.88346]]]},"properties":{"shapeName":"Makueni","shapeID":"3690345B23299491685856","shapeGroup":"KEN","shapeType":"ADM2","name":"Makueni","code":"3690345B23299491685856"}},{"type":"Feature","geometry":{"type":"Polygon","coordinates":[[[34.73993,0.48019],[34.74835,0.46493],[34.71027,0.41632],[34.72391,0.39401],[34.75506,0.38955],[34.77404,0.36255],[34.7959,0.33603],[34.81835,0.33894],[34.85487,0.37071],[34.87526,0.3671],[34.88192,0.38303],[34.90864,0.39832],[34.9379,0.39034],[34.94958,0.35775],[34.95607,0.41721],[34.90722,0.50565],[34.85214,0.54781],[34.89562,0.60322],[34.84989,0.58028],[34.81933,0.57587],[34.79268,0.52462],[34.78028,0.52888],[34.75328,0.50763],[34.73993,0.48019]]]},"properties":{"shapeName":"Malava","shapeID":"3690345B31807063616851","shapeGroup":"KEN","shapeType":"ADM2","name":"Malava","code":"3690345B31807063616851"}},{"type":"Feature","geometry":{"type":"Polygon","coordinates":[[[39.80873,-3.29257],[39.91776,-3.36018],[39.91785,-3.25065],[39.97882,-3.24687],[39.98671,-3.21396],[40.00894,-3.22],[40.01237,-3.24337],[40.03935,-3.2538],[40.05462,-3.2806],[40.12237,-3.28009],[40.13217,-3.25301],[40.12092,-3.20827],[40.07642,-3.18817],[40.07716,-3.16195],[40.04152,-3.1599],[40.02977,-3.148],[40.00711,-3.15438],[39.9864,-3.14155],[39.97627,-3.17428],[39.95429,-3.19056],[39.92305,-3.19418],[39.91908,-3.17853],[39.8904,-3.16169],[39.86788,-3.15951],[39.83158,-3.10962],[39.81541,-3.10409],[39.76505,-3.12753],[39.73711,-3.11958],[39.6897,-3.13793],[39.7154,-3.19294],[39.75928,-3.20641],[39.74174,-3.25127],[39.76912,-3.24632],[39.81523,-3.20775],[39.82473,-3.23155],[39.80456,-3.28054],[39.80873,-3.29257]]]},"properties":{"shapeName":"Malindi","shapeID":"3690345B29695103199893","shapeGroup":"KEN","shapeType":"ADM2","name":"Malindi","code":"3690345B29695103199893"}},{"type":"Feature","geometry":{"type":"Polygon","coordinates":[[[41.48382,3.37501],[41.67912,3.65212],[41.79562,3.81912],[41.82592,3.85932],[41.90602,3.97572],[41.85442,3.96122],[41.83562,3.94632],[41.80012,3.95962],[41.79422,3.98342],[41.75382,3.97642],[41.75442,3.98472],[41.71772,3.99592],[41.68262,3.97932],[41.67722,3.96152],[41.62722,3.98572],[41.61842,3.97632],[41.56562,3.97262],[41.54952,3.98662],[41.51512,3.95692],[41.50042,3.97092],[41.48252,3.95742],[41.43972,3.95982],[41.42072,3.95162],[41.39832,3.96662],[41.36072,3.95581],[41.37262,3.93141],[41.36698,3.89665],[41.34762,3.87621],[41.34272,3.82681],[41.35522,3.79571],[41.34322,3.77611],[41.31497,3.70651],[41.25612,3.61131],[41.25342,3.59141],[41.28142,3.55291],[41.28432,3.53561],[41.30622,3.53101],[41.31492,3.51461],[41.34482,3.51551],[41.35782,3.49721],[41.39382,3.48961],[41.48382,3.37501]]]},"properties":{"shapeName":"Mandera East","shapeID":"3690345B2279611832844","shapeGroup":"KEN","shapeType":"ADM2","name":"Mandera East","code":"3690345B2279611832844"}},{"type":"Feature","geometry":{"type":"Polygon","coordinates":[[[40.30744,3.7244],[40.30684,3.70384],[40.28993,3.65187],[40.28662,3.61265],[40.31642,3.54938],[40.33081,3.49997],[40.33042,3.45288],[40.33663,3.42956],[40.36153,3.38986],[40.4176,3.33966],[40.44123,3.32915],[40.48984,3.34226],[40.5158,3.32964],[40.55862,3.33676],[40.57432,3.31025],[40.61331,3.30717],[40.65553,3.28616],[40.68379,3.25834],[40.70757,3.21869],[40.71928,3.24941],[40.74639,3.24427],[40.80306,3.2634],[40.82197,3.2515],[40.84387,3.25677],[40.86515,3.24827],[40.86356,3.19718],[40.8857,3.09137],[40.91305,3.09687],[40.92446,3.11877],[40.93779,3.11855],[40.92801,3.13321],[40.92169,3.17143],[40.94959,3.20546],[40.98062,3.21852],[40.98664,3.24431],[40.95364,3.27619],[40.93977,3.30533],[40.94218,3.32972],[40.89175,3.3305],[40.91402,3.39219],[40.96657,3.4312],[40.954,3.47352],[40.97071,3.51952],[40.99589,3.56434],[40.99594,3.60391],[41.04561,3.65101],[41.07221,3.66475],[41.10367,3.70866],[41.12104,3.71669],[41.14869,3.75509],[41.18486,3.78663],[41.23331,3.8755],[41.24604,3.8788],[41.24604,3.92161],[41.28097,3.95554],[41.21625,3.95475],[41.19614,3.93757],[41.14011,3.96345],[41.105,4.00712],[41.07209,4.02738],[41.04191,4.07646],[41.02099,4.08169],[41.00086,4.11017],[40.97955,4.11594],[40.95129,4.09232],[40.91259,4.0995],[40.84559,4.05146],[40.81951,4.0408],[40.79467,4.01546],[40.75068,4.01578],[40.7335,4.00493],[40.73442,3.94943],[40.68789,3.92189],[40.67261,3.87391],[40.67626,3.86316],[40.64873,3.8613],[40.60584,3.8728],[40.59252,3.86063],[40.51208,3.86265],[40.43756,3.87856],[40.4219,3.84502],[40.39188,3.80304],[40.3659,3.74252],[40.34816,3.72751],[40.33633,3.7556],[40.32427,3.75288],[40.30744,3.7244]]]},"properties":{"shapeName":"Mandera North","shapeID":"3690345B80624826839047","shapeGroup":"KEN","shapeType":"ADM2","name":"Mandera North","code":"3690345B80624826839047"}},{"type":"Feature","geometry":{"type":"Polygon","coordinates":[[[40.93779,3.11855],[40.92446,3.11877],[40.91305,3.09687],[40.8857,3.09137],[40.86356,3.19718],[40.86515,3.24827],[40.84387,3.25677],[40.82197,3.2515],[40.80306,3.2634],[40.74639,3.24427],[40.71928,3.24941],[40.70757,3.21869],[40.68379,3.25834],[40.63229,3.25117],[40.57994,3.19537],[40.56789,3.14767],[40.55464,3.13967],[40.53484,3.10497],[40.52594,3.07097],[40.50659,3.02827],[40.43739,3.02007],[40.40099,3.00855],[40.33284,2.99742],[40.26368,2.97997],[40.27016,2.97178],[40.49296,2.86853],[40.50106,2.78728],[40.51866,2.77778],[40.51986,2.74008],[40.49986,2.71998],[40.51946,2.69628],[40.55986,2.58898],[40.57931,2.54958],[40.57926,2.53023],[40.59676,2.51308],[40.61346,2.46418],[40.64096,2.43698],[40.66386,2.42488],[40.66551,2.39103],[40.71036,2.34913],[40.72253,2.32522],[40.73776,2.31408],[40.77446,2.31403],[40.80116,2.29168],[40.83286,2.28813],[40.85726,2.26258],[40.86726,2.23568],[40.92036,2.18798],[40.95066,2.17618],[40.99091,2.17858],[40.99287,2.24239],[40.99367,2.49849],[40.99237,2.66009],[40.99387,2.82529],[41.18289,3.0105],[40.98524,3.0864],[40.95069,3.0976],[40.93779,3.11855]]]},"properties":{"shapeName":"Mandera South","shapeID":"3690345B27349371945501","shapeGroup":"KEN","shapeType":"ADM2","name":"Mandera South","code":"3690345B27349371945501"}},{"type":"Feature","geometry":{"type":"Polygon","coordinates":[[[39.99021,3.93289],[39.86532,3.86786],[39.78514,3.69531],[39.78595,3.33627],[40.03354,3.23726],[40.04374,3.22836],[40.16984,3.09066],[40.26368,2.97997],[40.33284,2.99742],[40.40099,3.00855],[40.43739,3.02007],[40.50659,3.02827],[40.52594,3.07097],[40.53484,3.10497],[40.55464,3.13967],[40.56789,3.14767],[40.57994,3.19537],[40.63229,3.25117],[40.68379,3.25834],[40.65553,3.28616],[40.61331,3.30717],[40.57432,3.31025],[40.55862,3.33676],[40.5158,3.32964],[40.48984,3.34226],[40.44123,3.32915],[40.4176,3.33966],[40.36153,3.38986],[40.33663,3.42956],[40.33042,3.45288],[40.33081,3.49997],[40.31642,3.54938],[40.28662,3.61265],[40.28993,3.65187],[40.30684,3.70384],[40.30744,3.7244],[40.29331,3.76289],[40.27816,3.77159],[40.25701,3.75759],[40.24161,3.72599],[40.23376,3.73529],[40.23781,3.76924],[40.22091,3.73654],[40.19121,3.71324],[40.13981,3.74884],[40.10727,3.74182],[40.09811,3.75664],[40.10911,3.80639],[40.09796,3.82969],[40.03791,3.85484],[40.01271,3.88159],[40.01746,3.90189],[39.99021,3.93289]]]},"properties":{"shapeName":"Mandera West","shapeID":"3690345B48276245407304","shapeGroup":"KEN","shapeType":"ADM2","name":"Mandera West","code":"3690345B48276245407304"}},{"type":"Feature","geometry":{"type":"Polygon","coordinates":[[[37.54774,-0.53884],[37.56627,-0.52069],[37.59948,-0.51589],[37.55763,-0.50017],[37.54365,-0.45331],[37.53255,-0.4698],[37.50761,-0.46314],[37.48943,-0.44119],[37.48119,-0.3973],[37.4976,-0.38788],[37.47404,-0.34554],[37.30781,-0.14957],[37.42495,-0.42089],[37.42704,-0.50928],[37.4478,-0.53871],[37.47155,-0.55531],[37.48523,-0.58151],[37.47797,-0.59407],[37.51032,-0.56645],[37.54101,-0.55644],[37.54774,-0.53884]]]},"properties":{"shapeName":"Manyatta","shapeID":"3690345B28172026836823","shapeGroup":"KEN","shapeType":"ADM2","name":"Manyatta","code":"3690345B28172026836823"}},{"type":"Feature","geometry":{"type":"Polygon","coordinates":[[[37.31894,-0.91928],[37.2822,-0.89676],[37.25226,-0.86117],[37.2255,-0.85222],[37.23318,-0.83711],[37.25848,-0.83723],[37.26767,-0.78528],[37.26522,-0.78425],[37.21908,-0.76433],[37.19538,-0.76333],[37.19217,-0.74899],[37.15456,-0.74537],[37.14409,-0.76095],[37.11127,-0.7698],[37.09275,-0.76482],[37.08504,-0.78315],[37.04299,-0.77141],[37.01971,-0.77697],[37.01469,-0.80139],[37.05082,-0.81863],[37.08881,-0.82847],[37.11189,-0.82031],[37.13672,-0.825],[37.14075,-0.87175],[37.12551,-0.88496],[37.16433,-0.8794],[37.11895,-0.89833],[37.12614,-0.91625],[37.11933,-0.94295],[37.1007,-0.96019],[37.12197,-0.97928],[37.13585,-1.00597],[37.14732,-0.98762],[37.15811,-0.99858],[37.20422,-1.00857],[37.22803,-0.99744],[37.21244,-0.97834],[37.23034,-0.98223],[37.24494,-0.96657],[37.29185,-0.95624],[37.28667,-0.94294],[37.31894,-0.91928]]]},"properties":{"shapeName":"Maragwa","shapeID":"3690345B66962140424276","shapeGroup":"KEN","shapeType":"ADM2","name":"Maragwa","code":"3690345B66962140424276"}},{"type":"Feature","geometry":{"type":"Polygon","coordinates":[[[35.64126,1.02195],[35.67058,1.04305],[35.67267,1.07407],[35.69928,1.10635],[35.70558,1.13465],[35.70528,1.17875],[35.69713,1.21585],[35.70718,1.27055],[35.69518,1.28865],[35.69736,1.31876],[35.63175,1.30135],[35.60635,1.27928],[35.57923,1.29213],[35.54451,1.28706],[35.46714,1.22524],[35.42288,1.1878],[35.42238,1.17765],[35.45998,1.16465],[35.47248,1.14455],[35.46778,1.12405],[35.45021,1.12935],[35.44828,1.07545],[35.45365,1.03997],[35.47528,1.02365],[35.46863,1.00055],[35.49308,0.99945],[35.51018,0.97455],[35.51478,0.94985],[35.54928,0.98415],[35.56258,1.02355],[35.59158,1.01745],[35.64126,1.02195]]]},"properties":{"shapeName":"Marakwet East","shapeID":"3690345B26983318491135","shapeGroup":"KEN","shapeType":"ADM2","name":"Marakwet East","code":"3690345B26983318491135"}},{"type":"Feature","geometry":{"type":"Polygon","coordinates":[[[35.63828,0.967],[35.63354,0.99411],[35.64126,1.02195],[35.59158,1.01745],[35.56258,1.02355],[35.54928,0.98415],[35.51478,0.94985],[35.51018,0.97455],[35.49308,0.99945],[35.46863,1.00055],[35.47528,1.02365],[35.45365,1.03997],[35.44828,1.07545],[35.45021,1.12935],[35.46778,1.12405],[35.47248,1.14455],[35.45998,1.16465],[35.42238,1.17765],[35.42288,1.1878],[35.35748,1.13375],[35.32529,1.11995],[35.15162,1.20057],[35.20207,1.11824],[35.21769,1.11685],[35.24213,1.07532],[35.31298,1.03797],[35.36197,1.02067],[35.34347,1.00597],[35.35232,0.9808],[35.33743,0.96972],[35.34386,0.94896],[35.35965,0.94592],[35.37761,0.93822],[35.38558,0.94605],[35.42044,0.93963],[35.41598,0.90935],[35.4686,0.90201],[35.45615,0.87829],[35.48838,0.87785],[35.49038,0.84652],[35.54258,0.86985],[35.60258,0.85305],[35.62405,0.86174],[35.62608,0.90775],[35.63648,0.92135],[35.63008,0.95315],[35.63828,0.967]]]},"properties":{"shapeName":"Marakwet West","shapeID":"3690345B12316778885623","shapeGroup":"KEN","shapeType":"ADM2","name":"Marakwet West","code":"3690345B12316778885623"}},{"type":"Feature","geometry":{"type":"Polygon","coordinates":[[[37.26767,-0.78528],[37.25848,-0.83723],[37.23318,-0.83711],[37.2255,-0.85222],[37.25226,-0.86117],[37.2822,-0.89676],[37.31894,-0.91928],[37.31685,-0.94803],[37.34334,-0.9616],[37.35458,-0.94741],[37.36672,-0.96408],[37.33826,-0.98526],[37.36233,-0.98767],[37.40606,-1.01205],[37.42088,-1.03362],[37.47278,-0.98608],[37.54306,-0.9938],[37.51257,-1.04214],[37.52639,-1.07642],[37.59571,-1.08682],[37.73356,-1.08005],[37.79374,-1.12518],[37.82058,-1.07089],[37.84808,-1.04218],[37.84617,-0.99508],[37.86795,-0.97776],[37.84451,-0.96383],[37.85173,-0.9358],[37.81991,-0.88324],[37.84897,-0.8327],[37.84492,-0.81143],[37.81928,-0.80439],[37.77989,-0.82493],[37.75803,-0.82396],[37.74303,-0.77848],[37.73217,-0.77446],[37.68174,-0.79555],[37.68153,-0.82222],[37.66437,-0.84629],[37.62905,-0.83863],[37.62646,-0.85162],[37.58687,-0.86587],[37.58743,-0.87796],[37.55893,-0.87508],[37.53221,-0.8958],[37.53297,-0.91166],[37.49544,-0.90252],[37.47467,-0.87554],[37.42713,-0.86484],[37.35862,-0.84191],[37.32004,-0.83463],[37.30634,-0.80071],[37.28493,-0.78099],[37.26767,-0.78528]]]},"properties":{"shapeName":"Masinga","shapeID":"3690345B51887825082332","shapeGroup":"KEN","shapeType":"ADM2","name":"Masinga","code":"3690345B51887825082332"}},{"type":"Feature","geometry":{"type":"Polygon","coordinates":[[[34.26167,0.39428],[34.25459,0.41351],[34.22873,0.41219],[34.21986,0.44005],[34.22212,0.47363],[34.21056,0.47844],[34.18447,0.46362],[34.15016,0.47323],[34.14065,0.4497],[34.0983,0.46775],[34.08901,0.42723],[34.10221,0.41343],[34.11111,0.37123],[34.10575,0.36179],[34.12645,0.36167],[34.17887,0.31312],[34.15946,0.30074],[34.18979,0.31659],[34.20107,0.34463],[34.20164,0.37888],[34.23527,0.37491],[34.26167,0.39428]]]},"properties":{"shapeName":"Matayos","shapeID":"3690345B71861733049608","shapeGroup":"KEN","shapeType":"ADM2","name":"Matayos","code":"3690345B71861733049608"}},{"type":"Feature","geometry":{"type":"Polygon","coordinates":[[[36.87731,-1.24651],[36.85066,-1.25636],[36.84182,-1.25796],[36.83708,-1.26189],[36.84305,-1.26502],[36.87826,-1.25992],[36.87731,-1.24651]]]},"properties":{"shapeName":"Mathare","shapeID":"3690345B9508025131966","shapeGroup":"KEN","shapeType":"ADM2","name":"Mathare","code":"3690345B9508025131966"}},{"type":"Feature","geometry":{"type":"Polygon","coordinates":[[[37.11805,-0.70488],[37.11036,-0.66056],[37.12783,-0.64369],[37.05939,-0.60976],[37.04894,-0.59402],[36.9775,-0.57753],[36.91378,-0.60814],[36.86095,-0.60478],[36.81113,-0.57925],[36.80898,-0.56923],[36.73507,-0.56438],[36.70811,-0.58497],[36.70872,-0.62313],[36.73784,-0.61079],[36.78456,-0.61433],[36.81343,-0.60716],[36.82264,-0.64008],[36.85874,-0.64372],[36.87518,-0.63187],[36.90025,-0.64212],[36.94709,-0.6502],[36.95121,-0.66232],[36.98387,-0.66527],[36.99846,-0.6563],[37.01525,-0.67047],[37.07434,-0.67806],[37.11805,-0.70488]]]},"properties":{"shapeName":"Mathioya","shapeID":"3690345B56624904262086","shapeGroup":"KEN","shapeType":"ADM2","name":"Mathioya","code":"3690345B56624904262086"}},{"type":"Feature","geometry":{"type":"Polygon","coordinates":[[[37.02879,-0.39979],[37.04627,-0.42754],[37.0407,-0.44281],[37.05407,-0.47005],[37.04542,-0.48427],[37.08116,-0.51666],[37.09462,-0.53862],[37.12944,-0.53637],[37.14504,-0.56074],[37.14533,-0.52632],[37.16953,-0.51259],[37.16167,-0.49195],[37.17685,-0.48116],[37.17553,-0.44148],[37.19917,-0.43864],[37.30781,-0.14957],[37.20155,-0.28435],[37.16892,-0.30766],[37.13161,-0.3108],[37.08457,-0.3335],[37.052,-0.37612],[37.02797,-0.3844],[37.02879,-0.39979]]]},"properties":{"shapeName":"Mathira","shapeID":"3690345B12350857551286","shapeGroup":"KEN","shapeType":"ADM2","name":"Mathira","code":"3690345B12350857551286"}},{"type":"Feature","geometry":{"type":"Polygon","coordinates":[[[39.1597,-4.32637],[39.17412,-4.34609],[39.18274,-4.38389],[39.21543,-4.37735],[39.24425,-4.39676],[39.27175,-4.38581],[39.32085,-4.40485],[39.32743,-4.38404],[39.39336,-4.39588],[39.45467,-4.3404],[39.46757,-4.33335],[39.48069,-4.30348],[39.52988,-4.27918],[39.55921,-4.24787],[39.56725,-4.25786],[39.59712,-4.25487],[39.61444,-4.19953],[39.64268,-4.15244],[39.62601,-4.14152],[39.63293,-4.1175],[39.60693,-4.08761],[39.59584,-4.1137],[39.58134,-4.11249],[39.57862,-4.07925],[39.51538,-4.07373],[39.51884,-4.09519],[39.47306,-4.12272],[39.45361,-4.11856],[39.44733,-4.13447],[39.41211,-4.15766],[39.38867,-4.15548],[39.37769,-4.16664],[39.31803,-4.14483],[39.30196,-4.15019],[39.29516,-4.187],[39.28098,-4.21441],[39.24489,-4.22718],[39.23666,-4.21478],[39.20979,-4.26033],[39.16824,-4.29779],[39.1597,-4.32637]]]},"properties":{"shapeName":"Matuga","shapeID":"3690345B44835557589557","shapeGroup":"KEN","shapeType":"ADM2","name":"Matuga","code":"3690345B44835557589557"}},{"type":"Feature","geometry":{"type":"Polygon","coordinates":[[[34.39126,0.46826],[34.36827,0.45733],[34.36437,0.44086],[34.34341,0.42517],[34.36114,0.40543],[34.3782,0.405],[34.42197,0.37267],[34.38577,0.35402],[34.38272,0.31958],[34.37195,0.3088],[34.39623,0.28222],[34.41428,0.28841],[34.40793,0.31701],[34.41795,0.33145],[34.48025,0.35315],[34.4819,0.3722],[34.50145,0.37729],[34.51623,0.37162],[34.52819,0.38883],[34.551,0.3848],[34.57735,0.40199],[34.58941,0.42128],[34.58112,0.45321],[34.55071,0.4711],[34.53157,0.44447],[34.49582,0.4591],[34.48418,0.48482],[34.43966,0.46419],[34.41943,0.47555],[34.39126,0.46826]]]},"properties":{"shapeName":"Matungu","shapeID":"3690345B16104785008484","shapeGroup":"KEN","shapeType":"ADM2","name":"Matungu","code":"3690345B16104785008484"}},{"type":"Feature","geometry":{"type":"Polygon","coordinates":[[[37.15614,-1.19702],[37.15231,-1.22225],[37.11858,-1.23554],[37.10176,-1.25908],[37.10206,-1.26857],[37.1291,-1.29837],[37.14462,-1.29792],[37.16898,-1.34525],[37.21925,-1.34676],[37.21818,-1.2999],[37.24648,-1.29427],[37.27306,-1.33043],[37.30336,-1.30644],[37.32597,-1.3025],[37.32487,-1.28244],[37.35546,-1.25803],[37.37344,-1.26588],[37.37499,-1.2488],[37.34433,-1.19298],[37.34701,-1.16699],[37.36514,-1.17579],[37.3803,-1.15791],[37.34264,-1.11695],[37.29869,-1.07193],[37.28037,-1.06508],[37.24986,-1.07753],[37.21132,-1.07797],[37.17548,-1.11758],[37.18689,-1.13574],[37.1823,-1.16375],[37.15614,-1.19702]]]},"properties":{"shapeName":"Matungulu","shapeID":"3690345B24621984513520","shapeGroup":"KEN","shapeType":"ADM2","name":"Matungulu","code":"3690345B24621984513520"}},{"type":"Feature","geometry":{"type":"Polygon","coordinates":[[[36.90722,-1.35991],[36.91351,-1.37084],[36.92272,-1.39202],[36.94257,-1.40208],[36.95557,-1.4349],[36.88986,-1.41225],[36.8783,-1.47559],[36.88417,-1.48469],[36.93687,-1.45284],[36.97762,-1.47485],[36.95719,-1.54233],[36.97763,-1.55307],[37.029,-1.62288],[37.1397,-1.56161],[37.16571,-1.57481],[37.17668,-1.55302],[37.17106,-1.53136],[37.14348,-1.53123],[37.14144,-1.50813],[37.15859,-1.50452],[37.16972,-1.4828],[37.1883,-1.47741],[37.17953,-1.45947],[37.1949,-1.4517],[37.18952,-1.42361],[37.20169,-1.4195],[37.18694,-1.39971],[37.20789,-1.35988],[37.21919,-1.35918],[37.21925,-1.34676],[37.16898,-1.34525],[37.14462,-1.29792],[37.1291,-1.29837],[37.10206,-1.26857],[37.07718,-1.28169],[37.07573,-1.30104],[37.02596,-1.28951],[37.00194,-1.29835],[36.99025,-1.28084],[36.97384,-1.28722],[36.98357,-1.31245],[36.96577,-1.35179],[36.93392,-1.33638],[36.90722,-1.35991]]]},"properties":{"shapeName":"Mavoko","shapeID":"3690345B67354974829393","shapeGroup":"KEN","shapeType":"ADM2","name":"Mavoko","code":"3690345B67354974829393"}},{"type":"Feature","geometry":{"type":"Polygon","coordinates":[[[37.58391,-1.77672],[37.59704,-1.76606],[37.61489,-1.77474],[37.65614,-1.75441],[37.676,-1.76074],[37.69771,-1.75304],[37.72193,-1.77492],[37.74627,-1.76748],[37.7789,-1.77623],[37.80009,-1.77029],[37.81644,-1.7837],[37.83906,-1.77839],[37.85595,-1.75397],[37.83737,-1.68954],[37.81388,-1.66136],[37.77262,-1.58657],[37.7539,-1.56639],[37.73574,-1.57557],[37.71883,-1.60842],[37.7011,-1.58402],[37.68459,-1.5885],[37.68832,-1.61668],[37.66097,-1.64464],[37.64451,-1.61457],[37.64093,-1.58616],[37.59735,-1.55111],[37.57403,-1.56507],[37.54406,-1.54076],[37.52195,-1.53816],[37.48634,-1.51518],[37.44863,-1.52893],[37.42146,-1.53004],[37.38649,-1.5196],[37.35011,-1.54834],[37.33508,-1.55988],[37.36396,-1.58981],[37.38205,-1.63507],[37.41295,-1.68814],[37.43886,-1.72583],[37.45865,-1.73638],[37.49231,-1.7256],[37.55785,-1.71504],[37.5709,-1.69847],[37.61284,-1.71743],[37.62452,-1.73464],[37.58811,-1.7413],[37.58391,-1.77672]]]},"properties":{"shapeName":"Mbooni","shapeID":"3690345B27986350710354","shapeGroup":"KEN","shapeType":"ADM2","name":"Mbooni","code":"3690345B27986350710354"}},{"type":"Feature","geometry":{"type":"Polygon","coordinates":[[[35.72243,0.21495],[35.69326,0.18868],[35.69531,0.17939],[35.72928,0.18695],[35.76328,0.14845],[35.78068,0.16045],[35.81058,0.15205],[35.85691,0.08923],[35.83958,0.06905],[35.82394,0.02088],[35.84398,0.01525],[35.87707,-0.03356],[35.90038,-0.04665],[35.91848,-0.07965],[35.94818,-0.05105],[35.97018,-0.01285],[35.97643,0.02103],[35.92978,0.06975],[35.94068,0.0972],[35.96533,0.07955],[35.96568,0.05925],[36.00038,0.06035],[36.00768,0.03225],[36.04278,0.02075],[36.05558,0.00455],[36.09368,-0.00995],[36.11358,0.00685],[36.10633,0.0625],[36.12813,0.0605],[36.14828,0.18675],[36.1991,0.20212],[36.18024,0.22988],[36.20168,0.23575],[36.21633,0.252],[36.18618,0.31695],[36.15258,0.30585],[36.1419,0.32228],[36.11938,0.33065],[36.08568,0.30525],[35.98479,0.30243],[35.99368,0.34635],[35.99018,0.37385],[35.99809,0.39638],[35.99038,0.40985],[35.95618,0.39365],[35.9244,0.39292],[35.92028,0.30075],[35.89249,0.27191],[35.86968,0.27445],[35.83398,0.25885],[35.77918,0.26365],[35.77758,0.22515],[35.72243,0.21495]]]},"properties":{"shapeName":"Mogotio","shapeID":"3690345B85271046016228","shapeGroup":"KEN","shapeType":"ADM2","name":"Mogotio","code":"3690345B85271046016228"}},{"type":"Feature","geometry":{"type":"Polygon","coordinates":[[[35.4633,0.5072],[35.47237,0.54292],[35.48116,0.59055],[35.42358,0.67945],[35.41167,0.70284],[35.50496,0.70376],[35.49358,0.72842],[35.50096,0.76079],[35.49925,0.82006],[35.48262,0.82505],[35.49038,0.84652],[35.48838,0.87785],[35.45615,0.87829],[35.4686,0.90201],[35.41598,0.90935],[35.42044,0.93963],[35.38558,0.94605],[35.37761,0.93822],[35.37665,0.9172],[35.35258,0.89723],[35.33581,0.8538],[35.35896,0.85239],[35.34405,0.83157],[35.35496,0.8112],[35.31413,0.80957],[35.29613,0.77842],[35.2998,0.73162],[35.30915,0.69157],[35.30315,0.67037],[35.32686,0.66973],[35.33214,0.6393],[35.31341,0.60104],[35.27998,0.569],[35.29005,0.55642],[35.27637,0.52023],[35.27597,0.51503],[35.28185,0.51107],[35.29117,0.52938],[35.31321,0.52108],[35.32375,0.55895],[35.34858,0.53876],[35.35375,0.52337],[35.39083,0.50862],[35.44563,0.50244],[35.4633,0.5072]]]},"properties":{"shapeName":"Moiben","shapeID":"3690345B75198444085036","shapeGroup":"KEN","shapeType":"ADM2","name":"Moiben","code":"3690345B75198444085036"}},{"type":"Feature","geometry":{"type":"Polygon","coordinates":[[[35.72398,-0.20311],[35.69158,-0.22365],[35.70198,-0.24275],[35.72518,-0.23885],[35.73168,-0.25375],[35.68958,-0.28965],[35.68338,-0.31535],[35.72704,-0.38781],[35.73948,-0.42185],[35.72348,-0.43125],[35.72128,-0.47135],[35.74628,-0.48105],[35.74608,-0.51685],[35.7112,-0.55708],[35.74135,-0.53085],[35.77436,-0.53802],[35.79565,-0.47484],[35.79768,-0.45545],[35.81288,-0.45645],[35.81547,-0.47666],[35.8378,-0.4678],[35.83668,-0.43245],[35.87308,-0.37635],[35.85328,-0.36855],[35.87268,-0.35855],[35.88658,-0.32085],[35.86948,-0.31595],[35.86968,-0.2794],[35.85778,-0.26075],[35.80448,-0.24025],[35.81263,-0.2112],[35.83098,-0.19515],[35.78563,-0.16958],[35.77198,-0.19215],[35.72398,-0.20311]]]},"properties":{"shapeName":"Molo","shapeID":"3690345B84891311296889","shapeGroup":"KEN","shapeType":"ADM2","name":"Molo","code":"3690345B84891311296889"}},{"type":"Feature","geometry":{"type":"Polygon","coordinates":[[[35.18101,0.40896],[35.14199,0.47334],[35.15974,0.50654],[35.16628,0.54696],[35.15646,0.53968],[35.10939,0.55014],[35.09957,0.54056],[35.04462,0.56308],[34.85214,0.54781],[34.90722,0.50565],[34.95607,0.41721],[34.94958,0.35775],[34.93708,0.36083],[34.94199,0.32593],[34.96543,0.27359],[34.99598,0.31655],[34.99158,0.33565],[35.01238,0.34855],[35.03195,0.33585],[35.05518,0.34065],[35.07064,0.36137],[35.07414,0.38529],[35.09448,0.39235],[35.10248,0.36015],[35.12016,0.3449],[35.12438,0.3795],[35.13838,0.4099],[35.18101,0.40896]]]},"properties":{"shapeName":"Mosop","shapeID":"3690345B59171839823035","shapeGroup":"KEN","shapeType":"ADM2","name":"Mosop","code":"3690345B59171839823035"}},{"type":"Feature","geometry":{"type":"Polygon","coordinates":[[[38.93103,2.34544],[38.93418,2.37197],[38.9277,2.41173],[38.90187,2.47874],[38.8876,2.54446],[38.97862,2.56839],[39.00357,2.61027],[39.03676,2.6914],[39.06215,2.73568],[39.07004,2.80529],[39.06717,2.88304],[39.11316,2.88405],[39.12457,2.93141],[39.1488,2.95319],[39.19385,2.95646],[39.21856,2.9786],[39.25029,2.99551],[39.28898,3.03694],[39.34562,3.0708],[39.34063,3.26097],[39.32791,3.28946],[39.31293,3.40567],[39.30048,3.42748],[39.303,3.45511],[39.31854,3.47406],[39.31898,3.49907],[39.30335,3.47868],[39.26584,3.47209],[39.22391,3.48183],[39.19108,3.47942],[39.15024,3.50155],[39.14961,3.51102],[39.10664,3.52228],[39.08731,3.54193],[39.05491,3.5218],[39.03531,3.52843],[39.02118,3.5126],[38.96481,3.53273],[38.95968,3.51793],[38.90567,3.51467],[38.71498,3.57424],[38.68693,3.6261],[38.66562,3.59518],[38.61745,3.60696],[38.58171,3.60847],[38.55831,3.6176],[38.5387,3.6567],[38.52111,3.65461],[38.52238,3.62961],[38.44777,3.60428],[38.1906,3.6223],[38.12932,3.60826],[38.38596,3.30876],[38.52935,3.01194],[38.64235,2.77185],[38.81836,2.40186],[38.94049,2.14826],[38.93763,2.21471],[38.92569,2.28281],[38.93552,2.3151],[38.93103,2.34544]]]},"properties":{"shapeName":"Moyale","shapeID":"3690345B29556459221230","shapeGroup":"KEN","shapeType":"ADM2","name":"Moyale","code":"3690345B29556459221230"}},{"type":"Feature","geometry":{"type":"Polygon","coordinates":[[[39.47157,-4.4981],[39.5032,-4.45626],[39.50928,-4.40239],[39.53023,-4.40457],[39.5389,-4.43448],[39.54856,-4.38951],[39.59766,-4.2678],[39.59712,-4.25487],[39.56725,-4.25786],[39.55921,-4.24787],[39.52988,-4.27918],[39.48069,-4.30348],[39.46757,-4.33335],[39.45467,-4.3404],[39.39336,-4.39588],[39.32743,-4.38404],[39.32085,-4.40485],[39.33879,-4.41439],[39.3495,-4.4494],[39.3604,-4.44727],[39.38808,-4.4931],[39.41584,-4.48126],[39.43682,-4.49499],[39.45565,-4.47692],[39.47157,-4.4981]]]},"properties":{"shapeName":"Msambweni","shapeID":"3690345B18525828088972","shapeGroup":"KEN","shapeType":"ADM2","name":"Msambweni","code":"3690345B18525828088972"}},{"type":"Feature","geometry":{"type":"Polygon","coordinates":[[[34.57976,1.15018],[34.57439,1.10203],[34.53063,1.10642],[34.49916,1.06181],[34.47919,0.93937],[34.45041,0.89953],[34.44239,0.85904],[34.42651,0.85433],[34.40771,0.82973],[34.41431,0.812],[34.44713,0.81393],[34.46362,0.78786],[34.48703,0.79016],[34.50724,0.76815],[34.52432,0.79546],[34.57085,0.79881],[34.57731,0.77778],[34.60299,0.79736],[34.64312,0.79715],[34.64519,0.821],[34.67774,0.80154],[34.72914,0.83484],[34.74073,0.83362],[34.77965,0.85613],[34.79635,0.85721],[34.78668,0.89102],[34.80071,0.90651],[34.78526,0.92596],[34.76849,0.92305],[34.73989,0.93953],[34.6768,1.02451],[34.65113,1.05689],[34.66177,1.08359],[34.63202,1.09343],[34.60913,1.11179],[34.57976,1.15018]]]},"properties":{"shapeName":"Mt. Elgon","shapeID":"3690345B65112986078037","shapeGroup":"KEN","shapeType":"ADM2","name":"Mt. Elgon","code":"3690345B65112986078037"}},{"type":"Feature","geometry":{"type":"Polygon","coordinates":[[[35.32495,-0.25056],[35.34311,-0.23557],[35.33069,-0.17471],[35.2961,-0.17409],[35.27844,-0.14411],[35.27052,-0.15002],[35.25361,-0.11832],[35.22649,-0.10371],[35.22109,-0.03399],[35.19216,-0.02385],[35.15113,-0.03632],[35.10216,-0.00215],[35.09285,-0.04194],[35.06527,-0.06463],[35.05918,-0.05181],[35.00715,-0.05174],[35.00772,-0.02748],[34.98853,-0.01714],[34.96407,-0.03028],[34.94095,-0.03128],[34.92147,-0.02443],[34.8276,-0.02576],[34.80798,-0.01932],[34.80971,-0.00432],[34.8036,-0.01378],[34.81139,-0.0412],[34.80947,-0.06755],[34.89866,-0.06915],[34.89451,-0.07899],[34.86121,-0.08153],[34.85791,-0.1071],[34.87364,-0.11702],[34.90402,-0.12471],[34.89514,-0.16207],[34.92008,-0.16838],[34.94698,-0.14051],[34.99515,-0.14119],[35.01481,-0.16023],[35.04395,-0.14675],[35.0871,-0.15889],[35.12063,-0.14144],[35.12919,-0.15354],[35.13803,-0.16082],[35.19761,-0.16077],[35.2155,-0.17345],[35.21914,-0.19177],[35.24592,-0.20154],[35.25305,-0.2153],[35.2696,-0.23548],[35.29291,-0.23483],[35.32495,-0.25056]]]},"properties":{"shapeName":"Muhoroni","shapeID":"3690345B3784519095047","shapeGroup":"KEN","shapeType":"ADM2","name":"Muhoroni","code":"3690345B3784519095047"}},{"type":"Feature","geometry":{"type":"Polygon","coordinates":[[[37.16918,-0.63496],[37.17826,-0.59964],[37.16024,-0.59128],[37.14504,-0.56074],[37.12944,-0.53637],[37.09462,-0.53862],[37.08116,-0.51666],[37.059,-0.5124],[37.0018,-0.52179],[36.9775,-0.57753],[37.04894,-0.59402],[37.05939,-0.60976],[37.12783,-0.64369],[37.16918,-0.63496]]]},"properties":{"shapeName":"Mukurweni","shapeID":"3690345B52369638144759","shapeGroup":"KEN","shapeType":"ADM2","name":"Mukurweni","code":"3690345B52369638144759"}},{"type":"Feature","geometry":{"type":"Polygon","coordinates":[[[34.61153,0.27826],[34.62885,0.29173],[34.62297,0.30543],[34.64507,0.3265],[34.60457,0.38262],[34.58192,0.38498],[34.57735,0.40199],[34.551,0.3848],[34.52819,0.38883],[34.51623,0.37162],[34.50145,0.37729],[34.50177,0.34383],[34.52195,0.32666],[34.50146,0.32927],[34.48389,0.30686],[34.48649,0.29372],[34.52712,0.27985],[34.58785,0.26951],[34.61153,0.27826]]]},"properties":{"shapeName":"Mumias East","shapeID":"3690345B49414507598309","shapeGroup":"KEN","shapeType":"ADM2","name":"Mumias East","code":"3690345B49414507598309"}},{"type":"Feature","geometry":{"type":"Polygon","coordinates":[[[34.48389,0.30686],[34.50146,0.32927],[34.52195,0.32666],[34.50177,0.34383],[34.50145,0.37729],[34.4819,0.3722],[34.48025,0.35315],[34.41795,0.33145],[34.40793,0.31701],[34.41428,0.28841],[34.39623,0.28222],[34.38821,0.27497],[34.40077,0.26234],[34.38488,0.17992],[34.40384,0.1874],[34.42825,0.21265],[34.45149,0.20735],[34.46564,0.20791],[34.48497,0.22869],[34.45596,0.26985],[34.48389,0.30686]]]},"properties":{"shapeName":"Mumias West","shapeID":"3690345B19078543384145","shapeGroup":"KEN","shapeType":"ADM2","name":"Mumias West","code":"3690345B19078543384145"}},{"type":"Feature","geometry":{"type":"Polygon","coordinates":[[[39.63952,-4.03793],[39.66584,-4.07649],[39.68211,-4.06922],[39.67436,-4.03357],[39.66029,-4.02764],[39.63952,-4.03793]]]},"properties":{"shapeName":"Mvita","shapeID":"3690345B40484627971500","shapeGroup":"KEN","shapeType":"ADM2","name":"Mvita","code":"3690345B40484627971500"}},{"type":"Feature","geometry":{"type":"Polygon","coordinates":[[[37.35767,-1.42734],[37.36973,-1.47138],[37.36488,-1.48425],[37.38649,-1.5196],[37.42146,-1.53004],[37.44863,-1.52893],[37.48634,-1.51518],[37.52195,-1.53816],[37.54406,-1.54076],[37.57403,-1.56507],[37.59735,-1.55111],[37.64093,-1.58616],[37.64451,-1.61457],[37.66097,-1.64464],[37.68832,-1.61668],[37.68459,-1.5885],[37.7011,-1.58402],[37.71883,-1.60842],[37.73574,-1.57557],[37.7539,-1.56639],[37.71397,-1.51],[37.69511,-1.49757],[37.68096,-1.46461],[37.65218,-1.44754],[37.64573,-1.41132],[37.62761,-1.39486],[37.62488,-1.37664],[37.59623,-1.33124],[37.58005,-1.3174],[37.54044,-1.30626],[37.51343,-1.26356],[37.48683,-1.25069],[37.47485,-1.23134],[37.44507,-1.22055],[37.41926,-1.19325],[37.40889,-1.16889],[37.3803,-1.15791],[37.36514,-1.17579],[37.34701,-1.16699],[37.34433,-1.19298],[37.37499,-1.2488],[37.37344,-1.26588],[37.3917,-1.2774],[37.41965,-1.32241],[37.42399,-1.34489],[37.40366,-1.37345],[37.40631,-1.40079],[37.36511,-1.4096],[37.35767,-1.42734]]]},"properties":{"shapeName":"Mwala","shapeID":"3690345B72054376783235","shapeGroup":"KEN","shapeType":"ADM2","name":"Mwala","code":"3690345B72054376783235"}},{"type":"Feature","geometry":{"type":"Polygon","coordinates":[[[38.84086,-3.99632],[38.82697,-3.94952],[38.77461,-3.94921],[38.77709,-3.87462],[38.75846,-3.85556],[38.69997,-3.85025],[38.63856,-3.81011],[38.62198,-3.77323],[38.59528,-3.73944],[38.50016,-3.81112],[38.48295,-3.80763],[38.4839,-3.78676],[38.46074,-3.74719],[38.43387,-3.71439],[38.5192,-3.65445],[38.59814,-3.60659],[38.57004,-3.55789],[38.47555,-3.55734],[38.44675,-3.48008],[38.46391,-3.45823],[38.53897,-3.43903],[38.51088,-3.43125],[38.50304,-3.41068],[38.48246,-3.40361],[38.43625,-3.36231],[38.44113,-3.33675],[38.41805,-3.33186],[38.40024,-3.33815],[38.4034,-3.36877],[38.41906,-3.38634],[38.41464,-3.41114],[38.39412,-3.4061],[38.39317,-3.41951],[38.32064,-3.41908],[38.31597,-3.429],[38.29124,-3.41281],[38.2709,-3.41548],[38.26367,-3.43128],[38.21257,-3.42467],[38.22376,-3.38744],[38.15099,-3.37268],[38.13354,-3.36377],[38.11871,-3.37733],[38.11905,-3.4355],[38.13347,-3.43569],[38.13327,-3.75064],[38.23794,-3.76905],[38.25866,-3.80318],[38.25776,-3.86075],[38.18823,-3.87699],[38.15351,-3.87612],[38.11826,-3.8535],[38.10448,-3.86356],[38.05849,-3.86618],[38.44575,-4.13797],[38.84086,-3.99632]]]},"properties":{"shapeName":"Mwatate","shapeID":"3690345B41305477432813","shapeGroup":"KEN","shapeType":"ADM2","name":"Mwatate","code":"3690345B41305477432813"}},{"type":"Feature","geometry":{"type":"Polygon","coordinates":[[[37.47797,-0.59407],[37.48523,-0.58151],[37.47155,-0.55531],[37.4478,-0.53871],[37.41427,-0.54893],[37.34499,-0.55633],[37.32196,-0.5658],[37.27696,-0.58886],[37.26326,-0.60382],[37.28152,-0.64111],[37.30891,-0.67232],[37.31209,-0.69817],[37.32746,-0.71449],[37.34064,-0.74884],[37.32829,-0.76559],[37.34724,-0.77221],[37.38818,-0.75271],[37.42105,-0.74738],[37.44419,-0.73064],[37.47319,-0.72426],[37.49598,-0.73055],[37.47729,-0.70798],[37.4724,-0.64846],[37.48815,-0.61422],[37.47797,-0.59407]]]},"properties":{"shapeName":"Mwea","shapeID":"3690345B50229507526225","shapeGroup":"KEN","shapeType":"ADM2","name":"Mwea","code":"3690345B50229507526225"}},{"type":"Feature","geometry":{"type":"Polygon","coordinates":[[[38.78692,-0.69389],[38.77275,-0.70341],[38.75346,-0.69354],[38.73228,-0.6984],[38.69511,-0.73606],[38.66914,-0.74375],[38.64586,-0.7133],[38.62798,-0.71618],[38.58446,-0.7001],[38.5432,-0.69524],[38.50753,-0.70196],[38.47634,-0.68896],[38.41941,-0.68822],[38.39167,-0.70427],[38.34091,-0.69843],[38.34607,-0.66606],[38.30223,-0.67886],[38.29665,-0.65924],[38.2676,-0.65139],[38.23193,-0.68895],[38.1735,-0.71279],[38.13402,-0.73936],[38.09622,-0.73389],[38.0828,-0.71465],[38.06613,-0.73985],[38.00724,-0.74302],[37.98719,-0.75617],[38.00552,-0.78748],[38.06609,-0.84166],[38.06037,-0.85766],[38.01547,-0.87003],[38.03669,-0.91164],[38.03556,-0.93185],[38.08867,-0.93442],[38.10957,-0.95044],[38.12225,-0.97422],[38.14292,-0.98257],[38.15989,-1.02031],[38.13272,-1.05851],[38.15607,-1.15102],[38.21902,-1.16652],[38.23816,-1.20263],[38.30834,-1.18275],[38.32259,-1.17016],[38.37663,-1.16687],[38.43107,-1.1551],[38.46167,-1.17435],[38.48774,-1.15241],[38.51686,-1.15957],[38.54267,-1.10189],[38.60998,-1.10446],[38.63082,-1.08661],[38.66264,-1.08122],[38.69889,-1.09352],[38.72702,-1.08087],[38.73835,-1.08918],[38.7677,-1.08161],[38.81505,-1.08142],[38.82727,-1.09363],[38.88375,-1.09456],[38.89946,-1.08138],[38.96321,-1.07772],[38.95323,-1.0342],[38.81834,-0.74988],[38.78692,-0.69389]]]},"properties":{"shapeName":"Mwingi East","shapeID":"3690345B72019855775224","shapeGroup":"KEN","shapeType":"ADM2","name":"Mwingi East","code":"3690345B72019855775224"}},{"type":"Feature","geometry":{"type":"Polygon","coordinates":[[[38.41955,-0.07036],[38.39285,-0.07356],[38.38216,-0.08733],[38.34776,-0.06345],[38.32825,-0.06807],[38.30778,-0.0546],[38.28713,-0.08694],[38.2726,-0.09615],[38.24738,-0.08814],[38.22182,-0.10467],[38.20621,-0.14439],[38.1862,-0.15328],[38.18273,-0.18932],[38.16329,-0.23435],[38.13975,-0.24496],[38.11497,-0.2765],[38.04657,-0.27618],[37.99912,-0.26473],[37.98391,-0.29909],[37.96772,-0.36347],[37.97437,-0.37668],[37.96466,-0.41207],[37.93617,-0.4277],[37.91384,-0.46558],[37.88235,-0.53507],[37.88324,-0.58279],[37.9226,-0.62445],[37.89375,-0.64536],[37.89289,-0.6559],[37.90384,-0.68551],[37.89959,-0.70879],[37.91196,-0.70837],[37.91201,-0.74155],[37.95439,-0.75885],[37.98719,-0.75617],[38.00724,-0.74302],[38.06613,-0.73985],[38.0828,-0.71465],[38.09622,-0.73389],[38.13402,-0.73936],[38.1735,-0.71279],[38.23193,-0.68895],[38.2676,-0.65139],[38.29665,-0.65924],[38.30223,-0.67886],[38.34607,-0.66606],[38.34091,-0.69843],[38.39167,-0.70427],[38.41941,-0.68822],[38.47634,-0.68896],[38.50753,-0.70196],[38.5432,-0.69524],[38.58446,-0.7001],[38.62798,-0.71618],[38.64586,-0.7133],[38.66914,-0.74375],[38.69511,-0.73606],[38.73228,-0.6984],[38.75346,-0.69354],[38.77275,-0.70341],[38.78692,-0.69389],[38.6778,-0.51035],[38.59158,-0.36169],[38.41955,-0.07036]]]},"properties":{"shapeName":"Mwingi North","shapeID":"3690345B80003743115065","shapeGroup":"KEN","shapeType":"ADM2","name":"Mwingi North","code":"3690345B80003743115065"}},{"type":"Feature","geometry":{"type":"Polygon","coordinates":[[[37.84492,-0.81143],[37.84897,-0.8327],[37.81991,-0.88324],[37.85173,-0.9358],[37.84451,-0.96383],[37.86795,-0.97776],[37.84617,-0.99508],[37.84808,-1.04218],[37.82058,-1.07089],[37.79374,-1.12518],[37.85837,-1.12018],[37.95789,-1.13753],[38.03507,-1.16654],[38.06829,-1.16845],[38.06772,-1.15908],[38.15607,-1.15102],[38.13272,-1.05851],[38.15989,-1.02031],[38.14292,-0.98257],[38.12225,-0.97422],[38.10957,-0.95044],[38.08867,-0.93442],[38.03556,-0.93185],[38.03669,-0.91164],[38.01547,-0.87003],[38.06037,-0.85766],[38.06609,-0.84166],[38.00552,-0.78748],[37.98719,-0.75617],[37.95439,-0.75885],[37.91201,-0.74155],[37.87945,-0.79272],[37.88429,-0.80703],[37.84492,-0.81143]]]},"properties":{"shapeName":"Mwingi West","shapeID":"3690345B22198940380299","shapeGroup":"KEN","shapeType":"ADM2","name":"Mwingi West","code":"3690345B22198940380299"}},{"type":"Feature","geometry":{"type":"Polygon","coordinates":[[[36.09989,-0.67365],[36.13898,-0.70975],[36.15358,-0.71265],[36.16004,-0.74216],[36.19188,-0.76275],[36.18928,-0.80462],[36.15906,-0.83658],[36.18715,-0.90207],[36.20608,-0.93135],[36.26408,-0.91275],[36.33147,-1.03725],[36.35472,-1.05372],[36.4932,-1.119],[36.53675,-1.15258],[36.5451,-1.12387],[36.56989,-1.10052],[36.59115,-1.06198],[36.58844,-1.03632],[36.59823,-0.99068],[36.57265,-0.92967],[36.5544,-0.91858],[36.54427,-0.90589],[36.55453,-0.87052],[36.55716,-0.82926],[36.53115,-0.7294],[36.52101,-0.7084],[36.54416,-0.6946],[36.52123,-0.65091],[36.51209,-0.60892],[36.48971,-0.62239],[36.47748,-0.68155],[36.44968,-0.68365],[36.43448,-0.67015],[36.42948,-0.63465],[36.40778,-0.65915],[36.38472,-0.66644],[36.36728,-0.6846],[36.37148,-0.70475],[36.35143,-0.72345],[36.28198,-0.72435],[36.27403,-0.74295],[36.22818,-0.70905],[36.23088,-0.68085],[36.28123,-0.66355],[36.26368,-0.65965],[36.12448,-0.65815],[36.09989,-0.67365]]]},"properties":{"shapeName":"Naivasha","shapeID":"3690345B62093807224644","shapeGroup":"KEN","shapeType":"ADM2","name":"Naivasha","code":"3690345B62093807224644"}},{"type":"Feature","geometry":{"type":"Polygon","coordinates":[[[36.08958,-0.257],[36.08168,-0.27705],[36.06238,-0.28085],[36.07358,-0.32105],[36.09368,-0.30875],[36.09328,-0.40145],[36.09868,-0.41875],[36.08928,-0.48995],[36.07628,-0.48765],[36.07688,-0.4903],[36.08218,-0.50015],[36.12407,-0.45782],[36.12298,-0.4489],[36.15558,-0.44825],[36.15408,-0.36355],[36.14343,-0.3238],[36.15642,-0.31082],[36.16478,-0.28715],[36.14894,-0.29043],[36.08958,-0.257]]]},"properties":{"shapeName":"Nakuru Town East","shapeID":"3690345B82942155746957","shapeGroup":"KEN","shapeType":"ADM2","name":"Nakuru Town East","code":"3690345B82942155746957"}},{"type":"Feature","geometry":{"type":"Polygon","coordinates":[[[36.05388,-0.24915],[36.04169,-0.27005],[36.01138,-0.27435],[35.99838,-0.29625],[36.02033,-0.3645],[36.04208,-0.37545],[36.06268,-0.40485],[36.07628,-0.48765],[36.08928,-0.48995],[36.09868,-0.41875],[36.09328,-0.40145],[36.09368,-0.30875],[36.07358,-0.32105],[36.06238,-0.28085],[36.08168,-0.27705],[36.08958,-0.257],[36.05388,-0.24915]]]},"properties":{"shapeName":"Nakuru Town West","shapeID":"3690345B66504215806483","shapeGroup":"KEN","shapeType":"ADM2","name":"Nakuru Town West","code":"3690345B66504215806483"}},{"type":"Feature","geometry":{"type":"Polygon","coordinates":[[[34.3704,0.6078],[34.33403,0.605],[34.32109,0.61498],[34.3154,0.59584],[34.32909,0.58506],[34.34581,0.57774],[34.34843,0.54734],[34.29295,0.48913],[34.2762,0.48878],[34.27929,0.50663],[34.23801,0.50343],[34.21056,0.47844],[34.22212,0.47363],[34.21986,0.44005],[34.22873,0.41219],[34.25459,0.41351],[34.26167,0.39428],[34.32138,0.42105],[34.34341,0.42517],[34.36437,0.44086],[34.36827,0.45733],[34.39126,0.46826],[34.38999,0.49952],[34.40826,0.50483],[34.39069,0.53897],[34.36813,0.56226],[34.37673,0.57895],[34.3704,0.6078]]]},"properties":{"shapeName":"Nambale","shapeID":"3690345B66685082117491","shapeGroup":"KEN","shapeType":"ADM2","name":"Nambale","code":"3690345B66685082117491"}},{"type":"Feature","geometry":{"type":"Polygon","coordinates":[[[35.10816,0.08782],[35.1358,0.0811],[35.14273,0.09192],[35.16637,0.07022],[35.20469,0.05924],[35.21448,0.07978],[35.26429,0.05898],[35.27342,0.07381],[35.29417,0.06871],[35.3134,0.01194],[35.33664,0.02066],[35.36769,0.01752],[35.36905,0.04324],[35.34739,0.06179],[35.37158,0.07291],[35.38701,0.11479],[35.3342,0.14306],[35.34097,0.19476],[35.36197,0.19134],[35.35696,0.2154],[35.34196,0.20699],[35.32203,0.22894],[35.31187,0.21927],[35.28971,0.23316],[35.27394,0.20893],[35.22359,0.20322],[35.22649,0.18954],[35.20536,0.19117],[35.18605,0.17507],[35.1758,0.15185],[35.15424,0.1411],[35.13999,0.15302],[35.13034,0.1363],[35.11612,0.11997],[35.10816,0.08782]]]},"properties":{"shapeName":"Nandi Hills","shapeID":"3690345B43837463822996","shapeGroup":"KEN","shapeType":"ADM2","name":"Nandi Hills","code":"3690345B43837463822996"}},{"type":"Feature","geometry":{"type":"Polygon","coordinates":[[[36.33147,-1.03725],[36.26408,-0.91275],[36.20608,-0.93135],[36.18715,-0.90207],[36.14412,-0.90094],[36.10788,-0.8917],[36.10786,-0.84188],[36.07939,-0.86395],[36.04239,-0.90661],[36.00152,-0.97599],[35.98069,-1.02684],[35.99146,-1.05179],[35.96308,-1.09489],[35.92141,-1.1767],[35.8851,-1.21378],[35.90508,-1.22053],[35.91903,-1.26897],[35.9359,-1.27389],[35.94365,-1.30323],[35.93326,-1.32713],[35.91618,-1.32709],[35.92439,-1.35251],[35.9712,-1.38256],[35.97907,-1.3943],[36.00267,-1.38544],[36.02316,-1.39981],[36.03702,-1.43787],[36.05664,-1.44173],[36.06736,-1.47038],[36.24743,-1.2812],[36.34774,-1.1725],[36.33565,-1.04565],[36.33147,-1.03725]]]},"properties":{"shapeName":"Narok East","shapeID":"3690345B66691350288687","shapeGroup":"KEN","shapeType":"ADM2","name":"Narok East","code":"3690345B66691350288687"}},{"type":"Feature","geometry":{"type":"Polygon","coordinates":[[[36.09758,-0.64081],[36.02908,-0.67948],[36.01225,-0.66392],[35.94681,-0.71376],[35.89318,-0.64715],[35.87665,-0.63847],[35.91698,-0.63595],[35.95159,-0.66642],[35.98332,-0.63155],[35.9453,-0.55565],[35.90528,-0.54415],[35.89008,-0.52355],[35.83348,-0.493],[35.8378,-0.4678],[35.81547,-0.47666],[35.81288,-0.45645],[35.79768,-0.45545],[35.79565,-0.47484],[35.77436,-0.53802],[35.74135,-0.53085],[35.7112,-0.55708],[35.70948,-0.58598],[35.69594,-0.59823],[35.68679,-0.63915],[35.64681,-0.70239],[35.60013,-0.65744],[35.58728,-0.58723],[35.49811,-0.6134],[35.50821,-0.63963],[35.60498,-0.73894],[35.72857,-0.74063],[35.75093,-0.80482],[35.73647,-0.86566],[35.74274,-0.89083],[35.74343,-0.95384],[35.73621,-0.97951],[35.74093,-1.02527],[35.75408,-1.04284],[35.69792,-1.05431],[35.69772,-1.0723],[35.71348,-1.08052],[35.73349,-1.11274],[35.73899,-1.13713],[35.76002,-1.15116],[35.78212,-1.18147],[35.80127,-1.18108],[35.84166,-1.22946],[35.86074,-1.21461],[35.8851,-1.21378],[35.92141,-1.1767],[35.96308,-1.09489],[35.99146,-1.05179],[35.98069,-1.02684],[36.00152,-0.97599],[36.04239,-0.90661],[36.07939,-0.86395],[36.10786,-0.84188],[36.10788,-0.8917],[36.14412,-0.90094],[36.18715,-0.90207],[36.15906,-0.83658],[36.18928,-0.80462],[36.19188,-0.76275],[36.16004,-0.74216],[36.15358,-0.71265],[36.13898,-0.70975],[36.09989,-0.67365],[36.09758,-0.64081]]]},"properties":{"shapeName":"Narok North","shapeID":"3690345B19794245895997","shapeGroup":"KEN","shapeType":"ADM2","name":"Narok North","code":"3690345B19794245895997"}},{"type":"Feature","geometry":{"type":"Polygon","coordinates":[[[35.43296,-0.72684],[35.48084,-0.7641],[35.53426,-0.77833],[35.5465,-0.78757],[35.5205,-0.8135],[35.53793,-0.80729],[35.55607,-0.81885],[35.53208,-0.84429],[35.54539,-0.87979],[35.53243,-0.90163],[35.50963,-0.91735],[35.50443,-0.93587],[35.56827,-0.9996],[35.5671,-1.02797],[35.54975,-1.06463],[35.5616,-1.09797],[35.58024,-1.11537],[35.56712,-1.13253],[35.617,-1.18932],[35.67537,-1.27694],[35.61974,-1.34792],[35.60333,-1.36362],[35.5947,-1.40697],[35.58501,-1.42123],[35.6788,-1.49402],[35.74558,-1.56863],[35.767,-1.6251],[35.78295,-1.64159],[35.76104,-1.70036],[35.74255,-1.72167],[35.74331,-1.75365],[35.67979,-1.74473],[35.52757,-1.8389],[36.00013,-2.10458],[36.00014,-2.08185],[36.02666,-2.08206],[36.02096,-2.03545],[36.03615,-2.00431],[36.04239,-1.93665],[36.03063,-1.91348],[36.04209,-1.90929],[36.0258,-1.88912],[36.04458,-1.87815],[36.04974,-1.84245],[36.02819,-1.80963],[36.0166,-1.80705],[36.03562,-1.76075],[36.04294,-1.70868],[36.06493,-1.69651],[36.04618,-1.65022],[36.07421,-1.5895],[36.08621,-1.57344],[36.0587,-1.49609],[36.04916,-1.48995],[36.06736,-1.47038],[36.05664,-1.44173],[36.03702,-1.43787],[36.02316,-1.39981],[36.00267,-1.38544],[35.97907,-1.3943],[35.9712,-1.38256],[35.92439,-1.35251],[35.91618,-1.32709],[35.93326,-1.32713],[35.94365,-1.30323],[35.9359,-1.27389],[35.91903,-1.26897],[35.90508,-1.22053],[35.8851,-1.21378],[35.86074,-1.21461],[35.84166,-1.22946],[35.80127,-1.18108],[35.78212,-1.18147],[35.76002,-1.15116],[35.73899,-1.13713],[35.73349,-1.11274],[35.71348,-1.08052],[35.69772,-1.0723],[35.69792,-1.05431],[35.75408,-1.04284],[35.74093,-1.02527],[35.73621,-0.97951],[35.74343,-0.95384],[35.74274,-0.89083],[35.73647,-0.86566],[35.75093,-0.80482],[35.72857,-0.74063],[35.60498,-0.73894],[35.50821,-0.63963],[35.49811,-0.6134],[35.39718,-0.64423],[35.42651,-0.72135],[35.43296,-0.72684]]]},"properties":{"shapeName":"Narok South","shapeID":"3690345B7468975008705","shapeGroup":"KEN","shapeType":"ADM2","name":"Narok South","code":"3690345B7468975008705"}},{"type":"Feature","geometry":{"type":"Polygon","coordinates":[[[35.35197,-0.96945],[35.33364,-0.97427],[35.31244,-0.99897],[35.24859,-1.03288],[35.21914,-1.06245],[35.20318,-1.09631],[35.17626,-1.07707],[35.17688,-1.10139],[35.14056,-1.13988],[35.09641,-1.13953],[35.0411,-1.20666],[35.03306,-1.24588],[35.0433,-1.26906],[35.03366,-1.31139],[35.00948,-1.31791],[34.98932,-1.34136],[35.0121,-1.38219],[35.03442,-1.39487],[35.06385,-1.43357],[35.03113,-1.47593],[35.0174,-1.55054],[35.20045,-1.65554],[35.25808,-1.68667],[35.52757,-1.8389],[35.67979,-1.74473],[35.74331,-1.75365],[35.74255,-1.72167],[35.76104,-1.70036],[35.78295,-1.64159],[35.767,-1.6251],[35.74558,-1.56863],[35.6788,-1.49402],[35.58501,-1.42123],[35.5947,-1.40697],[35.60333,-1.36362],[35.61974,-1.34792],[35.67537,-1.27694],[35.617,-1.18932],[35.56712,-1.13253],[35.58024,-1.11537],[35.5616,-1.09797],[35.54975,-1.06463],[35.5671,-1.02797],[35.56827,-0.9996],[35.50443,-0.93587],[35.50963,-0.91735],[35.53243,-0.90163],[35.54539,-0.87979],[35.53208,-0.84429],[35.55607,-0.81885],[35.53793,-0.80729],[35.5205,-0.8135],[35.47909,-0.83887],[35.46181,-0.87201],[35.42391,-0.90452],[35.42133,-0.9439],[35.35197,-0.96945]]]},"properties":{"shapeName":"Narok West","shapeID":"3690345B77596051964159","shapeGroup":"KEN","shapeType":"ADM2","name":"Narok West","code":"3690345B77596051964159"}},{"type":"Feature","geometry":{"type":"Polygon","coordinates":[[[34.58941,0.42128],[34.57735,0.40199],[34.58192,0.38498],[34.60457,0.38262],[34.64507,0.3265],[34.62297,0.30543],[34.62885,0.29173],[34.65383,0.30687],[34.67461,0.29813],[34.70265,0.30599],[34.72167,0.34033],[34.7525,0.34421],[34.77404,0.36255],[34.75506,0.38955],[34.72391,0.39401],[34.71027,0.41632],[34.74835,0.46493],[34.73993,0.48019],[34.68841,0.48657],[34.66648,0.46142],[34.64391,0.45144],[34.63165,0.46158],[34.61274,0.4443],[34.59196,0.44667],[34.58941,0.42128]]]},"properties":{"shapeName":"Navakholo","shapeID":"3690345B67128862820985","shapeGroup":"KEN","shapeType":"ADM2","name":"Navakholo","code":"3690345B67128862820985"}},{"type":"Feature","geometry":{"type":"Polygon","coordinates":[[[36.6597,-0.14981],[36.63504,-0.10425],[36.57254,-0.10126],[36.55132,-0.06714],[36.55566,-0.05253],[36.58616,-0.01766],[36.65054,-0.01371],[36.63714,0.01693],[36.60337,0.00546],[36.57723,0.07033],[36.52349,0.05044],[36.51151,0.08909],[36.46523,0.14024],[36.44592,0.09521],[36.42305,0.08522],[36.40142,0.05787],[36.42635,0.04648],[36.38966,0.0297],[36.40903,-0.00923],[36.41969,-0.06974],[36.44461,-0.16654],[36.42891,-0.16949],[36.42112,-0.19098],[36.41249,-0.173],[36.37876,-0.18539],[36.37327,-0.19896],[36.37592,-0.2539],[36.41183,-0.24718],[36.40197,-0.22317],[36.42995,-0.22498],[36.43906,-0.24553],[36.47789,-0.23541],[36.50159,-0.22129],[36.52728,-0.22329],[36.54595,-0.26073],[36.60251,-0.28224],[36.62088,-0.29728],[36.6903,-0.17179],[36.6597,-0.14981]]]},"properties":{"shapeName":"Ndaragwa","shapeID":"3690345B3969033763932","shapeGroup":"KEN","shapeType":"ADM2","name":"Ndaragwa","code":"3690345B3969033763932"}},{"type":"Feature","geometry":{"type":"Polygon","coordinates":[[[34.5363,-0.72831],[34.53427,-0.7022],[34.55917,-0.6718],[34.55605,-0.66407],[34.53122,-0.64275],[34.53672,-0.66055],[34.48217,-0.6622],[34.44137,-0.6316],[34.43337,-0.5933],[34.40477,-0.5568],[34.37827,-0.5881],[34.36582,-0.58821],[34.34827,-0.6553],[34.29065,-0.67248],[34.27017,-0.6892],[34.19727,-0.7345],[34.20044,-0.74314],[34.23278,-0.78199],[34.25437,-0.8193],[34.28547,-0.8252],[34.32464,-0.86625],[34.34147,-0.8549],[34.38147,-0.846],[34.38737,-0.8159],[34.42807,-0.8348],[34.46381,-0.86214],[34.46497,-0.8344],[34.48547,-0.7868],[34.51817,-0.7566],[34.5363,-0.72831]]]},"properties":{"shapeName":"Ndhiwa","shapeID":"3690345B51434917036574","shapeGroup":"KEN","shapeType":"ADM2","name":"Ndhiwa","code":"3690345B51434917036574"}},{"type":"Feature","geometry":{"type":"Polygon","coordinates":[[[37.32829,-0.76559],[37.34064,-0.74884],[37.32746,-0.71449],[37.31209,-0.69817],[37.30891,-0.67232],[37.28152,-0.64111],[37.26326,-0.60382],[37.24813,-0.57928],[37.24679,-0.5348],[37.21979,-0.48122],[37.21603,-0.4195],[37.30781,-0.14957],[37.19917,-0.43864],[37.17553,-0.44148],[37.17685,-0.48116],[37.16167,-0.49195],[37.16953,-0.51259],[37.14533,-0.52632],[37.14504,-0.56074],[37.16024,-0.59128],[37.17826,-0.59964],[37.16918,-0.63496],[37.18049,-0.66441],[37.20224,-0.6646],[37.21431,-0.68883],[37.23632,-0.66758],[37.2436,-0.70549],[37.26552,-0.74128],[37.25547,-0.75577],[37.26522,-0.78425],[37.26767,-0.78528],[37.2767,-0.75379],[37.31514,-0.7483],[37.32829,-0.76559]]]},"properties":{"shapeName":"Ndia","shapeID":"3690345B479778676508","shapeGroup":"KEN","shapeType":"ADM2","name":"Ndia","code":"3690345B479778676508"}},{"type":"Feature","geometry":{"type":"Polygon","coordinates":[[[37.30781,-0.14957],[37.49893,-0.31259],[37.55105,-0.35929],[37.6002,-0.38418],[37.63003,-0.38916],[37.66047,-0.42211],[37.69345,-0.43843],[37.71819,-0.44955],[37.78423,-0.44768],[37.81441,-0.4285],[37.83364,-0.40439],[37.86602,-0.38298],[37.87294,-0.35046],[37.89473,-0.35274],[37.89348,-0.31261],[37.86496,-0.30147],[37.84434,-0.2624],[37.80449,-0.3097],[37.78306,-0.29465],[37.73405,-0.29621],[37.71856,-0.31896],[37.66716,-0.29896],[37.63727,-0.31018],[37.61003,-0.30363],[37.30781,-0.14957]]]},"properties":{"shapeName":"Nithi","shapeID":"3690345B87545875120940","shapeGroup":"KEN","shapeType":"ADM2","name":"Nithi","code":"3690345B87545875120940"}},{"type":"Feature","geometry":{"type":"Polygon","coordinates":[[[36.07688,-0.4903],[36.07628,-0.48765],[36.06268,-0.40485],[36.04208,-0.37545],[36.02033,-0.3645],[35.99838,-0.29625],[35.97218,-0.32355],[35.95053,-0.31755],[35.89178,-0.28365],[35.86968,-0.2794],[35.86948,-0.31595],[35.88658,-0.32085],[35.87268,-0.35855],[35.85328,-0.36855],[35.87308,-0.37635],[35.83668,-0.43245],[35.8378,-0.4678],[35.83348,-0.493],[35.89008,-0.52355],[35.90528,-0.54415],[35.9453,-0.55565],[35.98332,-0.63155],[35.95159,-0.66642],[35.91698,-0.63595],[35.87665,-0.63847],[35.89318,-0.64715],[35.94681,-0.71376],[36.01225,-0.66392],[36.02908,-0.67948],[36.09758,-0.64081],[36.06268,-0.58705],[36.05458,-0.56035],[36.07288,-0.55425],[36.06688,-0.53075],[36.07818,-0.52445],[36.07688,-0.4903]]]},"properties":{"shapeName":"Njoro","shapeID":"3690345B46950883953132","shapeGroup":"KEN","shapeType":"ADM2","name":"Njoro","code":"3690345B46950883953132"}},{"type":"Feature","geometry":{"type":"Polygon","coordinates":[[[38.94049,2.14826],[38.81836,2.40186],[38.64235,2.77185],[38.52935,3.01194],[38.38596,3.30876],[38.12932,3.60826],[38.11318,3.62596],[38.0475,3.67555],[38.01872,3.70593],[38.00812,3.72896],[37.99328,3.73188],[37.91881,3.77343],[37.707,3.91263],[37.50082,4.05912],[37.13629,4.29516],[37.11327,4.30652],[37.08939,4.34362],[37.0654,4.34703],[37.03141,4.38573],[37.02097,4.37176],[36.9749,4.39813],[36.90986,4.4245],[36.87973,4.43175],[36.84398,4.44957],[36.68035,4.4413],[36.62558,4.45431],[36.54692,4.44429],[36.2334,4.45123],[36.0503,4.45146],[36.04964,4.06587],[36.05044,3.73744],[36.05133,3.34308],[36.25789,3.34483],[36.60954,3.1844],[36.97425,3.01801],[37.30389,2.86761],[37.79708,2.64233],[38.07644,2.53463],[38.14361,2.3042],[38.15977,2.29881],[38.19591,2.31084],[38.22972,2.29438],[38.27707,2.25807],[38.30042,2.25493],[38.3348,2.23113],[38.34843,2.19003],[38.37591,2.18342],[38.389,2.16717],[38.41039,2.16192],[38.43264,2.13103],[38.42741,2.10853],[38.44477,2.05233],[38.46225,2.03699],[38.54847,2.0005],[38.58014,1.97452],[38.62267,1.92087],[38.62893,1.90323],[38.7954,1.99893],[38.83542,2.02598],[38.96155,2.09946],[38.94049,2.14826]]]},"properties":{"shapeName":"North Horr","shapeID":"3690345B4448118045148","shapeGroup":"KEN","shapeType":"ADM2","name":"North Horr","code":"3690345B4448118045148"}},{"type":"Feature","geometry":{"type":"Polygon","coordinates":[[[37.57823,0.04746],[37.64404,0.0031],[37.66781,0.01274],[37.70484,0.00488],[37.7551,0.01434],[37.78925,0.01446],[37.85539,-0.01279],[37.87825,-0.01023],[37.90229,-0.0225],[37.93202,-0.06282],[37.93595,-0.03651],[37.92253,-0.02731],[37.9258,0.00166],[37.88703,0.002],[37.86079,0.02268],[37.81828,0.03104],[37.77469,0.05166],[37.75924,0.10071],[37.71734,0.10688],[37.68932,0.14624],[37.67655,0.15116],[37.63648,0.13322],[37.58483,0.13228],[37.60122,0.12646],[37.6105,0.09406],[37.60246,0.09],[37.60946,0.05638],[37.57823,0.04746]]]},"properties":{"shapeName":"North Imenti","shapeID":"3690345B12906040129315","shapeGroup":"KEN","shapeType":"ADM2","name":"North Imenti","code":"3690345B12906040129315"}},{"type":"Feature","geometry":{"type":"Polygon","coordinates":[[[35.03287,-0.49616],[35.04589,-0.45218],[35.0336,-0.4199],[35.01986,-0.40965],[34.99917,-0.4274],[34.96697,-0.4405],[34.93117,-0.4686],[34.94147,-0.4781],[34.92927,-0.5224],[34.94186,-0.55175],[34.96207,-0.53949],[34.98767,-0.5812],[35.01047,-0.5976],[35.03232,-0.5904],[35.03287,-0.49616]]]},"properties":{"shapeName":"North Mugirango","shapeID":"3690345B98609233443148","shapeGroup":"KEN","shapeType":"ADM2","name":"North Mugirango","code":"3690345B98609233443148"}},{"type":"Feature","geometry":{"type":"Polygon","coordinates":[[[35.01059,-0.38925],[35.00594,-0.33485],[35.0469,-0.3006],[35.05211,-0.28057],[35.02952,-0.28348],[35.0001,-0.26742],[34.94181,-0.22307],[34.91882,-0.23469],[34.88446,-0.26585],[34.86702,-0.29204],[34.82859,-0.29177],[34.7729,-0.25795],[34.70501,-0.25676],[34.75526,-0.28985],[34.79022,-0.32968],[34.78562,-0.34007],[34.81891,-0.36552],[34.82481,-0.38621],[34.88832,-0.3991],[34.91445,-0.3838],[34.91402,-0.40125],[34.95033,-0.41427],[34.9813,-0.41248],[35.01059,-0.38925]]]},"properties":{"shapeName":"Nyakach","shapeID":"3690345B60685501176062","shapeGroup":"KEN","shapeType":"ADM2","name":"Nyakach","code":"3690345B60685501176062"}},{"type":"Feature","geometry":{"type":"Polygon","coordinates":[[[39.68121,-4.04493],[39.70071,-4.05723],[39.73031,-4.0158],[39.72656,-4.00616],[39.69818,-3.99991],[39.68121,-4.04493]]]},"properties":{"shapeName":"Nyali","shapeID":"3690345B58494489025359","shapeGroup":"KEN","shapeType":"ADM2","name":"Nyali","code":"3690345B58494489025359"}},{"type":"Feature","geometry":{"type":"Polygon","coordinates":[[[34.70501,-0.25676],[34.7729,-0.25795],[34.82859,-0.29177],[34.86702,-0.29204],[34.88446,-0.26585],[34.91882,-0.23469],[34.94181,-0.22307],[35.0001,-0.26742],[35.02952,-0.28348],[35.05211,-0.28057],[35.0574,-0.23529],[35.07193,-0.20725],[35.103,-0.19972],[35.12919,-0.15354],[35.12063,-0.14144],[35.0871,-0.15889],[35.04395,-0.14675],[35.01481,-0.16023],[34.99515,-0.14119],[34.94698,-0.14051],[34.92008,-0.16838],[34.89514,-0.16207],[34.90402,-0.12471],[34.87364,-0.11702],[34.83214,-0.1428],[34.7952,-0.14793],[34.80248,-0.16343],[34.78285,-0.18953],[34.66764,-0.18935],[34.53037,-0.27063],[34.70501,-0.25676]]]},"properties":{"shapeName":"Nyando","shapeID":"3690345B75499732008954","shapeGroup":"KEN","shapeType":"ADM2","name":"Nyando","code":"3690345B75499732008954"}},{"type":"Feature","geometry":{"type":"Polygon","coordinates":[[[34.85447,-0.8126],[34.88367,-0.781],[34.91665,-0.75916],[34.86911,-0.73311],[34.77862,-0.67405],[34.76667,-0.6613],[34.75507,-0.6753],[34.74543,-0.70527],[34.75426,-0.72561],[34.85447,-0.8126]]]},"properties":{"shapeName":"Nyaribari Chache","shapeID":"3690345B1553189525138","shapeGroup":"KEN","shapeType":"ADM2","name":"Nyaribari Chache","code":"3690345B1553189525138"}},{"type":"Feature","geometry":{"type":"Polygon","coordinates":[[[34.91717,-0.9107],[34.99011,-0.89333],[35.01283,-0.88792],[34.95049,-0.78262],[34.91665,-0.75916],[34.88367,-0.781],[34.85447,-0.8126],[34.89212,-0.85591],[34.91717,-0.9107]]]},"properties":{"shapeName":"Nyaribari Masaba","shapeID":"3690345B15425967230787","shapeGroup":"KEN","shapeType":"ADM2","name":"Nyaribari Masaba","code":"3690345B15425967230787"}},{"type":"Feature","geometry":{"type":"Polygon","coordinates":[[[34.20044,-0.74314],[34.14427,-0.776],[34.08757,-0.7846],[34.07957,-0.8052],[33.92587,-0.8048],[33.93397,-1.0001],[34.01697,-1.0003],[34.03337,-1.0402],[34.04597,-1.0433],[34.08097,-1.0198],[34.24947,-1.1137],[34.27495,-1.08318],[34.27027,-1.0371],[34.33413,-0.99768],[34.35627,-0.97715],[34.34027,-0.9633],[34.33547,-0.9391],[34.34347,-0.8993],[34.32464,-0.86625],[34.28547,-0.8252],[34.25437,-0.8193],[34.23278,-0.78199],[34.20044,-0.74314]]]},"properties":{"shapeName":"Nyatike","shapeID":"3690345B78921482472620","shapeGroup":"KEN","shapeType":"ADM2","name":"Nyatike","code":"3690345B78921482472620"}},{"type":"Feature","geometry":{"type":"Polygon","coordinates":[[[36.88679,-0.3973],[36.90099,-0.4171],[36.87545,-0.4254],[36.91964,-0.46532],[36.95004,-0.4546],[36.96005,-0.4772],[36.97832,-0.45777],[37.00137,-0.46994],[37.02308,-0.4652],[37.04542,-0.48427],[37.05407,-0.47005],[37.0407,-0.44281],[37.04627,-0.42754],[37.02879,-0.39979],[37.00905,-0.39203],[36.98964,-0.34925],[36.96515,-0.36721],[36.9315,-0.35726],[36.91861,-0.37122],[36.88992,-0.37954],[36.88679,-0.3973]]]},"properties":{"shapeName":"Nyeri Town","shapeID":"3690345B58692620094819","shapeGroup":"KEN","shapeType":"ADM2","name":"Nyeri Town","code":"3690345B58692620094819"}},{"type":"Feature","geometry":{"type":"Polygon","coordinates":[[[36.22126,-0.32665],[36.23197,-0.34147],[36.263,-0.34083],[36.27579,-0.39043],[36.31115,-0.36673],[36.31312,-0.341],[36.29054,-0.27609],[36.31326,-0.26753],[36.31012,-0.19734],[36.31324,-0.17024],[36.33991,-0.17822],[36.34825,-0.15934],[36.3724,-0.16058],[36.37876,-0.18539],[36.41249,-0.173],[36.42112,-0.19098],[36.42891,-0.16949],[36.44461,-0.16654],[36.41969,-0.06974],[36.40903,-0.00923],[36.38966,0.0297],[36.35283,0.01826],[36.34754,0.03383],[36.27377,0.00286],[36.25699,-0.01952],[36.25259,-0.03146],[36.24667,-0.11574],[36.22068,-0.10317],[36.21213,-0.11934],[36.20078,-0.13415],[36.21182,-0.20062],[36.23728,-0.22785],[36.24609,-0.25261],[36.21282,-0.26753],[36.22126,-0.32665]]]},"properties":{"shapeName":"Ol Jorok","shapeID":"3690345B69894021790140","shapeGroup":"KEN","shapeType":"ADM2","name":"Ol Jorok","code":"3690345B69894021790140"}},{"type":"Feature","geometry":{"type":"Polygon","coordinates":[[[36.38704,-0.45833],[36.42878,-0.40642],[36.41592,-0.34703],[36.41486,-0.28228],[36.40986,-0.26006],[36.435,-0.26394],[36.43906,-0.24553],[36.42995,-0.22498],[36.40197,-0.22317],[36.41183,-0.24718],[36.37592,-0.2539],[36.37327,-0.19896],[36.37876,-0.18539],[36.3724,-0.16058],[36.34825,-0.15934],[36.33991,-0.17822],[36.31324,-0.17024],[36.31012,-0.19734],[36.31326,-0.26753],[36.29054,-0.27609],[36.31312,-0.341],[36.31115,-0.36673],[36.31387,-0.38384],[36.33431,-0.38673],[36.36021,-0.37606],[36.38609,-0.42538],[36.38704,-0.45833]]]},"properties":{"shapeName":"Ol Kalou","shapeID":"3690345B95130653030363","shapeGroup":"KEN","shapeType":"ADM2","name":"Ol Kalou","code":"3690345B95130653030363"}},{"type":"Feature","geometry":{"type":"Polygon","coordinates":[[[36.70872,-0.62313],[36.70811,-0.58497],[36.73507,-0.56438],[36.80898,-0.56923],[36.81113,-0.57925],[36.86095,-0.60478],[36.91378,-0.60814],[36.9775,-0.57753],[37.0018,-0.52179],[36.98736,-0.50682],[36.96031,-0.50841],[36.9496,-0.49465],[36.91381,-0.50487],[36.87289,-0.4924],[36.8184,-0.48734],[36.75801,-0.50398],[36.7297,-0.48143],[36.70513,-0.48398],[36.68794,-0.51027],[36.658,-0.50886],[36.67032,-0.57106],[36.68517,-0.59753],[36.70762,-0.62524],[36.70872,-0.62313]]]},"properties":{"shapeName":"Othaya","shapeID":"3690345B44721723206287","shapeGroup":"KEN","shapeType":"ADM2","name":"Othaya","code":"3690345B44721723206287"}},{"type":"Feature","geometry":{"type":"Polygon","coordinates":[[[35.15162,1.20057],[35.32529,1.11995],[35.35748,1.13375],[35.42288,1.1878],[35.46714,1.22524],[35.44588,1.27686],[35.43523,1.28072],[35.44982,1.3288],[35.44785,1.36245],[35.43609,1.40644],[35.46514,1.42841],[35.40821,1.43594],[35.37572,1.48146],[35.34211,1.5063],[35.39227,1.53818],[35.35385,1.55845],[35.32735,1.54144],[35.24316,1.53333],[35.23157,1.54363],[35.19393,1.51381],[35.20306,1.5003],[35.16797,1.48675],[35.12758,1.47942],[35.12497,1.42234],[35.14844,1.39854],[35.14175,1.37214],[35.13014,1.36974],[35.14095,1.34589],[35.13142,1.33934],[35.13765,1.31364],[35.16036,1.29131],[35.14635,1.27073],[35.1731,1.25464],[35.22028,1.25922],[35.20807,1.23414],[35.15162,1.20057]]]},"properties":{"shapeName":"Pokot South","shapeID":"3690345B29187481268385","shapeGroup":"KEN","shapeType":"ADM2","name":"Pokot South","code":"3690345B29187481268385"}},{"type":"Feature","geometry":{"type":"Polygon","coordinates":[[[39.60867,-3.95742],[39.64807,-3.95934],[39.64617,-3.95059],[39.64211,-3.92572],[39.67219,-3.92028],[39.6994,-3.8912],[39.70172,-3.8639],[39.68658,-3.82549],[39.65821,-3.80085],[39.65345,-3.77589],[39.63869,-3.78079],[39.64198,-3.80663],[39.62918,-3.83728],[39.61061,-3.85053],[39.60501,-3.83855],[39.57592,-3.84001],[39.57611,-3.85271],[39.54959,-3.87284],[39.55034,-3.89572],[39.52087,-3.91732],[39.52781,-3.94687],[39.54774,-3.96469],[39.5398,-3.98721],[39.56969,-3.99155],[39.56926,-3.97501],[39.59876,-3.95005],[39.60867,-3.95742]]]},"properties":{"shapeName":"Rabai","shapeID":"3690345B74333595130890","shapeGroup":"KEN","shapeType":"ADM2","name":"Rabai","code":"3690345B74333595130890"}},{"type":"Feature","geometry":{"type":"Polygon","coordinates":[[[34.65937,-0.60145],[34.63527,-0.5525],[34.62917,-0.5168],[34.63667,-0.4854],[34.60877,-0.478],[34.59097,-0.4568],[34.54977,-0.4663],[34.53306,-0.45775],[34.48277,-0.4613],[34.38671,-0.36433],[34.37587,-0.3734],[34.48231,-0.47756],[34.50056,-0.49011],[34.51791,-0.53216],[34.52107,-0.5623],[34.53917,-0.5779],[34.56612,-0.6617],[34.60907,-0.6495],[34.63467,-0.66059],[34.65937,-0.60145]]]},"properties":{"shapeName":"Rangwe","shapeID":"3690345B99365267658233","shapeGroup":"KEN","shapeType":"ADM2","name":"Rangwe","code":"3690345B99365267658233"}},{"type":"Feature","geometry":{"type":"Polygon","coordinates":[[[34.24022,-0.33838],[34.26777,-0.4099],[34.28367,-0.4259],[34.31327,-0.4246],[34.35752,-0.38882],[34.37587,-0.3734],[34.38671,-0.36433],[34.42187,-0.3348],[34.48309,-0.29863],[34.41507,-0.094],[34.41686,-0.07651],[34.38237,-0.06104],[34.31005,-0.11903],[34.27657,-0.2001],[34.24415,-0.23599],[34.24022,-0.33838]]]},"properties":{"shapeName":"Rarieda","shapeID":"3690345B79902810586974","shapeGroup":"KEN","shapeType":"ADM2","name":"Rarieda","code":"3690345B79902810586974"}},{"type":"Feature","geometry":{"type":"Polygon","coordinates":[[[36.05528,-0.18465],[36.05558,-0.16795],[36.02488,-0.15145],[36.01848,-0.08575],[36.06118,-0.07435],[36.05998,-0.09725],[36.07498,-0.11695],[36.07648,-0.08225],[36.08618,-0.06195],[36.11663,-0.07099],[36.13048,-0.0281],[36.15288,-0.02755],[36.17508,0.00505],[36.17708,0.06035],[36.19083,0.10435],[36.22418,0.10285],[36.24458,0.14305],[36.22168,0.18365],[36.1991,0.20212],[36.14828,0.18675],[36.12813,0.0605],[36.10633,0.0625],[36.11358,0.00685],[36.09368,-0.00995],[36.05558,0.00455],[36.04278,0.02075],[36.00768,0.03225],[36.00038,0.06035],[35.96568,0.05925],[35.96533,0.07955],[35.94068,0.0972],[35.92978,0.06975],[35.97643,0.02103],[35.97018,-0.01285],[35.94818,-0.05105],[35.91848,-0.07965],[35.90038,-0.04665],[35.87707,-0.03356],[35.82038,-0.11574],[35.80368,-0.09755],[35.79048,-0.11005],[35.78563,-0.16958],[35.83098,-0.19515],[35.81263,-0.2112],[35.80448,-0.24025],[35.85778,-0.26075],[35.86968,-0.2794],[35.89178,-0.28365],[35.95053,-0.31755],[35.97218,-0.32355],[35.99838,-0.29625],[36.01138,-0.27435],[36.04169,-0.27005],[36.05388,-0.24915],[36.05528,-0.18465]]]},"properties":{"shapeName":"Rongai","shapeID":"3690345B22198050855445","shapeGroup":"KEN","shapeType":"ADM2","name":"Rongai","code":"3690345B22198050855445"}},{"type":"Feature","geometry":{"type":"Polygon","coordinates":[[[34.62157,-0.9854],[34.64147,-0.96645],[34.62257,-0.9418],[34.61047,-0.8409],[34.62077,-0.8403],[34.62847,-0.7288],[34.64303,-0.70404],[34.63467,-0.66059],[34.60907,-0.6495],[34.56612,-0.6617],[34.55605,-0.66407],[34.55917,-0.6718],[34.53427,-0.7022],[34.5363,-0.72831],[34.54125,-0.74317],[34.56987,-0.7552],[34.57407,-0.783],[34.56367,-0.7987],[34.58617,-0.8323],[34.58637,-0.902],[34.59807,-0.9446],[34.62157,-0.9854]]]},"properties":{"shapeName":"Rongo","shapeID":"3690345B66015009568744","shapeGroup":"KEN","shapeType":"ADM2","name":"Rongo","code":"3690345B66015009568744"}},{"type":"Feature","geometry":{"type":"Polygon","coordinates":[[[36.89747,-1.15821],[36.888,-1.17135],[36.89842,-1.19037],[36.86321,-1.18792],[36.84925,-1.21132],[36.83404,-1.21248],[36.84612,-1.24545],[36.84182,-1.25796],[36.85066,-1.25636],[36.86921,-1.23603],[36.91243,-1.20505],[36.94164,-1.1733],[36.89747,-1.15821]]]},"properties":{"shapeName":"Roysambu","shapeID":"3690345B88472168203612","shapeGroup":"KEN","shapeType":"ADM2","name":"Roysambu","code":"3690345B88472168203612"}},{"type":"Feature","geometry":{"type":"Polygon","coordinates":[[[36.91128,-1.2353],[36.86921,-1.23603],[36.85066,-1.25636],[36.87731,-1.24651],[36.88935,-1.25204],[36.91128,-1.2353]]]},"properties":{"shapeName":"Ruaraka","shapeID":"3690345B35970113576502","shapeGroup":"KEN","shapeType":"ADM2","name":"Ruaraka","code":"3690345B35970113576502"}},{"type":"Feature","geometry":{"type":"Polygon","coordinates":[[[36.94164,-1.1733],[36.91243,-1.20505],[36.95705,-1.22701],[36.99125,-1.22262],[37.0108,-1.234],[37.03777,-1.21035],[37.06271,-1.2027],[37.08624,-1.24627],[37.10176,-1.25908],[37.11858,-1.23554],[37.15231,-1.22225],[37.15614,-1.19702],[37.13138,-1.2028],[37.08315,-1.16744],[37.02332,-1.17519],[36.96132,-1.14334],[36.94164,-1.1733]]]},"properties":{"shapeName":"Ruiru","shapeID":"3690345B55338568349306","shapeGroup":"KEN","shapeType":"ADM2","name":"Ruiru","code":"3690345B55338568349306"}},{"type":"Feature","geometry":{"type":"Polygon","coordinates":[[[37.59948,-0.51589],[37.64549,-0.5289],[37.66414,-0.51395],[37.6837,-0.5157],[37.69337,-0.49394],[37.71303,-0.48934],[37.67978,-0.47107],[37.69345,-0.43843],[37.66047,-0.42211],[37.63003,-0.38916],[37.6002,-0.38418],[37.55105,-0.35929],[37.49893,-0.31259],[37.30781,-0.14957],[37.47404,-0.34554],[37.4976,-0.38788],[37.48119,-0.3973],[37.48943,-0.44119],[37.50761,-0.46314],[37.53255,-0.4698],[37.54365,-0.45331],[37.55763,-0.50017],[37.59948,-0.51589]]]},"properties":{"shapeName":"Runyenjes","shapeID":"3690345B92144089270932","shapeGroup":"KEN","shapeType":"ADM2","name":"Runyenjes","code":"3690345B92144089270932"}},{"type":"Feature","geometry":{"type":"Polygon","coordinates":[[[34.67469,0.08668],[34.69908,0.08225],[34.74103,0.08613],[34.74874,0.06686],[34.80531,0.08608],[34.82512,0.12928],[34.81734,0.15973],[34.7703,0.15321],[34.7604,0.13911],[34.73757,0.14983],[34.68031,0.12614],[34.67469,0.08668]]]},"properties":{"shapeName":"Sabatia","shapeID":"3690345B66034792821771","shapeGroup":"KEN","shapeType":"ADM2","name":"Sabatia","code":"3690345B66034792821771"}},{"type":"Feature","geometry":{"type":"Polygon","coordinates":[[[34.6768,1.02451],[34.73989,0.93953],[34.76849,0.92305],[34.78526,0.92596],[34.80071,0.90651],[34.78668,0.89102],[34.79635,0.85721],[34.80125,0.8483],[34.83556,0.86597],[34.82711,0.88111],[34.84865,0.90218],[34.88142,0.91049],[34.87066,0.91634],[34.88365,0.9378],[34.95189,0.9743],[34.98777,0.98404],[35.01119,0.97038],[35.0239,0.9852],[35.00433,0.99727],[35.00248,1.02151],[34.98288,1.04218],[34.93717,1.05082],[34.92106,1.02667],[34.90364,1.03362],[34.83061,1.00826],[34.81366,1.02519],[34.78686,1.03148],[34.78127,1.0152],[34.75069,1.0192],[34.72714,1.03416],[34.72688,1.01741],[34.6768,1.02451]]]},"properties":{"shapeName":"Saboti","shapeID":"3690345B89105260268555","shapeGroup":"KEN","shapeType":"ADM2","name":"Saboti","code":"3690345B89105260268555"}},{"type":"Feature","geometry":{"type":"Polygon","coordinates":[[[38.14361,2.3042],[38.07644,2.53463],[37.79708,2.64233],[37.75719,2.12685],[37.89125,2.11028],[38.03694,2.10297],[38.18501,2.16003],[38.14361,2.3042]]]},"properties":{"shapeName":"Saku","shapeID":"3690345B97968692323011","shapeGroup":"KEN","shapeType":"ADM2","name":"Saku","code":"3690345B97968692323011"}},{"type":"Feature","geometry":{"type":"Polygon","coordinates":[[[38.08049,0.78375],[38.04684,0.80562],[38.03264,1.08549],[37.94918,1.19424],[37.9463,1.26343],[37.95167,1.38733],[37.85349,1.45916],[37.84305,1.42555],[37.77822,1.41155],[37.74783,1.41301],[37.65872,1.3949],[37.6477,1.39833],[37.62307,1.37757],[37.59967,1.39074],[37.58831,1.36802],[37.55889,1.39611],[37.49987,1.50055],[37.47416,1.55137],[37.40893,1.65029],[37.38258,1.63135],[37.38228,1.61415],[37.34748,1.58495],[37.31468,1.57315],[37.23987,1.53556],[37.19328,1.53745],[37.13073,1.50134],[37.08178,1.49945],[37.06338,1.48635],[37.04508,1.49425],[36.98108,1.48255],[36.94468,1.41885],[36.91139,1.38609],[36.89236,1.37753],[36.87428,1.33395],[36.90368,1.29365],[36.92518,1.25035],[36.95513,1.23175],[36.95368,1.19725],[36.96424,1.18112],[37.01941,1.14162],[37.03518,1.1437],[37.05882,1.11092],[37.04588,1.09935],[37.03425,1.02951],[37.01738,0.99805],[37.02136,0.98702],[37.00618,0.95455],[36.99521,0.89362],[36.99868,0.82815],[36.97908,0.81895],[36.98028,0.79625],[36.96698,0.76985],[36.93767,0.76741],[36.93494,0.75405],[36.96659,0.74316],[37.00821,0.75271],[37.10244,0.78761],[37.13437,0.75995],[37.15001,0.76092],[37.16521,0.7438],[37.19981,0.74715],[37.21877,0.74039],[37.25695,0.76441],[37.28857,0.73776],[37.35271,0.62335],[37.35431,0.60165],[37.38903,0.57854],[37.44621,0.5817],[37.47102,0.59418],[37.49087,0.57975],[37.53207,0.56683],[37.5824,0.57701],[37.58256,0.58887],[37.63632,0.60155],[37.63956,0.62283],[37.68158,0.64347],[37.69217,0.66483],[37.70958,0.66905],[37.7255,0.65559],[37.7494,0.67732],[37.79226,0.67204],[37.8333,0.67999],[37.84841,0.7153],[37.8741,0.72968],[37.87797,0.74478],[37.91181,0.71475],[37.94596,0.74494],[37.97271,0.75631],[38.016,0.80478],[38.05365,0.77923],[38.08049,0.78375]]]},"properties":{"shapeName":"Samburu East","shapeID":"3690345B82723098757823","shapeGroup":"KEN","shapeType":"ADM2","name":"Samburu East","code":"3690345B82723098757823"}},{"type":"Feature","geometry":{"type":"Polygon","coordinates":[[[36.6024,2.4048],[36.6013,2.36083],[36.72467,2.30204],[36.72368,2.27705],[36.7012,2.19915],[36.65883,2.17489],[36.61127,2.15692],[36.58503,2.14089],[36.56486,2.10443],[36.56906,2.05797],[36.54633,2.03131],[36.5466,1.99582],[36.5321,1.95728],[36.54132,1.96033],[36.53755,1.9077],[36.51568,1.87948],[36.52487,1.84688],[36.51554,1.82323],[36.53473,1.80713],[36.51298,1.77528],[36.52764,1.7575],[36.47043,1.65726],[36.46278,1.61482],[36.44124,1.61502],[36.42651,1.57312],[36.41336,1.56229],[36.39773,1.52809],[36.37575,1.54329],[36.37109,1.59631],[36.35712,1.57111],[36.33465,1.56944],[36.30267,1.54124],[36.29999,1.49134],[36.2888,1.46849],[36.32698,1.46708],[36.3549,1.43767],[36.39236,1.44535],[36.42828,1.40851],[36.46395,1.40254],[36.48113,1.42355],[36.52668,1.45105],[36.52628,1.43635],[36.56918,1.40345],[36.62855,1.3826],[36.62208,1.36885],[36.63168,1.34485],[36.61588,1.30385],[36.61548,1.27635],[36.60048,1.25715],[36.61808,1.17665],[36.70581,1.17694],[36.76318,1.11055],[36.77823,1.06265],[36.81308,0.99175],[36.84898,1.00375],[36.86373,1.0189],[36.89728,0.99275],[36.89565,0.95336],[36.92808,0.91565],[36.97027,0.90373],[36.97648,0.91485],[36.99521,0.89362],[37.00618,0.95455],[37.02136,0.98702],[37.01738,0.99805],[37.03425,1.02951],[37.04588,1.09935],[37.05882,1.11092],[37.03518,1.1437],[37.01941,1.14162],[36.96424,1.18112],[36.95368,1.19725],[36.95513,1.23175],[36.92518,1.25035],[36.90368,1.29365],[36.87428,1.33395],[36.89236,1.37753],[36.91139,1.38609],[36.94468,1.41885],[36.98108,1.48255],[37.04508,1.49425],[37.06338,1.48635],[37.08178,1.49945],[37.13073,1.50134],[37.19328,1.53745],[37.23987,1.53556],[37.31468,1.57315],[37.34748,1.58495],[37.38228,1.61415],[37.38258,1.63135],[37.40893,1.65029],[37.35879,1.72955],[37.30533,1.75157],[37.27403,1.8699],[37.23326,1.87258],[37.21957,1.89139],[37.18107,1.91807],[37.16393,1.94017],[37.16122,1.96458],[37.12286,1.96714],[37.07536,1.98253],[37.01135,1.98443],[36.99727,1.99976],[36.94879,2.02648],[36.91633,2.01916],[36.92173,2.06016],[36.91379,2.12637],[36.89489,2.19273],[36.86459,2.25445],[36.84455,2.27496],[36.75919,2.51476],[36.70938,2.50757],[36.70053,2.51226],[36.70357,2.4787],[36.69633,2.454],[36.6855,2.45778],[36.64851,2.4132],[36.6024,2.4048]]]},"properties":{"shapeName":"Samburu North","shapeID":"3690345B53062225546696","shapeGroup":"KEN","shapeType":"ADM2","name":"Samburu North","code":"3690345B53062225546696"}},{"type":"Feature","geometry":{"type":"Polygon","coordinates":[[[36.93494,0.75405],[36.93767,0.76741],[36.96698,0.76985],[36.98028,0.79625],[36.97908,0.81895],[36.99868,0.82815],[36.99521,0.89362],[36.97648,0.91485],[36.97027,0.90373],[36.92808,0.91565],[36.89565,0.95336],[36.89728,0.99275],[36.86373,1.0189],[36.84898,1.00375],[36.81308,0.99175],[36.77823,1.06265],[36.76318,1.11055],[36.70581,1.17694],[36.61808,1.17665],[36.60048,1.25715],[36.61548,1.27635],[36.61588,1.30385],[36.63168,1.34485],[36.62208,1.36885],[36.62855,1.3826],[36.56918,1.40345],[36.52628,1.43635],[36.52668,1.45105],[36.48113,1.42355],[36.46395,1.40254],[36.46025,1.37157],[36.42248,1.34647],[36.42108,1.33472],[36.39322,1.3132],[36.42109,1.29584],[36.43609,1.30381],[36.45061,1.27167],[36.44757,1.25219],[36.40926,1.27875],[36.3891,1.26349],[36.41208,1.26003],[36.42149,1.23563],[36.39534,1.22105],[36.3982,1.17366],[36.41992,1.18689],[36.44263,1.17522],[36.43384,1.13974],[36.44455,1.11589],[36.43922,1.08511],[36.44266,1.04282],[36.45319,1.01828],[36.43127,0.95169],[36.39535,0.91312],[36.41748,0.90275],[36.44418,0.87335],[36.48966,0.84784],[36.48489,0.81483],[36.67478,0.81495],[36.71311,0.8199],[36.73862,0.83181],[36.75687,0.86055],[36.79314,0.87133],[36.81918,0.85595],[36.81929,0.8428],[36.86499,0.73937],[36.90249,0.74122],[36.9151,0.72913],[36.9308,0.74453],[36.93494,0.75405]]]},"properties":{"shapeName":"Samburu West","shapeID":"3690345B66699120795125","shapeGroup":"KEN","shapeType":"ADM2","name":"Samburu West","code":"3690345B66699120795125"}},{"type":"Feature","geometry":{"type":"Polygon","coordinates":[[[34.41686,-0.07651],[34.41507,-0.094],[34.48309,-0.29863],[34.53037,-0.27063],[34.66764,-0.18935],[34.58129,-0.19006],[34.57341,-0.14138],[34.58168,-0.11103],[34.60088,-0.07518],[34.58304,-0.0313],[34.56525,-0.03985],[34.56408,-0.01804],[34.53303,-0.01414],[34.4845,-0.03114],[34.43131,-0.06152],[34.41686,-0.07651]]]},"properties":{"shapeName":"Seme","shapeID":"3690345B94022064198400","shapeGroup":"KEN","shapeType":"ADM2","name":"Seme","code":"3690345B94022064198400"}},{"type":"Feature","geometry":{"type":"Polygon","coordinates":[[[34.96543,0.27359],[34.94199,0.32593],[34.93708,0.36083],[34.94958,0.35775],[34.9379,0.39034],[34.90864,0.39832],[34.88192,0.38303],[34.87526,0.3671],[34.85487,0.37071],[34.81835,0.33894],[34.7959,0.33603],[34.78571,0.32569],[34.79217,0.29389],[34.77696,0.28301],[34.77309,0.25807],[34.73437,0.25927],[34.71244,0.24572],[34.71396,0.219],[34.78002,0.17691],[34.8108,0.18362],[34.85233,0.18615],[34.86141,0.2001],[34.92567,0.20035],[34.94335,0.20944],[34.95646,0.24176],[34.97847,0.24191],[34.96543,0.27359]]]},"properties":{"shapeName":"Shinyalu","shapeID":"3690345B96442316049931","shapeGroup":"KEN","shapeType":"ADM2","name":"Shinyalu","code":"3690345B96442316049931"}},{"type":"Feature","geometry":{"type":"Polygon","coordinates":[[[37.89289,-0.6559],[37.89375,-0.64536],[37.9226,-0.62445],[37.88324,-0.58279],[37.88235,-0.53507],[37.91384,-0.46558],[37.93617,-0.4277],[37.9091,-0.41415],[37.8898,-0.39318],[37.89473,-0.35274],[37.87294,-0.35046],[37.86602,-0.38298],[37.83364,-0.40439],[37.81441,-0.4285],[37.78423,-0.44768],[37.71819,-0.44955],[37.69345,-0.43843],[37.67978,-0.47107],[37.71303,-0.48934],[37.69337,-0.49394],[37.6837,-0.5157],[37.66414,-0.51395],[37.64549,-0.5289],[37.59948,-0.51589],[37.56627,-0.52069],[37.54774,-0.53884],[37.5661,-0.54883],[37.55652,-0.58132],[37.57359,-0.59486],[37.56784,-0.6233],[37.59308,-0.6082],[37.66105,-0.63532],[37.67518,-0.65201],[37.73233,-0.66456],[37.77611,-0.63628],[37.78808,-0.64289],[37.79753,-0.62177],[37.83247,-0.65656],[37.85942,-0.647],[37.89289,-0.6559]]]},"properties":{"shapeName":"Siakago","shapeID":"3690345B46140582355746","shapeGroup":"KEN","shapeType":"ADM2","name":"Siakago","code":"3690345B46140582355746"}},{"type":"Feature","geometry":{"type":"Polygon","coordinates":[[[35.39227,1.53818],[35.34211,1.5063],[35.37572,1.48146],[35.40821,1.43594],[35.46514,1.42841],[35.43609,1.40644],[35.44785,1.36245],[35.44982,1.3288],[35.43523,1.28072],[35.44588,1.27686],[35.46714,1.22524],[35.54451,1.28706],[35.57923,1.29213],[35.60635,1.27928],[35.63175,1.30135],[35.69736,1.31876],[35.68789,1.35887],[35.71099,1.41172],[35.70651,1.43816],[35.72087,1.45277],[35.72049,1.47396],[35.76916,1.53443],[35.78362,1.58111],[35.77746,1.64504],[35.78565,1.65613],[35.7817,1.6643],[35.73856,1.67905],[35.70344,1.70501],[35.64834,1.74216],[35.60864,1.75128],[35.59425,1.76409],[35.5034,1.76703],[35.47586,1.80041],[35.4729,1.8375],[35.46134,1.84149],[35.37157,1.92745],[35.3711,1.89226],[35.35787,1.8758],[35.33675,1.82489],[35.34579,1.75997],[35.36717,1.72205],[35.35352,1.65072],[35.37107,1.63931],[35.38002,1.58976],[35.41391,1.53443],[35.39227,1.53818]]]},"properties":{"shapeName":"Sigor","shapeID":"3690345B8359999090101","shapeGroup":"KEN","shapeType":"ADM2","name":"Sigor","code":"3690345B8359999090101"}},{"type":"Feature","geometry":{"type":"Polygon","coordinates":[[[35.25305,-0.2153],[35.24592,-0.20154],[35.21914,-0.19177],[35.2155,-0.17345],[35.19761,-0.16077],[35.13803,-0.16082],[35.12919,-0.15354],[35.103,-0.19972],[35.07193,-0.20725],[35.0574,-0.23529],[35.05211,-0.28057],[35.0469,-0.3006],[35.00594,-0.33485],[35.01059,-0.38925],[35.01986,-0.40965],[35.0336,-0.4199],[35.04589,-0.45218],[35.03287,-0.49616],[35.05245,-0.49811],[35.0853,-0.47231],[35.0925,-0.41981],[35.1172,-0.38691],[35.1352,-0.38641],[35.1436,-0.35631],[35.12781,-0.33625],[35.17012,-0.32713],[35.1661,-0.30852],[35.18,-0.29151],[35.1885,-0.25046],[35.2026,-0.25901],[35.2096,-0.24281],[35.2457,-0.26551],[35.25305,-0.2153]]]},"properties":{"shapeName":"Sigowet/Soin","shapeID":"3690345B8364842533504","shapeGroup":"KEN","shapeType":"ADM2","name":"Sigowet/Soin","code":"3690345B8364842533504"}},{"type":"Feature","geometry":{"type":"Polygon","coordinates":[[[34.50277,0.68436],[34.54436,0.70343],[34.5538,0.73427],[34.57731,0.77778],[34.57085,0.79881],[34.52432,0.79546],[34.50724,0.76815],[34.48703,0.79016],[34.46362,0.78786],[34.44713,0.81393],[34.41431,0.812],[34.38458,0.80257],[34.36258,0.77716],[34.39248,0.76073],[34.43029,0.75173],[34.43172,0.72669],[34.40465,0.72686],[34.41757,0.65996],[34.4283,0.67789],[34.45071,0.68655],[34.46801,0.6765],[34.47832,0.69126],[34.50277,0.68436]]]},"properties":{"shapeName":"Sirisia","shapeID":"3690345B98600192059761","shapeGroup":"KEN","shapeType":"ADM2","name":"Sirisia","code":"3690345B98600192059761"}},{"type":"Feature","geometry":{"type":"Polygon","coordinates":[[[35.26263,-0.67566],[35.2284,-0.6133],[35.17815,-0.6551],[35.0929,-0.65693],[35.08025,-0.65025],[35.08687,-0.608],[35.07228,-0.59749],[35.05833,-0.61961],[35.05512,-0.65602],[35.07219,-0.69079],[35.04789,-0.70654],[35.09129,-0.80088],[35.04436,-0.85251],[35.02141,-0.84736],[35.01283,-0.88792],[35.08265,-0.90451],[35.11661,-0.93228],[35.13412,-0.92308],[35.12999,-0.90076],[35.14637,-0.86041],[35.13701,-0.83877],[35.16779,-0.837],[35.17506,-0.7887],[35.19897,-0.78791],[35.20014,-0.77083],[35.23633,-0.75682],[35.24339,-0.74617],[35.24392,-0.69306],[35.26263,-0.67566]]]},"properties":{"shapeName":"Sotik","shapeID":"3690345B96591011097593","shapeGroup":"KEN","shapeType":"ADM2","name":"Sotik","code":"3690345B96591011097593"}},{"type":"Feature","geometry":{"type":"Polygon","coordinates":[[[37.30781,-0.14957],[37.398,-0.16161],[37.57992,-0.18013],[37.6453,-0.21334],[37.72234,-0.20269],[37.75258,-0.18298],[37.76844,-0.15568],[37.79059,-0.16758],[37.79479,-0.18766],[37.86891,-0.12983],[37.83585,-0.09671],[37.78411,-0.09591],[37.77028,-0.10382],[37.73559,-0.09374],[37.6886,-0.0616],[37.65791,-0.05653],[37.65099,-0.03905],[37.62217,-0.02633],[37.58404,-0.02115],[37.30781,-0.14957]]]},"properties":{"shapeName":"South Imenti","shapeID":"3690345B43224395015109","shapeGroup":"KEN","shapeType":"ADM2","name":"South Imenti","code":"3690345B43224395015109"}},{"type":"Feature","geometry":{"type":"Polygon","coordinates":[[[34.68717,-0.8899],[34.68467,-0.8453],[34.67725,-0.83385],[34.69827,-0.8052],[34.68267,-0.7803],[34.67477,-0.7431],[34.68467,-0.7137],[34.64303,-0.70404],[34.62847,-0.7288],[34.62077,-0.8403],[34.61047,-0.8409],[34.62257,-0.9418],[34.64147,-0.96645],[34.67877,-0.971],[34.71477,-0.9606],[34.68557,-0.908],[34.68717,-0.8899]]]},"properties":{"shapeName":"South Mugirango","shapeID":"3690345B2420334970551","shapeGroup":"KEN","shapeType":"ADM2","name":"South Mugirango","code":"3690345B2420334970551"}},{"type":"Feature","geometry":{"type":"Polygon","coordinates":[[[35.11367,0.89482],[35.11372,0.88297],[35.12588,0.82925],[35.1448,0.82845],[35.14442,0.74093],[35.15538,0.74143],[35.15461,0.6652],[35.17096,0.67535],[35.2287,0.67207],[35.24597,0.68634],[35.27813,0.6664],[35.27986,0.63945],[35.26633,0.62728],[35.26243,0.58258],[35.27694,0.55928],[35.27038,0.54089],[35.24583,0.53957],[35.25439,0.52351],[35.27637,0.52023],[35.29005,0.55642],[35.27998,0.569],[35.31341,0.60104],[35.33214,0.6393],[35.32686,0.66973],[35.30315,0.67037],[35.30915,0.69157],[35.2998,0.73162],[35.29613,0.77842],[35.31413,0.80957],[35.35496,0.8112],[35.34405,0.83157],[35.35896,0.85239],[35.33581,0.8538],[35.35258,0.89723],[35.37665,0.9172],[35.37761,0.93822],[35.35965,0.94592],[35.34892,0.92227],[35.32982,0.9348],[35.30523,0.89218],[35.29296,0.91607],[35.25243,0.94214],[35.22231,0.92117],[35.19054,0.92731],[35.15496,0.91936],[35.12821,0.92142],[35.11367,0.89482]]]},"properties":{"shapeName":"Soy","shapeID":"3690345B57881492347127","shapeGroup":"KEN","shapeType":"ADM2","name":"Soy","code":"3690345B57881492347127"}},{"type":"Feature","geometry":{"type":"Polygon","coordinates":[[[36.85594,-1.31388],[36.84019,-1.28956],[36.84305,-1.26502],[36.83708,-1.26189],[36.81181,-1.27208],[36.81968,-1.29058],[36.82329,-1.29718],[36.84025,-1.31853],[36.85594,-1.31388]]]},"properties":{"shapeName":"Starehe","shapeID":"3690345B38564256693946","shapeGroup":"KEN","shapeType":"ADM2","name":"Starehe","code":"3690345B38564256693946"}},{"type":"Feature","geometry":{"type":"Polygon","coordinates":[[[33.94797,-0.3381],[33.92437,-0.4659],[33.92087,-0.5377],[34.01447,-0.5228],[34.07567,-0.5067],[34.15032,-0.4698],[34.20337,-0.5057],[34.24917,-0.5479],[34.27837,-0.5358],[34.30777,-0.5744],[34.29065,-0.67248],[34.34827,-0.6553],[34.36582,-0.58821],[34.37827,-0.5881],[34.40477,-0.5568],[34.41747,-0.5277],[34.44817,-0.4959],[34.35752,-0.38882],[34.31327,-0.4246],[34.28367,-0.4259],[34.26777,-0.4099],[34.24022,-0.33838],[33.94797,-0.3381]]]},"properties":{"shapeName":"Suba North","shapeID":"3690345B53890832325743","shapeGroup":"KEN","shapeType":"ADM2","name":"Suba North","code":"3690345B53890832325743"}},{"type":"Feature","geometry":{"type":"Polygon","coordinates":[[[34.29065,-0.67248],[34.30777,-0.5744],[34.27837,-0.5358],[34.24917,-0.5479],[34.20337,-0.5057],[34.15032,-0.4698],[34.07567,-0.5067],[34.01447,-0.5228],[33.92087,-0.5377],[33.91707,-0.5678],[33.92587,-0.8048],[34.07957,-0.8052],[34.08757,-0.7846],[34.14427,-0.776],[34.20044,-0.74314],[34.19727,-0.7345],[34.27017,-0.6892],[34.29065,-0.67248]]]},"properties":{"shapeName":"Suba South","shapeID":"3690345B8693504737331","shapeGroup":"KEN","shapeType":"ADM2","name":"Suba South","code":"3690345B8693504737331"}},{"type":"Feature","geometry":{"type":"Polygon","coordinates":[[[36.21213,-0.11934],[36.22068,-0.10317],[36.24667,-0.11574],[36.25259,-0.03146],[36.25699,-0.01952],[36.26538,0.02117],[36.25661,0.05861],[36.289,0.11347],[36.27733,0.14979],[36.2541,0.18393],[36.23568,0.21135],[36.20168,0.23575],[36.18024,0.22988],[36.1991,0.20212],[36.22168,0.18365],[36.24458,0.14305],[36.22418,0.10285],[36.19083,0.10435],[36.17708,0.06035],[36.17508,0.00505],[36.15288,-0.02755],[36.13048,-0.0281],[36.11663,-0.07099],[36.08618,-0.06195],[36.07648,-0.08225],[36.07498,-0.11695],[36.05998,-0.09725],[36.06118,-0.07435],[36.01848,-0.08575],[36.02488,-0.15145],[36.05558,-0.16795],[36.05528,-0.18465],[36.09018,-0.18435],[36.08918,-0.13635],[36.12163,-0.12095],[36.14718,-0.14715],[36.18228,-0.11695],[36.21213,-0.11934]]]},"properties":{"shapeName":"Subukia","shapeID":"3690345B83042019153785","shapeGroup":"KEN","shapeType":"ADM2","name":"Subukia","code":"3690345B83042019153785"}},{"type":"Feature","geometry":{"type":"Polygon","coordinates":[[[34.59669,-1.04949],[34.59837,-1.0718],[34.57507,-1.0643],[34.54567,-1.0412],[34.45077,-0.9924],[34.40567,-0.9957],[34.35627,-0.97715],[34.33413,-0.99768],[34.38437,-1.01045],[34.37367,-1.0475],[34.41087,-1.0747],[34.44129,-1.07728],[34.44319,-1.0469],[34.46027,-1.0502],[34.47837,-1.093],[34.50572,-1.10521],[34.53477,-1.10635],[34.56707,-1.096],[34.60137,-1.0987],[34.60787,-1.1454],[34.6249,-1.15468],[34.63339,-1.13824],[34.61523,-1.09012],[34.61896,-1.0775],[34.59669,-1.04949]]]},"properties":{"shapeName":"Suna East","shapeID":"3690345B51291176928549","shapeGroup":"KEN","shapeType":"ADM2","name":"Suna East","code":"3690345B51291176928549"}},{"type":"Feature","geometry":{"type":"Polygon","coordinates":[[[34.50572,-1.10521],[34.47837,-1.093],[34.46027,-1.0502],[34.44319,-1.0469],[34.44129,-1.07728],[34.41087,-1.0747],[34.37367,-1.0475],[34.38437,-1.01045],[34.33413,-0.99768],[34.27027,-1.0371],[34.27495,-1.08318],[34.24947,-1.1137],[34.37527,-1.1857],[34.39197,-1.1412],[34.41057,-1.12815],[34.46247,-1.1223],[34.47646,-1.12837],[34.50572,-1.10521]]]},"properties":{"shapeName":"Suna West","shapeID":"3690345B37794826705018","shapeGroup":"KEN","shapeType":"ADM2","name":"Suna West","code":"3690345B37794826705018"}},{"type":"Feature","geometry":{"type":"Polygon","coordinates":[[[40.02248,1.79702],[40.09888,1.80969],[40.1123,1.7829],[40.19012,1.84772],[40.22852,1.85211],[40.26489,1.88171],[40.31531,1.95569],[40.32129,1.97729],[40.35028,2.00012],[40.38287,1.99188],[40.45148,2.01648],[40.46051,2.03229],[40.5271,2.08508],[40.5553,2.11493],[40.56189,2.13788],[40.54327,2.18951],[40.54211,2.23969],[40.72253,2.32522],[40.71036,2.34913],[40.66551,2.39103],[40.66386,2.42488],[40.64096,2.43698],[40.61346,2.46418],[40.59676,2.51308],[40.57926,2.53023],[40.57931,2.54958],[40.55986,2.58898],[40.51946,2.69628],[40.49986,2.71998],[40.51986,2.74008],[40.51866,2.77778],[40.50106,2.78728],[40.49296,2.86853],[40.27016,2.97178],[40.26368,2.97997],[40.21935,2.95547],[40.18195,2.89667],[40.19375,2.86317],[40.19815,2.82637],[40.18515,2.77427],[40.12405,2.67317],[40.10525,2.63497],[40.13195,2.60277],[40.1257,2.58807],[39.82967,2.57669],[39.81707,2.47308],[39.82146,2.41064],[39.83091,2.34564],[39.84971,2.28743],[39.87074,2.19562],[39.86789,2.1229],[39.88352,2.00164],[39.89408,1.98327],[39.94622,1.92327],[39.99622,1.8729],[39.99027,1.85485],[40.00748,1.83489],[40.02248,1.79702]]]},"properties":{"shapeName":"Tarbaj","shapeID":"3690345B53726856133736","shapeGroup":"KEN","shapeType":"ADM2","name":"Tarbaj","code":"3690345B53726856133736"}},{"type":"Feature","geometry":{"type":"Polygon","coordinates":[[[37.69207,-3.1751],[37.71112,-3.30754],[37.70043,-3.32444],[37.68497,-3.32069],[37.6845,-3.34851],[37.66322,-3.35609],[37.58439,-3.43809],[37.5848,-3.45984],[37.62373,-3.46527],[37.62542,-3.48418],[37.60333,-3.51764],[37.61888,-3.52399],[37.67303,-3.50312],[37.69563,-3.52621],[37.74314,-3.54168],[37.75245,-3.57241],[37.76388,-3.5691],[37.78399,-3.64585],[37.77245,-3.64211],[37.78496,-3.67442],[38.05849,-3.86618],[38.10448,-3.86356],[38.11826,-3.8535],[38.15351,-3.87612],[38.18823,-3.87699],[38.25776,-3.86075],[38.25866,-3.80318],[38.23794,-3.76905],[38.13327,-3.75064],[38.13347,-3.43569],[38.11905,-3.4355],[38.11871,-3.37733],[38.13354,-3.36377],[38.13387,-3.16666],[38.29766,-3.16628],[38.28687,-3.151],[38.28391,-3.11754],[38.30968,-3.09096],[38.3021,-3.05674],[38.28117,-3.05865],[38.25289,-3.07962],[38.22726,-3.07626],[38.19854,-3.05725],[38.167,-3.06788],[38.0894,-3.03416],[38.06561,-3.03618],[38.05361,-3.02016],[38.0264,-3.02215],[38.00652,-3.01131],[37.99026,-3.01765],[37.94209,-3.00045],[37.91401,-3.04088],[37.90002,-3.07361],[37.89431,-3.13144],[37.85355,-3.16943],[37.8332,-3.18684],[37.81581,-3.17066],[37.69207,-3.1751]]]},"properties":{"shapeName":"Taveta","shapeID":"3690345B11030917787472","shapeGroup":"KEN","shapeType":"ADM2","name":"Taveta","code":"3690345B11030917787472"}},{"type":"Feature","geometry":{"type":"Polygon","coordinates":[[[34.41757,0.65996],[34.40465,0.72686],[34.43172,0.72669],[34.43029,0.75173],[34.39248,0.76073],[34.36258,0.77716],[34.31515,0.7645],[34.30701,0.72308],[34.31132,0.69671],[34.27729,0.67946],[34.2765,0.64288],[34.21704,0.62546],[34.24872,0.61176],[34.24628,0.59712],[34.29357,0.5832],[34.29377,0.60824],[34.32909,0.58506],[34.3154,0.59584],[34.32109,0.61498],[34.33403,0.605],[34.3704,0.6078],[34.38331,0.64259],[34.41757,0.65996]]]},"properties":{"shapeName":"Teso North","shapeID":"3690345B58286800051126","shapeGroup":"KEN","shapeType":"ADM2","name":"Teso North","code":"3690345B58286800051126"}},{"type":"Feature","geometry":{"type":"Polygon","coordinates":[[[34.21056,0.47844],[34.23801,0.50343],[34.27929,0.50663],[34.2762,0.48878],[34.29295,0.48913],[34.34843,0.54734],[34.34581,0.57774],[34.32909,0.58506],[34.29377,0.60824],[34.29357,0.5832],[34.24628,0.59712],[34.24872,0.61176],[34.21704,0.62546],[34.19821,0.62703],[34.18614,0.60717],[34.13894,0.58503],[34.11747,0.52303],[34.11922,0.48419],[34.0983,0.46775],[34.14065,0.4497],[34.15016,0.47323],[34.18447,0.46362],[34.21056,0.47844]]]},"properties":{"shapeName":"Teso South","shapeID":"3690345B15305563297607","shapeGroup":"KEN","shapeType":"ADM2","name":"Teso South","code":"3690345B15305563297607"}},{"type":"Feature","geometry":{"type":"Polygon","coordinates":[[[36.62317,-0.39912],[36.65036,-0.43203],[36.6517,-0.45758],[36.66706,-0.47152],[36.658,-0.50886],[36.68794,-0.51027],[36.70513,-0.48398],[36.7297,-0.48143],[36.75801,-0.50398],[36.8184,-0.48734],[36.87289,-0.4924],[36.91381,-0.50487],[36.9496,-0.49465],[36.96031,-0.50841],[36.98736,-0.50682],[37.0018,-0.52179],[37.059,-0.5124],[37.08116,-0.51666],[37.04542,-0.48427],[37.02308,-0.4652],[37.00137,-0.46994],[36.97832,-0.45777],[36.96005,-0.4772],[36.95004,-0.4546],[36.91964,-0.46532],[36.87545,-0.4254],[36.90099,-0.4171],[36.88679,-0.3973],[36.85527,-0.38261],[36.80118,-0.38995],[36.73416,-0.41576],[36.74167,-0.45387],[36.71885,-0.45508],[36.69179,-0.42213],[36.6839,-0.40219],[36.64948,-0.41457],[36.62317,-0.39912]]]},"properties":{"shapeName":"Tetu","shapeID":"3690345B96542987367119","shapeGroup":"KEN","shapeType":"ADM2","name":"Tetu","code":"3690345B96542987367119"}},{"type":"Feature","geometry":{"type":"Polygon","coordinates":[[[37.86891,-0.12983],[37.79479,-0.18766],[37.84434,-0.2624],[37.86496,-0.30147],[37.89348,-0.31261],[37.89473,-0.35274],[37.8898,-0.39318],[37.9091,-0.41415],[37.93617,-0.4277],[37.96466,-0.41207],[37.97437,-0.37668],[37.96772,-0.36347],[37.98391,-0.29909],[37.99912,-0.26473],[38.04657,-0.27618],[38.11497,-0.2765],[38.13975,-0.24496],[38.16329,-0.23435],[38.18273,-0.18932],[38.1862,-0.15328],[38.20621,-0.14439],[38.22182,-0.10467],[38.24738,-0.08814],[38.2726,-0.09615],[38.28713,-0.08694],[38.30778,-0.0546],[38.28248,-0.02442],[38.24448,-0.02115],[38.2198,0.01239],[38.19142,0.01386],[38.16046,0.02743],[38.14231,0.04467],[38.11374,0.05528],[38.08156,0.02802],[38.04466,0.02487],[38.03348,0.04372],[38.00485,0.06478],[37.98206,0.06659],[37.98623,0.04418],[37.95202,0.05386],[37.9105,0.01659],[37.88842,0.01155],[37.88703,0.002],[37.9258,0.00166],[37.92253,-0.02731],[37.93595,-0.03651],[37.93202,-0.06282],[37.86891,-0.12983]]]},"properties":{"shapeName":"Tharaka","shapeID":"3690345B49853475853823","shapeGroup":"KEN","shapeType":"ADM2","name":"Tharaka","code":"3690345B49853475853823"}},{"type":"Feature","geometry":{"type":"Polygon","coordinates":[[[36.98172,-0.9772],[36.97552,-1.00259],[36.99363,-1.02373],[37.05741,-1.06223],[37.0797,-1.06981],[37.1059,-1.09273],[37.09475,-1.11966],[37.13527,-1.13379],[37.17548,-1.11758],[37.21132,-1.07797],[37.24986,-1.07753],[37.28037,-1.06508],[37.29869,-1.07193],[37.34264,-1.11695],[37.3626,-1.09349],[37.31057,-1.06517],[37.2647,-1.016],[37.23082,-1.01612],[37.1915,-1.04065],[37.17694,-1.03153],[37.15473,-1.0512],[37.06877,-1.02381],[37.05184,-1.03147],[36.98172,-0.9772]]]},"properties":{"shapeName":"Thika Town","shapeID":"3690345B96807773656326","shapeGroup":"KEN","shapeType":"ADM2","name":"Thika Town","code":"3690345B96807773656326"}},{"type":"Feature","geometry":{"type":"Polygon","coordinates":[[[36.03106,0.71569],[36.05413,0.73345],[36.07768,0.72105],[36.07148,0.70505],[36.08458,0.68665],[36.13438,0.69785],[36.17388,0.66355],[36.21188,0.64805],[36.24958,0.64305],[36.26418,0.65015],[36.27796,0.63296],[36.2891,0.64668],[36.34745,0.66196],[36.40496,0.71914],[36.46897,0.82236],[36.48966,0.84784],[36.44418,0.87335],[36.41748,0.90275],[36.39535,0.91312],[36.38921,0.94881],[36.35175,0.96698],[36.34229,0.99411],[36.31732,0.99152],[36.17328,1.17124],[36.09729,1.16931],[35.78565,1.65613],[35.77746,1.64504],[35.78362,1.58111],[35.76916,1.53443],[35.72049,1.47396],[35.72087,1.45277],[35.70651,1.43816],[35.71099,1.41172],[35.68789,1.35887],[35.69736,1.31876],[35.69518,1.28865],[35.70718,1.27055],[35.69713,1.21585],[35.70528,1.17875],[35.70558,1.13465],[35.69928,1.10635],[35.67267,1.07407],[35.67058,1.04305],[35.64126,1.02195],[35.63354,0.99411],[35.63828,0.967],[35.65838,0.96815],[35.68984,0.94237],[35.76428,0.98685],[35.79438,0.98235],[35.83158,0.96605],[35.88768,0.92855],[35.90058,0.89065],[35.91348,0.87895],[35.91818,0.85185],[35.95138,0.82845],[35.97468,0.83545],[35.96028,0.79155],[35.99178,0.79165],[35.98623,0.7709],[36.03348,0.72355],[36.03106,0.71569]]]},"properties":{"shapeName":"Tiaty","shapeID":"3690345B93323191576602","shapeGroup":"KEN","shapeType":"ADM2","name":"Tiaty","code":"3690345B93323191576602"}},{"type":"Feature","geometry":{"type":"Polygon","coordinates":[[[37.72607,0.5282],[37.58673,0.48047],[37.58198,0.41137],[37.5988,0.40291],[37.60493,0.35376],[37.59303,0.34042],[37.6337,0.31905],[37.64463,0.32108],[37.69154,0.29187],[37.72807,0.27854],[37.73241,0.23998],[37.76214,0.22115],[37.82562,0.1706],[37.84348,0.13084],[37.82348,0.13703],[37.80636,0.10911],[37.81576,0.07739],[37.83806,0.04745],[37.88842,0.01155],[37.9105,0.01659],[37.95202,0.05386],[37.98623,0.04418],[37.98206,0.06659],[37.96788,0.11031],[37.91697,0.14507],[37.90038,0.19607],[37.91232,0.23337],[37.89297,0.24481],[37.88043,0.25306],[37.84681,0.24078],[37.82925,0.30846],[37.80467,0.32328],[37.77107,0.36723],[37.74665,0.41142],[37.73119,0.46599],[37.73336,0.50266],[37.72607,0.5282]]]},"properties":{"shapeName":"Tigania East","shapeID":"3690345B96077090238536","shapeGroup":"KEN","shapeType":"ADM2","name":"Tigania East","code":"3690345B96077090238536"}},{"type":"Feature","geometry":{"type":"Polygon","coordinates":[[[37.67655,0.15116],[37.68932,0.14624],[37.71734,0.10688],[37.75924,0.10071],[37.77469,0.05166],[37.81828,0.03104],[37.86079,0.02268],[37.88703,0.002],[37.88842,0.01155],[37.83806,0.04745],[37.81576,0.07739],[37.80636,0.10911],[37.82348,0.13703],[37.84348,0.13084],[37.82562,0.1706],[37.76214,0.22115],[37.73241,0.23998],[37.72807,0.27854],[37.69154,0.29187],[37.64463,0.32108],[37.6337,0.31905],[37.59303,0.34042],[37.57285,0.32876],[37.61835,0.24744],[37.64572,0.19117],[37.67655,0.15116]]]},"properties":{"shapeName":"Tigania West","shapeID":"3690345B31280493599010","shapeGroup":"KEN","shapeType":"ADM2","name":"Tigania West","code":"3690345B31280493599010"}},{"type":"Feature","geometry":{"type":"Polygon","coordinates":[[[34.94095,-0.03128],[34.96407,-0.03028],[34.98853,-0.01714],[35.00772,-0.02748],[35.00715,-0.05174],[35.05918,-0.05181],[35.06527,-0.06463],[35.09285,-0.04194],[35.10216,-0.00215],[35.15113,-0.03632],[35.19216,-0.02385],[35.22109,-0.03399],[35.22649,-0.10371],[35.2796,-0.09731],[35.30767,-0.08352],[35.3385,-0.10831],[35.37188,-0.10729],[35.42409,-0.07601],[35.40447,-0.02119],[35.41358,0.00528],[35.43514,0.0272],[35.40412,0.02895],[35.36905,0.04324],[35.36769,0.01752],[35.33664,0.02066],[35.3134,0.01194],[35.29417,0.06871],[35.27342,0.07381],[35.26429,0.05898],[35.21448,0.07978],[35.20469,0.05924],[35.16637,0.07022],[35.14273,0.09192],[35.1358,0.0811],[35.10816,0.08782],[35.10121,0.05884],[35.08776,0.04478],[35.09985,0.02315],[35.08507,-0.00634],[35.05193,-0.0124],[35.04289,-0.02692],[35.00386,-0.02033],[34.99988,-0.00492],[34.94816,-0.00902],[34.94095,-0.03128]]]},"properties":{"shapeName":"Tinderet","shapeID":"3690345B14310804681504","shapeGroup":"KEN","shapeType":"ADM2","name":"Tinderet","code":"3690345B14310804681504"}},{"type":"Feature","geometry":{"type":"Polygon","coordinates":[[[34.81932,0.76174],[34.81687,0.73098],[34.83016,0.70794],[34.82474,0.69031],[34.84317,0.66737],[34.86262,0.68533],[34.91001,0.68708],[34.92917,0.71234],[34.92205,0.72396],[34.94015,0.74094],[34.97721,0.75727],[35.02164,0.7442],[35.04446,0.76168],[35.06258,0.76301],[35.06757,0.78444],[35.04131,0.8211],[35.02464,0.83252],[35.01382,0.86115],[35.01885,0.8877],[34.94245,0.87131],[34.9258,0.85546],[34.87061,0.8263],[34.80909,0.8075],[34.80482,0.77607],[34.81932,0.76174]]]},"properties":{"shapeName":"Tongaren","shapeID":"3690345B81576383525982","shapeGroup":"KEN","shapeType":"ADM2","name":"Tongaren","code":"3690345B81576383525982"}},{"type":"Feature","geometry":{"type":"Polygon","coordinates":[[[35.27597,0.51503],[35.27637,0.52023],[35.25439,0.52351],[35.24583,0.53957],[35.27038,0.54089],[35.27694,0.55928],[35.26243,0.58258],[35.26633,0.62728],[35.27986,0.63945],[35.27813,0.6664],[35.24597,0.68634],[35.2287,0.67207],[35.17096,0.67535],[35.15461,0.6652],[35.10379,0.64777],[35.08615,0.63034],[35.0412,0.64051],[35.02727,0.61442],[35.00039,0.63917],[34.96294,0.61023],[34.9435,0.60874],[34.92046,0.5927],[34.89562,0.60322],[34.85214,0.54781],[35.04462,0.56308],[35.09957,0.54056],[35.10939,0.55014],[35.15646,0.53968],[35.16628,0.54696],[35.19661,0.56423],[35.21215,0.56114],[35.24722,0.52147],[35.27597,0.51503]]]},"properties":{"shapeName":"Turbo","shapeID":"3690345B72874132614538","shapeGroup":"KEN","shapeType":"ADM2","name":"Turbo","code":"3690345B72874132614538"}},{"type":"Feature","geometry":{"type":"Polygon","coordinates":[[[36.05133,3.34308],[36.05044,3.73744],[35.8299,3.71112],[35.79028,3.69171],[35.76868,3.64587],[35.74969,3.63129],[35.7193,3.62567],[35.65179,3.63251],[35.63089,3.62369],[35.6272,3.57831],[35.60071,3.58588],[35.59583,3.59799],[35.5683,3.60193],[35.4852,3.59018],[35.47369,3.5733],[35.4379,3.56931],[35.42468,3.55133],[35.43684,3.52379],[35.45319,3.5029],[35.47491,3.4953],[35.47589,3.41528],[35.55511,3.3277],[35.56091,3.26727],[35.59888,3.24469],[35.59192,3.20691],[35.60669,3.20007],[35.58411,3.18268],[35.54932,3.13531],[35.58411,3.08289],[35.61652,3.05829],[35.62207,3.03027],[35.65167,2.99847],[35.66699,3.03598],[35.707,3.039],[35.72668,3.05109],[35.7381,3.02472],[35.7403,2.98431],[35.7655,2.92548],[35.79599,2.9158],[35.79272,2.88568],[35.82928,2.80548],[35.83972,2.79791],[35.87207,2.81091],[35.86951,2.7439],[35.86169,2.70929],[35.90771,2.74011],[35.9469,2.79413],[35.95889,2.82758],[35.9679,2.82788],[36.02087,2.77612],[36.02808,2.73291],[36.05768,2.70648],[36.0545,2.67291],[36.06927,2.6615],[36.07111,2.61627],[36.05933,2.57709],[36.08618,2.57031],[36.15808,2.52832],[36.2049,2.53387],[36.22028,2.52911],[36.23749,2.52612],[36.26111,2.54688],[36.32428,2.57611],[36.33649,2.5907],[36.33673,2.65491],[36.34229,2.68848],[36.33087,2.71008],[36.34448,2.73169],[36.34131,2.75671],[36.35852,2.7821],[36.3649,2.80878],[36.38588,2.82977],[36.36164,2.86085],[36.28282,2.89246],[36.26943,2.91002],[36.25485,2.96647],[36.24671,2.95056],[36.19245,2.96925],[36.14037,2.97053],[36.12386,2.98117],[36.1363,3.01386],[36.14174,3.07346],[36.15223,3.11625],[36.13869,3.1561],[36.15055,3.19099],[36.14067,3.20925],[36.11084,3.22081],[36.07189,3.22649],[36.0522,3.23825],[36.05133,3.34308]]]},"properties":{"shapeName":"Turkana Central","shapeID":"3690345B27917723778047","shapeGroup":"KEN","shapeType":"ADM2","name":"Turkana Central","code":"3690345B27917723778047"}},{"type":"Feature","geometry":{"type":"Polygon","coordinates":[[[36.38588,2.82977],[36.3649,2.80878],[36.35852,2.7821],[36.34131,2.75671],[36.34448,2.73169],[36.33087,2.71008],[36.34229,2.68848],[36.33673,2.65491],[36.33649,2.5907],[36.32428,2.57611],[36.26111,2.54688],[36.23749,2.52612],[36.22028,2.52911],[36.18213,2.50348],[36.16608,2.50128],[36.1283,2.47333],[36.09528,2.46228],[36.0979,2.43848],[36.08728,2.40649],[36.0755,2.28931],[36.09271,2.28149],[36.1239,2.24487],[36.12372,2.20911],[36.10968,2.11969],[36.09473,2.05829],[36.05328,2.05151],[36.0322,2.06589],[36.01392,2.05627],[35.99109,2.07751],[35.9939,2.11151],[35.97992,2.14313],[35.98151,2.1637],[35.96808,2.19049],[35.82269,2.20612],[35.81488,2.25909],[35.81732,2.3363],[35.7915,2.34052],[35.72192,2.32251],[35.67688,2.3017],[35.6601,2.3031],[35.61328,2.28247],[35.61731,2.2663],[35.6637,2.22772],[35.66913,2.21307],[35.63751,2.16107],[35.64368,2.14771],[35.6709,2.15088],[35.68213,2.13348],[35.70929,2.13013],[35.7265,2.10327],[35.72388,2.08429],[35.68573,2.04028],[35.68372,2.01672],[35.71411,2.00293],[35.77209,2.00128],[35.78833,1.99188],[35.80048,1.94153],[35.77393,1.88232],[35.70344,1.70501],[35.73856,1.67905],[35.7817,1.6643],[35.78565,1.65613],[36.09729,1.16931],[36.17328,1.17124],[36.31732,0.99152],[36.34229,0.99411],[36.35175,0.96698],[36.38921,0.94881],[36.39535,0.91312],[36.43127,0.95169],[36.45319,1.01828],[36.44266,1.04282],[36.43922,1.08511],[36.44455,1.11589],[36.43384,1.13974],[36.44263,1.17522],[36.41992,1.18689],[36.3982,1.17366],[36.39534,1.22105],[36.42149,1.23563],[36.41208,1.26003],[36.3891,1.26349],[36.40926,1.27875],[36.44757,1.25219],[36.45061,1.27167],[36.43609,1.30381],[36.42109,1.29584],[36.39322,1.3132],[36.42108,1.33472],[36.42248,1.34647],[36.46025,1.37157],[36.46395,1.40254],[36.42828,1.40851],[36.39236,1.44535],[36.3549,1.43767],[36.32698,1.46708],[36.2888,1.46849],[36.29999,1.49134],[36.30267,1.54124],[36.33465,1.56944],[36.35712,1.57111],[36.37109,1.59631],[36.37575,1.54329],[36.39773,1.52809],[36.41336,1.56229],[36.42651,1.57312],[36.44124,1.61502],[36.46278,1.61482],[36.47043,1.65726],[36.52764,1.7575],[36.51298,1.77528],[36.53473,1.80713],[36.51554,1.82323],[36.52487,1.84688],[36.51568,1.87948],[36.53755,1.9077],[36.54132,1.96033],[36.5321,1.95728],[36.5466,1.99582],[36.54633,2.03131],[36.56906,2.05797],[36.56486,2.10443],[36.58503,2.14089],[36.61127,2.15692],[36.65883,2.17489],[36.7012,2.19915],[36.72368,2.27705],[36.72467,2.30204],[36.6013,2.36083],[36.6024,2.4048],[36.59229,2.41344],[36.55958,2.39659],[36.53895,2.40763],[36.52449,2.44619],[36.53007,2.52276],[36.51508,2.56025],[36.49405,2.57545],[36.47266,2.60952],[36.45411,2.61216],[36.43803,2.6345],[36.43403,2.68007],[36.44729,2.70549],[36.42127,2.7367],[36.41871,2.7635],[36.39601,2.80065],[36.38588,2.82977]]]},"properties":{"shapeName":"Turkana East","shapeID":"3690345B18632189504967","shapeGroup":"KEN","shapeType":"ADM2","name":"Turkana East","code":"3690345B18632189504967"}},{"type":"Feature","geometry":{"type":"Polygon","coordinates":[[[35.43684,3.52379],[35.42468,3.55133],[35.4379,3.56931],[35.47369,3.5733],[35.4852,3.59018],[35.5683,3.60193],[35.59583,3.59799],[35.60071,3.58588],[35.6272,3.57831],[35.63089,3.62369],[35.65179,3.63251],[35.7193,3.62567],[35.74969,3.63129],[35.76868,3.64587],[35.79028,3.69171],[35.8299,3.71112],[36.05044,3.73744],[36.04964,4.06587],[36.0503,4.45146],[36.05048,4.45508],[35.94287,4.5473],[35.96368,4.56488],[35.94208,4.58112],[35.94989,4.62848],[35.9223,4.64111],[35.92169,4.69489],[35.9101,4.80988],[35.8963,4.88831],[35.87347,4.91992],[35.83508,4.93768],[35.84167,5.0163],[35.84332,5.07867],[35.85571,5.16248],[35.84888,5.21667],[35.83551,5.24432],[35.85352,5.29651],[35.83447,5.34387],[35.78729,5.3479],[35.71808,5.38452],[35.66888,5.38751],[35.63013,5.37628],[35.6059,5.41412],[35.26593,5.41351],[35.12531,5.2431],[34.93872,5.0885],[34.93909,4.86951],[34.92828,4.82892],[34.92828,4.77307],[34.93372,4.70929],[34.94427,4.67328],[34.94092,4.6405],[34.9527,4.6275],[34.94873,4.59149],[34.9758,4.56262],[34.98273,4.5119],[34.99707,4.47607],[35.01428,4.45453],[35.0177,4.42551],[35.0509,4.39313],[35.05768,4.33929],[35.05151,4.28778],[35.06091,4.25067],[35.05394,4.22334],[35.05469,4.1347],[35.06531,4.10031],[35.09131,4.0791],[35.103,4.0473],[35.15808,4.00989],[35.18829,3.95728],[35.20892,3.94128],[35.21588,3.9166],[35.2092,3.8938],[35.16388,3.8349],[35.1311,3.82391],[35.10632,3.82568],[35.08228,3.79828],[35.07629,3.76611],[35.05872,3.76367],[35.0379,3.73413],[35.00568,3.72528],[34.97141,3.75742],[34.93048,3.77368],[34.8949,3.75427],[34.94287,3.74249],[35.0032,3.685],[35.01007,3.65253],[34.99872,3.58691],[34.99487,3.52789],[34.97931,3.4953],[34.98413,3.45428],[34.97333,3.37769],[35.10052,3.33771],[35.16858,3.36731],[35.14172,3.38373],[35.12119,3.4238],[35.11768,3.51147],[35.13507,3.58209],[35.18262,3.65192],[35.25018,3.63742],[35.27869,3.62207],[35.32126,3.61855],[35.34009,3.55469],[35.3623,3.52249],[35.38879,3.52808],[35.43684,3.52379]]]},"properties":{"shapeName":"Turkana North","shapeID":"3690345B58335120983870","shapeGroup":"KEN","shapeType":"ADM2","name":"Turkana North","code":"3690345B58335120983870"}},{"type":"Feature","geometry":{"type":"Polygon","coordinates":[[[35.36942,1.93028],[35.37157,1.92745],[35.46134,1.84149],[35.4729,1.8375],[35.47586,1.80041],[35.5034,1.76703],[35.59425,1.76409],[35.60864,1.75128],[35.64834,1.74216],[35.70344,1.70501],[35.77393,1.88232],[35.80048,1.94153],[35.78833,1.99188],[35.77209,2.00128],[35.71411,2.00293],[35.68372,2.01672],[35.68573,2.04028],[35.72388,2.08429],[35.7265,2.10327],[35.70929,2.13013],[35.68213,2.13348],[35.6709,2.15088],[35.64368,2.14771],[35.63751,2.16107],[35.66913,2.21307],[35.6637,2.22772],[35.61731,2.2663],[35.61328,2.28247],[35.6601,2.3031],[35.67688,2.3017],[35.72192,2.32251],[35.7915,2.34052],[35.81732,2.3363],[35.81488,2.25909],[35.82269,2.20612],[35.96808,2.19049],[35.98151,2.1637],[35.97992,2.14313],[35.9939,2.11151],[35.99109,2.07751],[36.01392,2.05627],[36.0322,2.06589],[36.05328,2.05151],[36.09473,2.05829],[36.10968,2.11969],[36.12372,2.20911],[36.1239,2.24487],[36.09271,2.28149],[36.0755,2.28931],[36.08728,2.40649],[36.0979,2.43848],[36.09528,2.46228],[36.1283,2.47333],[36.16608,2.50128],[36.18213,2.50348],[36.22028,2.52911],[36.2049,2.53387],[36.15808,2.52832],[36.08618,2.57031],[36.05933,2.57709],[36.07111,2.61627],[36.06927,2.6615],[36.0545,2.67291],[36.05768,2.70648],[36.02808,2.73291],[36.02087,2.77612],[35.9679,2.82788],[35.95889,2.82758],[35.9469,2.79413],[35.90771,2.74011],[35.86169,2.70929],[35.86951,2.7439],[35.87207,2.81091],[35.83972,2.79791],[35.82928,2.80548],[35.79272,2.88568],[35.79599,2.9158],[35.7655,2.92548],[35.7403,2.98431],[35.7381,3.02472],[35.72668,3.05109],[35.707,3.039],[35.66699,3.03598],[35.65167,2.99847],[35.63892,2.96808],[35.6131,2.93488],[35.59613,2.92609],[35.58331,2.89191],[35.56628,2.87189],[35.5387,2.80151],[35.4679,2.82507],[35.4599,2.78571],[35.46307,2.71912],[35.47931,2.66553],[35.46841,2.5766],[35.43768,2.56311],[35.42688,2.58289],[35.37292,2.59448],[35.38611,2.5668],[35.38242,2.51819],[35.39789,2.4931],[35.38593,2.45728],[35.39392,2.43848],[35.33868,2.40009],[35.30575,2.36738],[35.31183,2.28021],[35.34327,2.16742],[35.39368,1.96487],[35.36942,1.93028]]]},"properties":{"shapeName":"Turkana South","shapeID":"3690345B86728655085245","shapeGroup":"KEN","shapeType":"ADM2","name":"Turkana South","code":"3690345B86728655085245"}},{"type":"Feature","geometry":{"type":"Polygon","coordinates":[[[34.97931,3.4953],[34.99487,3.52789],[34.99872,3.58691],[35.01007,3.65253],[35.0032,3.685],[34.94287,3.74249],[34.8949,3.75427],[34.93048,3.77368],[34.97141,3.75742],[35.00568,3.72528],[35.0379,3.73413],[35.05872,3.76367],[35.07629,3.76611],[35.08228,3.79828],[35.10632,3.82568],[35.1311,3.82391],[35.16388,3.8349],[35.2092,3.8938],[35.21588,3.9166],[35.20892,3.94128],[35.18829,3.95728],[35.15808,4.00989],[35.103,4.0473],[35.09131,4.0791],[35.06531,4.10031],[35.05469,4.1347],[35.05394,4.22334],[35.06091,4.25067],[35.05151,4.28778],[35.05768,4.33929],[35.0509,4.39313],[35.0177,4.42551],[35.01428,4.45453],[34.99707,4.47607],[34.98273,4.5119],[34.9758,4.56262],[34.94873,4.59149],[34.9527,4.6275],[34.94092,4.6405],[34.94427,4.67328],[34.93372,4.70929],[34.92828,4.77307],[34.92828,4.82892],[34.93909,4.86951],[34.93872,5.0885],[34.70172,4.88751],[34.59491,4.79413],[34.4729,4.69208],[34.14093,4.36768],[33.99213,4.22369],[34.04782,4.17889],[34.0661,4.14288],[34.04993,4.1217],[34.06329,4.0943],[34.0921,4.06952],[34.08893,4.03833],[34.05847,4.02869],[34.06073,4.01007],[34.0799,4.00452],[34.10431,3.9787],[34.13489,3.96112],[34.11908,3.90308],[34.09088,3.88568],[34.08807,3.86267],[34.12769,3.8725],[34.16809,3.87109],[34.17609,3.88031],[34.21588,3.88153],[34.22552,3.83087],[34.1803,3.83173],[34.16272,3.79749],[34.1897,3.7951],[34.17249,3.76788],[34.2207,3.78448],[34.24609,3.78528],[34.26709,3.74908],[34.30811,3.71307],[34.35449,3.73651],[34.3783,3.73169],[34.40448,3.6933],[34.46393,3.66992],[34.45367,3.6123],[34.45648,3.58032],[34.45111,3.52008],[34.42389,3.49213],[34.39172,3.48309],[34.4173,3.4519],[34.4187,3.43372],[34.40149,3.41571],[34.40009,3.3783],[34.42712,3.34528],[34.44812,3.2829],[34.46051,3.1759],[34.48413,3.16571],[34.49408,3.1427],[34.51147,3.1507],[34.54633,3.1369],[34.57349,3.10071],[34.57953,3.01508],[34.60028,3.03668],[34.61987,3.03351],[34.64093,3.05811],[34.6853,3.08752],[34.68591,3.13647],[34.67651,3.17828],[34.70068,3.21771],[34.70728,3.25409],[34.74591,3.27728],[34.74829,3.30627],[34.77448,3.34308],[34.77307,3.36591],[34.80573,3.44971],[34.83551,3.50409],[34.97931,3.4953]]]},"properties":{"shapeName":"Turkana West","shapeID":"3690345B77554234988908","shapeGroup":"KEN","shapeType":"ADM2","name":"Turkana West","code":"3690345B77554234988908"}},{"type":"Feature","geometry":{"type":"Polygon","coordinates":[[[34.21848,0.16479],[34.22617,0.1878],[34.24927,0.1878],[34.28707,0.205],[34.30317,0.2435],[34.3466,0.25334],[34.36587,0.273],[34.38821,0.27497],[34.39623,0.28222],[34.37195,0.3088],[34.24697,0.31149],[34.236,0.29221],[34.20556,0.28635],[34.20489,0.26347],[34.17357,0.29642],[34.15946,0.30074],[34.14706,0.26986],[34.11683,0.24278],[34.10527,0.18686],[34.1147,0.1499],[34.10295,0.12612],[34.11787,0.1411],[34.17438,0.15852],[34.19367,0.1703],[34.21848,0.16479]]]},"properties":{"shapeName":"Ugenya","shapeID":"3690345B43634586140198","shapeGroup":"KEN","shapeType":"ADM2","name":"Ugenya","code":"3690345B43634586140198"}},{"type":"Feature","geometry":{"type":"Polygon","coordinates":[[[34.34872,0.13922],[34.38827,0.1538],[34.41387,0.1366],[34.42479,0.15211],[34.44121,0.16637],[34.42601,0.18588],[34.45149,0.20735],[34.42825,0.21265],[34.40384,0.1874],[34.38488,0.17992],[34.40077,0.26234],[34.38821,0.27497],[34.36587,0.273],[34.3466,0.25334],[34.30317,0.2435],[34.28707,0.205],[34.24927,0.1878],[34.22617,0.1878],[34.21848,0.16479],[34.23588,0.14985],[34.30517,0.1555],[34.34872,0.13922]]]},"properties":{"shapeName":"Ugunja","shapeID":"3690345B50219798141587","shapeGroup":"KEN","shapeType":"ADM2","name":"Ugunja","code":"3690345B50219798141587"}},{"type":"Feature","geometry":{"type":"Polygon","coordinates":[[[34.46381,-0.86214],[34.42807,-0.8348],[34.38737,-0.8159],[34.38147,-0.846],[34.34147,-0.8549],[34.32464,-0.86625],[34.34347,-0.8993],[34.33547,-0.9391],[34.34027,-0.9633],[34.35627,-0.97715],[34.40567,-0.9957],[34.45077,-0.9924],[34.54567,-1.0412],[34.57507,-1.0643],[34.59837,-1.0718],[34.59669,-1.04949],[34.59007,-1.0162],[34.56587,-1.0094],[34.55513,-0.97973],[34.51037,-0.9066],[34.46381,-0.86214]]]},"properties":{"shapeName":"Uriri","shapeID":"3690345B30579177198917","shapeGroup":"KEN","shapeType":"ADM2","name":"Uriri","code":"3690345B30579177198917"}},{"type":"Feature","geometry":{"type":"Polygon","coordinates":[[[34.67281,0.08174],[34.67339,0.06744],[34.64451,0.01803],[34.62542,0.00447],[34.67135,-0.01344],[34.70966,-0.0187],[34.72582,-0.00361],[34.71383,0.01178],[34.72624,0.04718],[34.74874,0.06686],[34.74103,0.08613],[34.69908,0.08225],[34.67469,0.08668],[34.67281,0.08174]]]},"properties":{"shapeName":"Vihiga","shapeID":"3690345B61928390686387","shapeGroup":"KEN","shapeType":"ADM2","name":"Vihiga","code":"3690345B61928390686387"}},{"type":"Feature","geometry":{"type":"Polygon","coordinates":[[[39.14648,-3.34201],[39.21905,-3.06926],[39.19766,-3.06112],[39.16979,-3.06546],[39.15293,-3.04508],[39.13398,-3.04116],[39.13075,-3.02079],[39.11332,-3.02433],[39.08103,-3.05129],[39.07565,-3.04086],[39.04592,-3.03129],[39.0454,-3.0211],[38.99205,-3.02571],[38.97621,-3.03932],[38.93718,-3.0344],[38.89297,-3.03782],[38.86252,-3.05739],[38.84112,-3.05351],[38.81941,-3.0672],[38.79892,-3.06627],[38.80824,-3.05256],[38.76802,-3.04324],[38.73373,-3.04228],[38.70776,-3.03156],[38.66548,-3.03932],[38.64312,-3.01291],[38.59461,-2.99917],[38.58348,-2.98733],[38.51954,-2.97479],[38.48908,-2.97781],[38.45824,-2.99115],[38.4482,-2.97202],[38.40894,-2.92732],[38.39188,-2.92548],[38.36147,-2.89764],[38.31873,-2.83272],[38.24685,-2.7477],[38.18403,-2.70264],[38.1625,-2.69303],[38.12825,-2.69838],[38.11646,-2.71152],[37.97441,-2.78739],[37.93736,-2.77081],[37.91787,-2.86843],[37.89438,-2.8857],[37.87062,-3.07752],[37.85448,-3.08003],[37.85355,-3.16943],[37.89431,-3.13144],[37.90002,-3.07361],[37.91401,-3.04088],[37.94209,-3.00045],[37.99026,-3.01765],[38.00652,-3.01131],[38.0264,-3.02215],[38.05361,-3.02016],[38.06561,-3.03618],[38.0894,-3.03416],[38.167,-3.06788],[38.19854,-3.05725],[38.22726,-3.07626],[38.25289,-3.07962],[38.28117,-3.05865],[38.3021,-3.05674],[38.30968,-3.09096],[38.28391,-3.11754],[38.28687,-3.151],[38.29766,-3.16628],[38.44161,-3.16652],[38.44195,-3.19672],[38.43235,-3.25278],[38.41616,-3.2541],[38.42496,-3.29506],[38.40551,-3.2973],[38.41805,-3.33186],[38.44113,-3.33675],[38.43625,-3.36231],[38.48246,-3.40361],[38.50304,-3.41068],[38.51088,-3.43125],[38.53897,-3.43903],[38.46391,-3.45823],[38.44675,-3.48008],[38.47555,-3.55734],[38.57004,-3.55789],[38.59814,-3.60659],[38.5192,-3.65445],[38.43387,-3.71439],[38.46074,-3.74719],[38.4839,-3.78676],[38.48295,-3.80763],[38.50016,-3.81112],[38.59528,-3.73944],[38.62198,-3.77323],[38.63856,-3.81011],[38.69997,-3.85025],[38.75846,-3.85556],[38.77709,-3.87462],[38.77461,-3.94921],[38.82697,-3.94952],[38.84086,-3.99632],[38.94602,-3.95954],[39.03512,-3.75831],[38.93049,-3.69581],[38.96848,-3.63346],[39.05606,-3.68453],[39.0872,-3.5696],[39.14648,-3.34201]]]},"properties":{"shapeName":"Voi","shapeID":"3690345B74422593765563","shapeGroup":"KEN","shapeType":"ADM2","name":"Voi","code":"3690345B74422593765563"}},{"type":"Feature","geometry":{"type":"Polygon","coordinates":[[[40.00989,1.78311],[40.00369,1.76068],[40.02343,1.69444],[40.0418,1.69185],[40.08035,1.68827],[40.11755,1.72057],[40.12325,1.74257],[40.22635,1.73437],[40.38165,1.72517],[40.48345,1.71587],[40.50335,1.71797],[40.58025,1.74047],[40.9392,1.69302],[40.99255,1.69677],[40.99095,1.94357],[40.99215,2.17527],[40.99091,2.17858],[40.95066,2.17618],[40.92036,2.18798],[40.86726,2.23568],[40.85726,2.26258],[40.83286,2.28813],[40.80116,2.29168],[40.77446,2.31403],[40.73776,2.31408],[40.72253,2.32522],[40.54211,2.23969],[40.54327,2.18951],[40.56189,2.13788],[40.5553,2.11493],[40.5271,2.08508],[40.46051,2.03229],[40.45148,2.01648],[40.38287,1.99188],[40.35028,2.00012],[40.32129,1.97729],[40.31531,1.95569],[40.26489,1.88171],[40.22852,1.85211],[40.19012,1.84772],[40.1123,1.7829],[40.09888,1.80969],[40.02248,1.79702],[40.00989,1.78311]]]},"properties":{"shapeName":"Wajir East","shapeID":"3690345B87307909258611","shapeGroup":"KEN","shapeType":"ADM2","name":"Wajir East","code":"3690345B87307909258611"}},{"type":"Feature","geometry":{"type":"Polygon","coordinates":[[[39.82967,2.57669],[40.1257,2.58807],[40.13195,2.60277],[40.10525,2.63497],[40.12405,2.67317],[40.18515,2.77427],[40.19815,2.82637],[40.19375,2.86317],[40.18195,2.89667],[40.21935,2.95547],[40.26368,2.97997],[40.16984,3.09066],[40.04374,3.22836],[40.03354,3.23726],[39.78595,3.33627],[39.78514,3.69531],[39.77335,3.66847],[39.75655,3.65427],[39.60785,3.50137],[39.58895,3.48807],[39.55325,3.39977],[39.51415,3.40947],[39.49725,3.46467],[39.42915,3.45457],[39.42625,3.46537],[39.33025,3.46607],[39.33285,3.50027],[39.31898,3.49907],[39.31854,3.47406],[39.303,3.45511],[39.30048,3.42748],[39.31293,3.40567],[39.32791,3.28946],[39.34063,3.26097],[39.34562,3.0708],[39.28898,3.03694],[39.25029,2.99551],[39.21856,2.9786],[39.19385,2.95646],[39.1488,2.95319],[39.12457,2.93141],[39.11316,2.88405],[39.06717,2.88304],[39.07004,2.80529],[39.06215,2.73568],[39.03676,2.6914],[39.00357,2.61027],[38.97862,2.56839],[38.8876,2.54446],[38.90187,2.47874],[38.9277,2.41173],[38.93418,2.37197],[38.93103,2.34544],[38.98307,2.31688],[39.01347,2.2869],[39.03063,2.28382],[39.06613,2.29524],[39.09741,2.33733],[39.12632,2.41808],[39.14768,2.45329],[39.15568,2.49553],[39.15348,2.52989],[39.16532,2.57389],[39.18445,2.59887],[39.26207,2.54243],[39.46448,2.54936],[39.48321,2.60173],[39.55767,2.59624],[39.58408,2.61023],[39.59227,2.57067],[39.67908,2.60968],[39.67148,2.65832],[39.76262,2.62988],[39.82967,2.57669]]]},"properties":{"shapeName":"Wajir North","shapeID":"3690345B77349779921322","shapeGroup":"KEN","shapeType":"ADM2","name":"Wajir North","code":"3690345B77349779921322"}},{"type":"Feature","geometry":{"type":"Polygon","coordinates":[[[40.99245,0.4633],[40.99165,0.69297],[40.98805,1.01957],[40.99185,1.02197],[40.99165,1.31367],[40.99255,1.69677],[40.9392,1.69302],[40.58025,1.74047],[40.50335,1.71797],[40.48345,1.71587],[40.38165,1.72517],[40.22635,1.73437],[40.12325,1.74257],[40.11755,1.72057],[40.08035,1.68827],[40.0418,1.69185],[40.03021,1.66022],[39.99112,1.59409],[39.92494,1.5225],[39.91241,1.47453],[39.87388,1.38768],[39.84181,1.29724],[39.83347,1.28527],[39.66995,1.15057],[39.51622,1.03069],[39.48595,1.01497],[39.47334,1.03247],[39.44389,1.04608],[39.46192,0.99589],[39.49321,0.95995],[39.49786,0.93391],[39.53316,0.85346],[39.56396,0.75576],[39.61376,0.68436],[39.64576,0.65686],[39.65426,0.63126],[39.68941,0.57881],[39.73156,0.52661],[39.80044,0.48452],[39.85141,0.47766],[39.87096,0.46076],[39.91391,0.45593],[39.94405,0.43035],[40.00875,0.40025],[40.06245,0.39095],[40.12995,0.342],[40.1615,0.3258],[40.21835,0.26555],[40.24855,0.24305],[40.29975,0.21965],[40.33155,0.19925],[40.37765,0.19595],[40.40545,0.18355],[40.42645,0.19005],[40.47535,0.18615],[40.5043,0.1925],[40.52472,0.2222],[40.54185,0.2263],[40.58735,0.21565],[40.6114,0.23215],[40.6465,0.2312],[40.68195,0.25765],[40.71645,0.32015],[40.73675,0.32625],[40.77235,0.35365],[40.85805,0.37595],[40.88595,0.39125],[40.91965,0.42375],[40.99245,0.4633]]]},"properties":{"shapeName":"Wajir South","shapeID":"3690345B47933297170219","shapeGroup":"KEN","shapeType":"ADM2","name":"Wajir South","code":"3690345B47933297170219"}},{"type":"Feature","geometry":{"type":"Polygon","coordinates":[[[38.9905,2.04547],[38.99351,2.00737],[39.03016,1.97803],[39.05996,1.92702],[39.11787,1.88611],[39.14315,1.85325],[39.14166,1.83764],[39.16067,1.81213],[39.17727,1.76355],[39.20444,1.71545],[39.2715,1.68959],[39.32172,1.64928],[39.34234,1.64016],[39.37682,1.58767],[39.40366,1.55902],[39.44708,1.53528],[39.27753,1.47449],[39.43436,1.06581],[39.44389,1.04608],[39.47334,1.03247],[39.48595,1.01497],[39.51622,1.03069],[39.66995,1.15057],[39.83347,1.28527],[39.84181,1.29724],[39.87388,1.38768],[39.91241,1.47453],[39.92494,1.5225],[39.99112,1.59409],[40.03021,1.66022],[40.0418,1.69185],[40.02343,1.69444],[40.00369,1.76068],[40.00989,1.78311],[39.93512,1.8429],[39.86133,1.72968],[39.83868,1.78168],[39.83209,1.81848],[39.81409,1.84448],[39.80609,1.88507],[39.82208,1.89832],[39.81567,1.93091],[39.75348,1.9881],[39.73511,2.04413],[39.7063,2.09052],[39.67633,2.15308],[39.65369,2.18372],[39.64752,2.17072],[39.6167,2.18591],[39.49811,2.2663],[39.46588,2.26471],[39.43231,2.2821],[39.37848,2.25372],[39.3667,2.25409],[39.34888,2.19989],[39.29431,2.15912],[39.28949,2.14349],[39.25653,2.12592],[39.21808,2.11591],[39.1731,2.09613],[39.13208,2.08612],[39.05328,2.0553],[38.9905,2.04547]]]},"properties":{"shapeName":"Wajir West","shapeID":"3690345B86127058354537","shapeGroup":"KEN","shapeType":"ADM2","name":"Wajir West","code":"3690345B86127058354537"}},{"type":"Feature","geometry":{"type":"Polygon","coordinates":[[[34.75262,0.72689],[34.74858,0.67962],[34.75511,0.63582],[34.77452,0.60809],[34.73912,0.59358],[34.71804,0.57397],[34.72188,0.5578],[34.74937,0.56519],[34.74979,0.54048],[34.7709,0.56605],[34.81035,0.59012],[34.79946,0.60007],[34.83222,0.62673],[34.84317,0.66737],[34.82474,0.69031],[34.83016,0.70794],[34.81687,0.73098],[34.81932,0.76174],[34.79756,0.76598],[34.76862,0.74716],[34.75262,0.72689]]]},"properties":{"shapeName":"Webuye East","shapeID":"3690345B7526977746919","shapeGroup":"KEN","shapeType":"ADM2","name":"Webuye East","code":"3690345B7526977746919"}},{"type":"Feature","geometry":{"type":"Polygon","coordinates":[[[34.67463,0.6429],[34.68154,0.62144],[34.67979,0.58459],[34.68421,0.55188],[34.66581,0.48868],[34.63165,0.46158],[34.64391,0.45144],[34.66648,0.46142],[34.68841,0.48657],[34.70258,0.5085],[34.72066,0.50878],[34.74979,0.54048],[34.74937,0.56519],[34.72188,0.5578],[34.71804,0.57397],[34.73912,0.59358],[34.77452,0.60809],[34.75511,0.63582],[34.74858,0.67962],[34.75262,0.72689],[34.73165,0.71896],[34.6999,0.74402],[34.6714,0.72094],[34.65829,0.72847],[34.64582,0.73786],[34.6279,0.70451],[34.66745,0.66818],[34.67463,0.6429]]]},"properties":{"shapeName":"Webuye West","shapeID":"3690345B24019880317128","shapeGroup":"KEN","shapeType":"ADM2","name":"Webuye West","code":"3690345B24019880317128"}},{"type":"Feature","geometry":{"type":"Polygon","coordinates":[[[34.94186,-0.55175],[34.92927,-0.5224],[34.94147,-0.4781],[34.93117,-0.4686],[34.88117,-0.4858],[34.85897,-0.50244],[34.86985,-0.50512],[34.87847,-0.5561],[34.87287,-0.57275],[34.88987,-0.60801],[34.90766,-0.64311],[34.9343,-0.66298],[34.97077,-0.675],[35.01752,-0.67485],[35.01712,-0.65575],[34.99977,-0.62575],[34.97487,-0.6149],[34.94186,-0.55175]]]},"properties":{"shapeName":"West Mugirango","shapeID":"3690345B36875351103563","shapeGroup":"KEN","shapeType":"ADM2","name":"West Mugirango","code":"3690345B36875351103563"}},{"type":"Feature","geometry":{"type":"Polygon","coordinates":[[[36.73341,-1.2729],[36.75328,-1.26163],[36.79868,-1.25911],[36.81181,-1.27208],[36.83708,-1.26189],[36.84182,-1.25796],[36.84612,-1.24545],[36.83404,-1.21248],[36.7987,-1.19291],[36.7783,-1.22434],[36.75534,-1.21857],[36.72545,-1.24402],[36.71854,-1.26081],[36.73341,-1.2729]]]},"properties":{"shapeName":"Westlands","shapeID":"3690345B99886458952319","shapeGroup":"KEN","shapeType":"ADM2","name":"Westlands","code":"3690345B99886458952319"}},{"type":"Feature","geometry":{"type":"Polygon","coordinates":[[[38.41805,-3.33186],[38.40551,-3.2973],[38.42496,-3.29506],[38.41616,-3.2541],[38.43235,-3.25278],[38.44195,-3.19672],[38.44161,-3.16652],[38.29766,-3.16628],[38.13387,-3.16666],[38.13354,-3.36377],[38.15099,-3.37268],[38.22376,-3.38744],[38.21257,-3.42467],[38.26367,-3.43128],[38.2709,-3.41548],[38.29124,-3.41281],[38.31597,-3.429],[38.32064,-3.41908],[38.39317,-3.41951],[38.39412,-3.4061],[38.41464,-3.41114],[38.41906,-3.38634],[38.4034,-3.36877],[38.40024,-3.33815],[38.41805,-3.33186]]]},"properties":{"shapeName":"Wundanyi","shapeID":"3690345B46260760479849","shapeGroup":"KEN","shapeType":"ADM2","name":"Wundanyi","code":"3690345B46260760479849"}},{"type":"Feature","geometry":{"type":"Polygon","coordinates":[[[37.3626,-1.09349],[37.34264,-1.11695],[37.3803,-1.15791],[37.40889,-1.16889],[37.41926,-1.19325],[37.44507,-1.22055],[37.47485,-1.23134],[37.48683,-1.25069],[37.51343,-1.26356],[37.54044,-1.30626],[37.58005,-1.3174],[37.59623,-1.33124],[37.62488,-1.37664],[37.62761,-1.39486],[37.64573,-1.41132],[37.65218,-1.44754],[37.68096,-1.46461],[37.69511,-1.49757],[37.71285,-1.48851],[37.73264,-1.49608],[37.77385,-1.48632],[37.781,-1.47091],[37.81951,-1.44586],[37.78983,-1.37521],[37.76566,-1.35488],[37.74478,-1.35633],[37.68428,-1.23411],[37.64992,-1.19723],[37.63447,-1.16134],[37.59771,-1.13071],[37.59571,-1.08682],[37.52639,-1.07642],[37.51257,-1.04214],[37.54306,-0.9938],[37.47278,-0.98608],[37.42088,-1.03362],[37.38752,-1.05759],[37.3626,-1.09349]]]},"properties":{"shapeName":"Yatta","shapeID":"3690345B64365899844795","shapeGroup":"KEN","shapeType":"ADM2","name":"Yatta","code":"3690345B64365899844795"}}]}