{"type":"FeatureCollection","features":[{"type":"Feature","geometry":{"type":"Polygon","coordinates":[[[36.05061,4.45622],[35.94395,4.54803],[35.93885,4.58436],[35.94935,4.62856],[35.81215,4.78241],[35.81184,5.09573],[35.8379,5.12334],[35.85118,5.14718],[35.8577,5.14961],[35.86493,5.17174],[35.86412,5.18254],[35.8547,5.2021],[35.83866,5.21133],[35.82819,5.23679],[35.83024,5.2623],[35.84266,5.27244],[35.85341,5.28981],[35.86017,5.29123],[35.8641,5.30162],[35.86322,5.32012],[35.85584,5.31826],[35.84142,5.32859],[35.84071,5.33411],[35.82238,5.33521],[35.819,5.34163],[35.79055,5.34539],[35.77494,5.35619],[35.77518,5.34829],[35.75424,5.35757],[35.75086,5.37332],[35.73549,5.37808],[35.7294,5.37332],[35.71659,5.39117],[35.6986,5.39146],[35.68942,5.38513],[35.67962,5.3895],[35.67138,5.38437],[35.65544,5.38732],[35.65173,5.39365],[35.63217,5.38232],[35.61685,5.38265],[35.62027,5.39246],[35.61361,5.40478],[35.60062,5.39836],[35.58991,5.40688],[35.58753,5.41554],[35.55983,5.42292],[35.48496,5.42968],[35.29179,5.43065],[35.19461,5.27668],[34.36576,4.57663],[33.99281,4.22247],[34.03901,4.18745],[34.04857,4.17834],[34.06702,4.14217],[34.05085,4.12078],[34.06401,4.09322],[34.08179,4.08499],[34.09313,4.06871],[34.09035,4.0376],[34.05979,4.02793],[34.06196,4.00937],[34.08146,4.00348],[34.10595,3.97693],[34.13439,3.96165],[34.13411,3.95577],[34.11944,3.90205],[34.09124,3.88557],[34.08846,3.86161],[34.10889,3.86873],[34.12784,3.87223],[34.14947,3.86894],[34.16721,3.8703],[34.17538,3.87998],[34.21556,3.88155],[34.22539,3.85137],[34.22539,3.83083],[34.17952,3.83165],[34.16282,3.81041],[34.15317,3.80722],[34.15358,3.80034],[34.17074,3.80052],[34.18864,3.79539],[34.19037,3.78337],[34.16532,3.77394],[34.1718,3.76768],[34.18848,3.77195],[34.22116,3.7845],[34.22708,3.7742],[34.23304,3.78114],[34.24554,3.78426],[34.25902,3.76507],[34.26724,3.74737],[34.28304,3.73145],[34.30775,3.71241],[34.30898,3.69832],[34.31713,3.71971],[34.32421,3.72741],[34.35371,3.73532],[34.36992,3.73507],[34.37775,3.73067],[34.39978,3.70618],[34.40313,3.69287],[34.42488,3.68797],[34.45478,3.67687],[34.46303,3.66959],[34.45314,3.61176],[34.45649,3.57874],[34.45099,3.5188],[34.43501,3.5002],[34.4235,3.49152],[34.39648,3.48863],[34.39109,3.48286],[34.40548,3.46773],[34.41667,3.45052],[34.41898,3.43369],[34.40968,3.41794],[34.40137,3.41409],[34.40063,3.37131],[34.42924,3.34312],[34.43829,3.30792],[34.44773,3.28287],[34.45519,3.20074],[34.45544,3.18276],[34.4607,3.17429],[34.47056,3.17303],[34.48275,3.16478],[34.49474,3.14146],[34.51328,3.15108],[34.54759,3.13881],[34.55927,3.11299],[34.57547,3.09925],[34.57795,3.06991],[34.57739,3.02332],[34.58827,3.00412],[34.58942,2.98198],[34.59908,2.92609],[34.64014,2.90762],[34.65346,2.86751],[34.66941,2.86359],[34.69267,2.86293],[34.70229,2.87807],[34.71232,2.86537],[34.73698,2.8552],[34.74932,2.82578],[34.75989,2.82879],[34.76661,2.82256],[34.78122,2.76814],[34.78378,2.74286],[34.77489,2.69781],[34.78948,2.68399],[34.79853,2.6557],[34.83019,2.62069],[34.83764,2.6045],[34.85194,2.58355],[34.86733,2.57082],[34.87814,2.57274],[34.8794,2.5896],[34.89304,2.59324],[34.89699,2.58809],[34.9043,2.54917],[34.91266,2.51675],[34.93182,2.51661],[34.94728,2.47268],[34.95269,2.47245],[34.95116,2.45817],[34.94278,2.45547],[34.94082,2.45311],[34.97118,2.43649],[35.00997,2.40347],[35.01335,2.40768],[35.00871,2.42473],[35.0214,2.43379],[35.02213,2.44333],[35.01612,2.45456],[34.99968,2.47024],[34.99808,2.48838],[35.00445,2.50687],[35.00869,2.55071],[35.01614,2.56765],[35.02663,2.5644],[35.0316,2.53724],[35.04431,2.51688],[35.05778,2.48942],[35.06615,2.46369],[35.07974,2.46816],[35.10098,2.4883],[35.11052,2.52058],[35.10452,2.54753],[35.10735,2.56894],[35.11612,2.60188],[35.12762,2.62302],[35.13235,2.64892],[35.13705,2.64602],[35.16054,2.64824],[35.17439,2.63681],[35.19822,2.59185],[35.21286,2.55074],[35.22493,2.52992],[35.22199,2.5167],[35.22027,2.48749],[35.22257,2.46227],[35.2317,2.44139],[35.22664,2.43275],[35.22332,2.41205],[35.23664,2.37859],[35.23213,2.35122],[35.23897,2.34351],[35.26126,2.33168],[35.28556,2.29756],[35.29804,2.27069],[35.30882,2.23417],[35.31834,2.18942],[35.32486,2.16679],[35.34032,2.12503],[35.3658,2.03621],[35.37494,1.99218],[35.37337,1.96619],[35.37917,1.94801],[35.36959,1.93986],[35.36503,1.92894],[35.44166,1.8519],[35.4497,1.84505],[35.45882,1.84613],[35.46555,1.83966],[35.4693,1.81711],[35.46367,1.8101],[35.47699,1.80341],[35.48174,1.79089],[35.5051,1.7754],[35.50992,1.76389],[35.5241,1.76817],[35.54218,1.76647],[35.57215,1.75359],[35.5933,1.75248],[35.60182,1.75824],[35.60909,1.7492],[35.62656,1.74338],[35.62728,1.74711],[35.65681,1.73803],[35.66984,1.72432],[35.69788,1.70814],[35.72004,1.7071],[35.75433,1.67655],[35.76855,1.66851],[35.79194,1.66362],[36.09659,1.16941],[36.17396,1.17086],[36.31688,0.99126],[36.34037,0.99313],[36.34525,0.98625],[36.35007,0.96613],[36.36241,0.96346],[36.36683,0.95589],[36.38163,0.95458],[36.38784,0.94825],[36.38565,0.92785],[36.39206,0.91877],[36.41782,0.93691],[36.44267,0.97107],[36.44539,0.98427],[36.43956,1.00252],[36.44578,0.9998],[36.44849,0.98039],[36.4582,0.97729],[36.45859,0.9967],[36.45315,0.99747],[36.45351,1.01471],[36.44156,1.04287],[36.44405,1.07326],[36.43732,1.08647],[36.43882,1.10191],[36.44455,1.11013],[36.43558,1.14302],[36.43508,1.15623],[36.4423,1.17292],[36.41864,1.18662],[36.41465,1.18164],[36.39223,1.17317],[36.39148,1.18438],[36.39796,1.2068],[36.39397,1.22001],[36.3987,1.22673],[36.41814,1.22698],[36.42163,1.2367],[36.4134,1.24667],[36.4134,1.25962],[36.40618,1.2524],[36.38774,1.26336],[36.39596,1.26959],[36.39497,1.27681],[36.40419,1.27258],[36.40817,1.27905],[36.42287,1.26709],[36.4301,1.26734],[36.44629,1.25115],[36.45351,1.25439],[36.45078,1.27258],[36.43458,1.29301],[36.43259,1.30422],[36.41938,1.2945],[36.40344,1.30048],[36.40194,1.3082],[36.39048,1.31294],[36.40393,1.31717],[36.41016,1.32863],[36.42113,1.33685],[36.42063,1.34582],[36.43508,1.35205],[36.43757,1.36003],[36.45825,1.36875],[36.46572,1.38743],[36.46647,1.39864],[36.45501,1.39814],[36.44729,1.4121],[36.43159,1.4101],[36.41714,1.41758],[36.40892,1.42829],[36.38948,1.44498],[36.35585,1.43601],[36.34788,1.43875],[36.32272,1.4679],[36.30527,1.4689],[36.29406,1.46342],[36.28659,1.4699],[36.29755,1.48833],[36.29382,1.50204],[36.29606,1.53318],[36.29979,1.54215],[36.312,1.55062],[36.33118,1.57105],[36.35785,1.5708],[36.36183,1.57529],[36.35785,1.58774],[36.36681,1.59572],[36.37479,1.58475],[36.3693,1.56358],[36.37205,1.54788],[36.385,1.52272],[36.39547,1.52421],[36.40568,1.54539],[36.40992,1.56108],[36.42437,1.57354],[36.43134,1.5845],[36.43109,1.59796],[36.44255,1.61814],[36.45351,1.61241],[36.46398,1.61316],[36.46199,1.62237],[36.47046,1.6433],[36.47195,1.66323],[36.47694,1.67544],[36.4854,1.68292],[36.48416,1.70285],[36.49886,1.70609],[36.49936,1.71755],[36.50559,1.73125],[36.51904,1.74595],[36.51381,1.74844],[36.52527,1.75492],[36.52402,1.76563],[36.51655,1.76513],[36.52228,1.78606],[36.52925,1.79976],[36.52726,1.80774],[36.51929,1.80599],[36.51181,1.82692],[36.51804,1.82343],[36.51754,1.83539],[36.52303,1.84635],[36.51207,1.84959],[36.50982,1.85956],[36.51207,1.87949],[36.52328,1.88323],[36.52402,1.8922],[36.53524,1.89494],[36.53947,1.92658],[36.53498,1.94626],[36.53848,1.95697],[36.5295,1.96395],[36.53773,1.97117],[36.54196,1.98886],[36.54019,2.00674],[36.54612,2.0071],[36.54778,2.02535],[36.55505,2.04299],[36.56811,2.05801],[36.56354,2.10381],[36.57911,2.1208],[36.58395,2.14071],[36.59448,2.14651],[36.61089,2.16324],[36.60991,2.15614],[36.6362,2.1639],[36.65628,2.17337],[36.67035,2.18644],[36.68657,2.19573],[36.70078,2.19884],[36.69988,2.21827],[36.71131,2.22439],[36.7091,2.23767],[36.71245,2.25558],[36.70657,2.26194],[36.72282,2.27501],[36.72371,2.30097],[36.60096,2.36001],[36.60089,2.40574],[36.59072,2.4141],[36.5849,2.40739],[36.56646,2.40488],[36.5591,2.39707],[36.53768,2.40776],[36.53076,2.43148],[36.52271,2.44837],[36.52764,2.47439],[36.52551,2.48443],[36.52927,2.50016],[36.52847,2.52222],[36.52228,2.53331],[36.51298,2.56069],[36.49232,2.57503],[36.47305,2.60051],[36.47092,2.60942],[36.45177,2.6122],[36.43676,2.63355],[36.43329,2.65179],[36.43526,2.6876],[36.44588,2.70515],[36.43077,2.71405],[36.41984,2.73592],[36.41754,2.76199],[36.39454,2.79974],[36.3789,2.83832],[36.35877,2.86077],[36.34457,2.86279],[36.31905,2.87476],[36.29832,2.88705],[36.28164,2.89121],[36.26896,2.9078],[36.26057,2.93374],[36.25694,2.96048],[36.24658,2.94912],[36.23379,2.95691],[36.20112,2.96169],[36.19133,2.96834],[36.17875,2.96616],[36.1384,2.96935],[36.13673,2.97917],[36.12904,2.97397],[36.12399,2.97952],[36.12764,3.00278],[36.13691,3.01463],[36.14132,3.03701],[36.1413,3.07298],[36.14882,3.07576],[36.15323,3.08584],[36.15051,3.09596],[36.15242,3.13159],[36.1408,3.15375],[36.15258,3.18988],[36.15438,3.21121],[36.14766,3.22404],[36.1408,3.20928],[36.12285,3.21399],[36.1133,3.22135],[36.07495,3.22726],[36.05209,3.24057],[36.04982,4.05662],[36.05061,4.45622]]]},"properties":{"shapeName":"Turkana","shapeISO":"KE-43","shapeID":"32016919B72266624462344","shapeGroup":"KEN","shapeType":"ADM1","name":"Turkana","code":"KE-43"}},{"type":"Feature","geometry":{"type":"Polygon","coordinates":[[[36.60089,2.40574],[36.60889,2.39656],[36.619,2.39981],[36.62212,2.41547],[36.63394,2.40533],[36.63922,2.41098],[36.63791,2.39183],[36.64689,2.41342],[36.65625,2.41983],[36.67112,2.44546],[36.68729,2.45906],[36.69535,2.45464],[36.70337,2.47904],[36.69972,2.51237],[36.71409,2.50851],[36.73935,2.515],[36.7567,2.51606],[36.84352,2.27476],[36.86579,2.25385],[36.89285,2.19749],[36.89694,2.19173],[36.90303,2.15667],[36.91529,2.12565],[36.91275,2.10003],[36.91999,2.09953],[36.91825,2.08347],[36.92102,2.0583],[36.91576,2.01802],[36.92437,2.01671],[36.9399,2.02475],[36.95001,2.02511],[37.00716,1.9851],[37.03685,1.98251],[37.09668,1.98325],[37.12977,1.97099],[37.1509,1.96792],[37.17492,1.95821],[37.19086,1.93042],[37.21986,1.90704],[37.2321,1.90022],[37.24768,1.88099],[37.26598,1.87876],[37.30611,1.76545],[37.35055,1.74214],[37.44299,1.58737],[37.4692,1.55429],[37.5578,1.39621],[37.5696,1.38882],[37.58214,1.37084],[37.58745,1.36824],[37.58937,1.37909],[37.59984,1.38963],[37.61005,1.3754],[37.62146,1.37694],[37.64674,1.39916],[37.68364,1.39896],[37.70999,1.40723],[37.73673,1.4074],[37.7476,1.41334],[37.77842,1.41182],[37.78209,1.41963],[37.79358,1.41413],[37.81698,1.42292],[37.82587,1.42084],[37.84174,1.42548],[37.85212,1.45906],[37.95062,1.38696],[37.94529,1.26288],[38.33966,1.57742],[38.38317,1.76128],[38.96255,2.09739],[38.95419,2.10622],[38.93584,2.1612],[38.93801,2.17679],[38.93833,2.21482],[38.93431,2.2437],[38.92609,2.28411],[38.93615,2.31585],[38.93143,2.34577],[38.93474,2.37276],[38.93071,2.38138],[38.92798,2.41277],[38.91447,2.44083],[38.91352,2.44988],[38.90231,2.47831],[38.89387,2.51296],[38.88861,2.54265],[38.96803,2.56325],[38.9817,2.57125],[39.04342,2.67602],[39.03621,2.68687],[39.04602,2.70014],[39.05247,2.72648],[39.06599,2.73758],[39.06507,2.88231],[39.11182,2.88335],[39.11666,2.91415],[39.12356,2.93132],[39.13752,2.9386],[39.14741,2.95283],[39.15328,2.95475],[39.20217,2.95691],[39.2481,2.98906],[39.24942,2.99587],[39.28236,3.02669],[39.28933,3.0353],[39.32401,3.05282],[39.34676,3.07008],[39.34174,3.25536],[39.33831,3.27737],[39.32818,3.28866],[39.31352,3.40677],[39.30173,3.42658],[39.29975,3.44071],[39.30453,3.45582],[39.31812,3.47197],[39.29211,3.48037],[39.26806,3.47246],[39.25623,3.4776],[39.23266,3.47944],[39.22723,3.48313],[39.2012,3.47982],[39.19156,3.48189],[39.19027,3.4941],[39.17974,3.49057],[39.15078,3.50547],[39.15275,3.51125],[39.13179,3.51276],[39.10623,3.52424],[39.08836,3.54129],[39.07956,3.54154],[39.07906,3.53302],[39.06107,3.52811],[39.05573,3.52305],[39.03799,3.53006],[39.02271,3.52547],[39.02209,3.51601],[39.00977,3.51844],[39.00451,3.52648],[39.00008,3.52111],[38.98034,3.51718],[38.96405,3.52362],[38.95809,3.519],[38.95858,3.50891],[38.90434,3.50587],[38.84086,3.52824],[38.83806,3.52739],[38.71378,3.56558],[38.71171,3.57543],[38.69262,3.6051],[38.68787,3.61738],[38.67219,3.61544],[38.67632,3.60425],[38.66538,3.58722],[38.61134,3.60757],[38.59923,3.59992],[38.57609,3.60113],[38.55714,3.61503],[38.54679,3.63958],[38.53428,3.64919],[38.51571,3.64462],[38.52209,3.63538],[38.52234,3.62222],[38.50451,3.61783],[38.44759,3.59758],[38.18107,3.61578],[38.12815,3.60076],[38.11275,3.61821],[38.03378,3.68415],[37.98958,3.72918],[37.91837,3.76855],[37.90764,3.77778],[37.79902,3.84955],[37.76654,3.86952],[37.65185,3.95033],[37.64634,3.9578],[37.58512,3.99867],[37.4934,4.06467],[37.42774,4.10766],[37.42033,4.11125],[37.13802,4.29544],[37.13198,4.29377],[37.11361,4.30726],[37.09049,4.34309],[37.07777,4.34887],[37.06493,4.3472],[37.04887,4.37019],[37.03218,4.38574],[37.02046,4.37191],[37.00906,4.38047],[37.00431,4.37809],[36.98516,4.39563],[36.95832,4.3982],[36.95858,4.40359],[36.90834,4.42512],[36.8783,4.43185],[36.84259,4.44996],[36.67896,4.44135],[36.66033,4.44187],[36.64326,4.45362],[36.62521,4.4541],[36.54588,4.4446],[36.26267,4.45086],[36.24585,4.45754],[36.23184,4.45124],[36.05061,4.45622],[36.04982,4.05662],[36.05209,3.24057],[36.07495,3.22726],[36.1133,3.22135],[36.12285,3.21399],[36.1408,3.20928],[36.14766,3.22404],[36.15438,3.21121],[36.15258,3.18988],[36.1408,3.15375],[36.15242,3.13159],[36.15051,3.09596],[36.15323,3.08584],[36.14882,3.07576],[36.1413,3.07298],[36.14132,3.03701],[36.13691,3.01463],[36.12764,3.00278],[36.12399,2.97952],[36.12904,2.97397],[36.13673,2.97917],[36.1384,2.96935],[36.17875,2.96616],[36.19133,2.96834],[36.20112,2.96169],[36.23379,2.95691],[36.24658,2.94912],[36.25694,2.96048],[36.26057,2.93374],[36.26896,2.9078],[36.28164,2.89121],[36.29832,2.88705],[36.31905,2.87476],[36.34457,2.86279],[36.35877,2.86077],[36.3789,2.83832],[36.39454,2.79974],[36.41754,2.76199],[36.41984,2.73592],[36.43077,2.71405],[36.44588,2.70515],[36.43526,2.6876],[36.43329,2.65179],[36.43676,2.63355],[36.45177,2.6122],[36.47092,2.60942],[36.47305,2.60051],[36.49232,2.57503],[36.51298,2.56069],[36.52228,2.53331],[36.52847,2.52222],[36.52927,2.50016],[36.52551,2.48443],[36.52764,2.47439],[36.52271,2.44837],[36.53076,2.43148],[36.53768,2.40776],[36.5591,2.39707],[36.56646,2.40488],[36.5849,2.40739],[36.59072,2.4141],[36.60089,2.40574]]]},"properties":{"shapeName":"Marsabit","shapeISO":"KE-25","shapeID":"32016919B63496705134089","shapeGroup":"KEN","shapeType":"ADM1","name":"Marsabit","code":"KE-25"}},{"type":"Feature","geometry":{"type":"Polygon","coordinates":[[[40.99195,2.17919],[40.9926,2.52318],[40.99252,2.82475],[41.32827,3.15373],[41.33326,3.16057],[41.64417,3.60139],[41.89141,3.95238],[41.90626,3.97638],[41.89849,3.98113],[41.88389,3.97266],[41.88197,3.9662],[41.86576,3.95978],[41.85476,3.96065],[41.85046,3.94774],[41.83619,3.95404],[41.83534,3.94507],[41.8209,3.95867],[41.79887,3.95882],[41.79393,3.98313],[41.78748,3.97827],[41.78061,3.98308],[41.77423,3.97438],[41.75287,3.97625],[41.75493,3.98308],[41.73939,3.98835],[41.73372,3.98455],[41.71583,3.99357],[41.69226,3.98136],[41.67643,3.96009],[41.67065,3.9688],[41.65529,3.96671],[41.6428,3.97962],[41.63585,3.97776],[41.62628,3.98435],[41.61736,3.97482],[41.60073,3.97588],[41.59589,3.97148],[41.57971,3.97381],[41.56628,3.9693],[41.56241,3.97726],[41.54972,3.98563],[41.52669,3.97411],[41.52173,3.96092],[41.51274,3.95523],[41.50107,3.96971],[41.49582,3.96312],[41.48447,3.96342],[41.48125,3.95543],[41.46329,3.96048],[41.44918,3.95625],[41.43974,3.95865],[41.43858,3.95076],[41.41941,3.95005],[41.39737,3.96558],[41.38165,3.96126],[41.37923,3.95312],[41.35442,3.9601],[41.34492,3.95073],[41.32763,3.94196],[41.30619,3.94677],[41.29737,3.95585],[41.2958,3.94795],[41.28098,3.94795],[41.2617,3.95608],[41.24215,3.95208],[41.23759,3.9598],[41.23061,3.95083],[41.21522,3.9534],[41.20718,3.94544],[41.20691,3.93573],[41.19572,3.93678],[41.17879,3.94495],[41.17231,3.94304],[41.15496,3.95809],[41.13891,3.96243],[41.12426,3.97461],[41.12623,3.97918],[41.11535,3.98879],[41.1083,3.98584],[41.10072,3.99327],[41.10539,4.00775],[41.08455,4.01751],[41.08252,4.02463],[41.07197,4.02692],[41.06174,4.05053],[41.04933,4.05995],[41.04237,4.07486],[41.03098,4.07494],[41.01996,4.08365],[40.99956,4.11226],[40.98188,4.11384],[40.97564,4.12762],[40.95821,4.14258],[40.94196,4.15],[40.93231,4.14887],[40.91789,4.15639],[40.90629,4.15762],[40.89959,4.18379],[40.887,4.19332],[40.887,4.21176],[40.86791,4.2284],[40.85535,4.22914],[40.84797,4.24904],[40.83504,4.24845],[40.80401,4.26619],[40.79196,4.2689],[40.78223,4.28276],[40.77613,4.27989],[40.75792,4.28173],[40.74593,4.2641],[40.72732,4.25204],[40.71081,4.25249],[40.69837,4.24278],[40.40167,4.12273],[40.39499,4.11387],[40.38743,4.11596],[40.20596,4.04222],[40.19006,4.0454],[40.18362,4.03229],[40.1175,3.99709],[39.86773,3.8675],[39.77526,3.6681],[39.78684,3.33346],[40.03511,3.22959],[40.04419,3.22425],[40.18269,3.07292],[40.26974,2.97062],[40.49295,2.8681],[40.49649,2.85143],[40.49388,2.83786],[40.49849,2.83358],[40.49445,2.81801],[40.50333,2.80932],[40.49437,2.80374],[40.50489,2.79466],[40.5036,2.78682],[40.51938,2.77138],[40.52039,2.73955],[40.51368,2.73842],[40.50266,2.71649],[40.52118,2.69584],[40.528,2.66424],[40.54634,2.63191],[40.55392,2.59327],[40.56237,2.58636],[40.55936,2.57856],[40.56679,2.56523],[40.58136,2.54984],[40.58168,2.52777],[40.59739,2.51227],[40.59198,2.5013],[40.60358,2.49243],[40.60352,2.48381],[40.61635,2.46179],[40.64138,2.43573],[40.65434,2.43345],[40.6646,2.42308],[40.6676,2.40613],[40.6656,2.39633],[40.67616,2.38391],[40.67731,2.37524],[40.69286,2.36569],[40.71011,2.34867],[40.7198,2.32801],[40.74038,2.31391],[40.75625,2.31452],[40.77975,2.3048],[40.79903,2.28621],[40.8133,2.27787],[40.83873,2.27473],[40.84245,2.26387],[40.86248,2.243],[40.87628,2.22462],[40.91567,2.19147],[40.94557,2.17709],[40.96404,2.17629],[40.99195,2.17919]]]},"properties":{"shapeName":"Mandera","shapeISO":"KE-24","shapeID":"32016919B2031803566233","shapeGroup":"KEN","shapeType":"ADM1","name":"Mandera","code":"KE-24"}},{"type":"Feature","geometry":{"type":"Polygon","coordinates":[[[38.96255,2.09739],[38.98531,2.06964],[38.98426,2.05334],[38.99295,2.0402],[38.98956,2.02782],[38.99419,2.00958],[39.0038,2.00055],[39.01971,1.97742],[39.03505,1.9671],[39.05416,1.93363],[39.06334,1.92819],[39.06848,1.9146],[39.09511,1.88997],[39.10201,1.88997],[39.11211,1.87788],[39.13109,1.8662],[39.14307,1.84592],[39.14399,1.83044],[39.17012,1.79115],[39.17971,1.76198],[39.18035,1.75338],[39.21385,1.69736],[39.23049,1.69474],[39.23636,1.68878],[39.25432,1.68318],[39.2659,1.67357],[39.27524,1.67347],[39.28688,1.66248],[39.30831,1.65453],[39.31345,1.64325],[39.34531,1.62597],[39.35798,1.61006],[39.37344,1.58527],[39.38604,1.57445],[39.38742,1.5658],[39.39477,1.56524],[39.39997,1.55298],[39.41587,1.55042],[39.43851,1.52949],[39.44717,1.52721],[39.27426,1.4678],[39.39775,1.14627],[39.46225,0.99709],[39.46069,0.99468],[39.47963,0.9802],[39.49249,0.96216],[39.49794,0.93391],[39.51448,0.90018],[39.5322,0.85728],[39.54568,0.81572],[39.55327,0.78521],[39.56354,0.7572],[39.57527,0.74221],[39.58599,0.72218],[39.59728,0.71297],[39.60032,0.70382],[39.61447,0.68462],[39.64621,0.65787],[39.65441,0.63256],[39.66502,0.61452],[39.68941,0.57981],[39.72402,0.544],[39.73286,0.52594],[39.76215,0.51216],[39.77496,0.49525],[39.79968,0.4828],[39.82067,0.48214],[39.85025,0.47711],[39.87042,0.46014],[39.90498,0.46208],[39.94392,0.42971],[39.97908,0.40971],[40.01296,0.39894],[40.04836,0.39635],[40.05962,0.3926],[40.09633,0.36698],[40.12823,0.34261],[40.16091,0.32591],[40.17805,0.30991],[40.21113,0.27197],[40.23345,0.25256],[40.25885,0.23726],[40.30313,0.21798],[40.33131,0.19941],[40.37511,0.19684],[40.39543,0.18594],[40.40728,0.18413],[40.4261,0.1903],[40.4484,0.18618],[40.48272,0.18866],[40.49496,0.19787],[40.50727,0.19281],[40.51398,0.20819],[40.5245,0.22147],[40.54075,0.22678],[40.56505,0.21582],[40.58616,0.2154],[40.59501,0.22562],[40.6045,0.22544],[40.61214,0.23276],[40.64768,0.23211],[40.68179,0.25844],[40.68355,0.27112],[40.6945,0.2781],[40.71574,0.32009],[40.73517,0.32556],[40.7519,0.34359],[40.77314,0.35405],[40.81926,0.36634],[40.84327,0.37091],[40.86264,0.37893],[40.88599,0.3924],[40.91853,0.42389],[40.94556,0.43685],[40.96123,0.44765],[40.97735,0.45288],[40.99178,0.46442],[40.99245,0.95169],[40.99222,1.44282],[40.99211,1.71013],[40.99037,1.94725],[40.99195,2.17919],[40.96404,2.17629],[40.94557,2.17709],[40.91567,2.19147],[40.87628,2.22462],[40.86248,2.243],[40.84245,2.26387],[40.83873,2.27473],[40.8133,2.27787],[40.79903,2.28621],[40.77975,2.3048],[40.75625,2.31452],[40.74038,2.31391],[40.7198,2.32801],[40.71011,2.34867],[40.69286,2.36569],[40.67731,2.37524],[40.67616,2.38391],[40.6656,2.39633],[40.6676,2.40613],[40.6646,2.42308],[40.65434,2.43345],[40.64138,2.43573],[40.61635,2.46179],[40.60352,2.48381],[40.60358,2.49243],[40.59198,2.5013],[40.59739,2.51227],[40.58168,2.52777],[40.58136,2.54984],[40.56679,2.56523],[40.55936,2.57856],[40.56237,2.58636],[40.55392,2.59327],[40.54634,2.63191],[40.528,2.66424],[40.52118,2.69584],[40.50266,2.71649],[40.51368,2.73842],[40.52039,2.73955],[40.51938,2.77138],[40.5036,2.78682],[40.50489,2.79466],[40.49437,2.80374],[40.50333,2.80932],[40.49445,2.81801],[40.49849,2.83358],[40.49388,2.83786],[40.49649,2.85143],[40.49295,2.8681],[40.26974,2.97062],[40.18269,3.07292],[40.04419,3.22425],[40.03511,3.22959],[39.78684,3.33346],[39.77526,3.6681],[39.76587,3.6611],[39.60941,3.50109],[39.55299,3.4661],[39.54029,3.47275],[39.52534,3.46662],[39.5015,3.47008],[39.48579,3.46004],[39.46648,3.46033],[39.45747,3.45587],[39.44563,3.46072],[39.43128,3.45762],[39.42896,3.46625],[39.4179,3.46063],[39.41344,3.46674],[39.40345,3.46324],[39.37629,3.46819],[39.33595,3.46625],[39.31812,3.47197],[39.30453,3.45582],[39.29975,3.44071],[39.30173,3.42658],[39.31352,3.40677],[39.32818,3.28866],[39.33831,3.27737],[39.34174,3.25536],[39.34676,3.07008],[39.32401,3.05282],[39.28933,3.0353],[39.28236,3.02669],[39.24942,2.99587],[39.2481,2.98906],[39.20217,2.95691],[39.15328,2.95475],[39.14741,2.95283],[39.13752,2.9386],[39.12356,2.93132],[39.11666,2.91415],[39.11182,2.88335],[39.06507,2.88231],[39.06599,2.73758],[39.05247,2.72648],[39.04602,2.70014],[39.03621,2.68687],[39.04342,2.67602],[38.9817,2.57125],[38.96803,2.56325],[38.88861,2.54265],[38.89387,2.51296],[38.90231,2.47831],[38.91352,2.44988],[38.91447,2.44083],[38.92798,2.41277],[38.93071,2.38138],[38.93474,2.37276],[38.93143,2.34577],[38.93615,2.31585],[38.92609,2.28411],[38.93431,2.2437],[38.93833,2.21482],[38.93801,2.17679],[38.93584,2.1612],[38.95419,2.10622],[38.96255,2.09739]]]},"properties":{"shapeName":"Wajir","shapeISO":"KE-46","shapeID":"32016919B89873713911655","shapeGroup":"KEN","shapeType":"ADM1","name":"Wajir","code":"KE-46"}},{"type":"Feature","geometry":{"type":"Polygon","coordinates":[[[34.94278,2.45547],[34.92255,2.45267],[34.90037,2.43989],[34.88289,2.41874],[34.87907,2.39788],[34.90416,2.32043],[34.93389,2.24802],[34.96104,2.19813],[34.9751,2.16294],[34.99235,2.09288],[34.96375,2.06367],[34.98313,1.99931],[34.98386,1.98062],[34.99214,1.96714],[35.02585,1.92418],[35.00049,1.83833],[34.98782,1.66525],[34.94221,1.57622],[34.92032,1.56333],[34.91005,1.56417],[34.90228,1.5524],[34.88681,1.55582],[34.87784,1.53298],[34.86357,1.52663],[34.8603,1.51472],[34.86041,1.45717],[34.85283,1.45038],[34.84048,1.45278],[34.79727,1.42533],[34.78889,1.40953],[34.80399,1.37337],[34.79324,1.36081],[34.82922,1.31132],[34.83221,1.27159],[34.82229,1.26259],[34.91066,1.2842],[34.90607,1.25208],[34.94187,1.25076],[34.97197,1.24625],[34.9931,1.25765],[35.01207,1.25424],[35.02299,1.23516],[35.04445,1.21541],[35.03525,1.20379],[35.04169,1.19446],[35.05758,1.18219],[35.07623,1.17563],[35.08308,1.1692],[35.08704,1.18332],[35.117,1.18804],[35.12425,1.18378],[35.15214,1.19937],[35.32454,1.11645],[35.35561,1.13204],[35.54386,1.28514],[35.55747,1.28498],[35.57791,1.29119],[35.58531,1.28316],[35.60197,1.27938],[35.61344,1.28266],[35.61732,1.28979],[35.63919,1.30319],[35.67315,1.31538],[35.69595,1.31901],[35.69911,1.3274],[35.68692,1.34718],[35.69255,1.37294],[35.70146,1.38448],[35.69826,1.38813],[35.7106,1.41273],[35.70611,1.41598],[35.70575,1.43838],[35.72002,1.45154],[35.72258,1.46103],[35.7186,1.4715],[35.72923,1.48146],[35.73753,1.4967],[35.75924,1.50785],[35.76679,1.52168],[35.77507,1.55036],[35.78274,1.5598],[35.78493,1.59017],[35.79166,1.62552],[35.77624,1.63599],[35.77874,1.64894],[35.79194,1.66362],[35.76855,1.66851],[35.75433,1.67655],[35.72004,1.7071],[35.69788,1.70814],[35.66984,1.72432],[35.65681,1.73803],[35.62728,1.74711],[35.62656,1.74338],[35.60909,1.7492],[35.60182,1.75824],[35.5933,1.75248],[35.57215,1.75359],[35.54218,1.76647],[35.5241,1.76817],[35.50992,1.76389],[35.5051,1.7754],[35.48174,1.79089],[35.47699,1.80341],[35.46367,1.8101],[35.4693,1.81711],[35.46555,1.83966],[35.45882,1.84613],[35.4497,1.84505],[35.44166,1.8519],[35.36503,1.92894],[35.36959,1.93986],[35.37917,1.94801],[35.37337,1.96619],[35.37494,1.99218],[35.3658,2.03621],[35.34032,2.12503],[35.32486,2.16679],[35.31834,2.18942],[35.30882,2.23417],[35.29804,2.27069],[35.28556,2.29756],[35.26126,2.33168],[35.23897,2.34351],[35.23213,2.35122],[35.23664,2.37859],[35.22332,2.41205],[35.22664,2.43275],[35.2317,2.44139],[35.22257,2.46227],[35.22027,2.48749],[35.22199,2.5167],[35.22493,2.52992],[35.21286,2.55074],[35.19822,2.59185],[35.17439,2.63681],[35.16054,2.64824],[35.13705,2.64602],[35.13235,2.64892],[35.12762,2.62302],[35.11612,2.60188],[35.10735,2.56894],[35.10452,2.54753],[35.11052,2.52058],[35.10098,2.4883],[35.07974,2.46816],[35.06615,2.46369],[35.05778,2.48942],[35.04431,2.51688],[35.0316,2.53724],[35.02663,2.5644],[35.01614,2.56765],[35.00869,2.55071],[35.00445,2.50687],[34.99808,2.48838],[34.99968,2.47024],[35.01612,2.45456],[35.02213,2.44333],[35.0214,2.43379],[35.00871,2.42473],[35.01335,2.40768],[35.00997,2.40347],[34.97118,2.43649],[34.94082,2.45311],[34.94278,2.45547]]]},"properties":{"shapeName":"West Pokot","shapeISO":"KE-47","shapeID":"32016919B96045830258165","shapeGroup":"KEN","shapeType":"ADM1","name":"West Pokot","code":"KE-47"}},{"type":"Feature","geometry":{"type":"Polygon","coordinates":[[[36.39206,0.91877],[36.39466,0.90596],[36.40239,0.90048],[36.41737,0.90222],[36.42888,0.88456],[36.44407,0.87356],[36.45359,0.87276],[36.48872,0.8468],[36.48241,0.8135],[36.66951,0.81331],[36.68724,0.81746],[36.70841,0.81436],[36.73468,0.82504],[36.75614,0.8584],[36.77309,0.86565],[36.79335,0.8694],[36.81561,0.85594],[36.81976,0.83895],[36.8316,0.81523],[36.83405,0.80043],[36.84385,0.79486],[36.84088,0.79001],[36.85669,0.76348],[36.86581,0.73765],[36.88107,0.73322],[36.90324,0.74024],[36.91041,0.7285],[36.9316,0.74342],[36.93465,0.7542],[36.94807,0.744],[36.96629,0.74213],[37.00214,0.75003],[37.04658,0.76619],[37.05788,0.77222],[37.0695,0.76578],[37.07237,0.77913],[37.09283,0.7827],[37.10306,0.78756],[37.10997,0.78081],[37.11752,0.7834],[37.13659,0.75946],[37.15174,0.76092],[37.1524,0.75299],[37.16194,0.75164],[37.16857,0.74267],[37.20219,0.74652],[37.21994,0.73944],[37.24686,0.763],[37.25555,0.76445],[37.27029,0.75227],[37.27502,0.74381],[37.28917,0.73645],[37.30025,0.72086],[37.30519,0.70316],[37.31445,0.68492],[37.32629,0.6684],[37.3317,0.65031],[37.34266,0.64578],[37.35283,0.62156],[37.35393,0.6007],[37.36349,0.59933],[37.36494,0.58695],[37.37449,0.5876],[37.39117,0.5766],[37.42404,0.57948],[37.42801,0.58318],[37.44703,0.5804],[37.47029,0.59334],[37.47783,0.5881],[37.49168,0.58885],[37.49228,0.57619],[37.50236,0.57557],[37.51428,0.56809],[37.5241,0.57034],[37.5319,0.56524],[37.54499,0.57797],[37.55739,0.571],[37.58335,0.57491],[37.58354,0.58843],[37.60585,0.59153],[37.61871,0.60009],[37.63284,0.59718],[37.64187,0.61266],[37.63858,0.62144],[37.65044,0.63219],[37.66508,0.63276],[37.68116,0.64258],[37.69067,0.66309],[37.70907,0.66724],[37.72383,0.65471],[37.74665,0.67618],[37.75783,0.67261],[37.77394,0.67797],[37.7896,0.67216],[37.81107,0.6744],[37.8321,0.67976],[37.84462,0.68961],[37.84238,0.70347],[37.84641,0.71153],[37.87505,0.73032],[37.87683,0.74419],[37.88847,0.73882],[37.91262,0.71197],[37.93633,0.73032],[37.94036,0.73882],[37.95826,0.75134],[37.97168,0.75447],[37.97212,0.75984],[37.98823,0.77729],[38.0097,0.7925],[38.00747,0.80011],[38.02402,0.79698],[38.03028,0.79071],[38.04683,0.78445],[38.04996,0.77863],[38.08092,0.78144],[38.04751,0.80496],[38.03084,1.08514],[37.94816,1.19432],[37.94529,1.26288],[37.95062,1.38696],[37.85212,1.45906],[37.84174,1.42548],[37.82587,1.42084],[37.81698,1.42292],[37.79358,1.41413],[37.78209,1.41963],[37.77842,1.41182],[37.7476,1.41334],[37.73673,1.4074],[37.70999,1.40723],[37.68364,1.39896],[37.64674,1.39916],[37.62146,1.37694],[37.61005,1.3754],[37.59984,1.38963],[37.58937,1.37909],[37.58745,1.36824],[37.58214,1.37084],[37.5696,1.38882],[37.5578,1.39621],[37.4692,1.55429],[37.44299,1.58737],[37.35055,1.74214],[37.30611,1.76545],[37.26598,1.87876],[37.24768,1.88099],[37.2321,1.90022],[37.21986,1.90704],[37.19086,1.93042],[37.17492,1.95821],[37.1509,1.96792],[37.12977,1.97099],[37.09668,1.98325],[37.03685,1.98251],[37.00716,1.9851],[36.95001,2.02511],[36.9399,2.02475],[36.92437,2.01671],[36.91576,2.01802],[36.92102,2.0583],[36.91825,2.08347],[36.91999,2.09953],[36.91275,2.10003],[36.91529,2.12565],[36.90303,2.15667],[36.89694,2.19173],[36.89285,2.19749],[36.86579,2.25385],[36.84352,2.27476],[36.7567,2.51606],[36.73935,2.515],[36.71409,2.50851],[36.69972,2.51237],[36.70337,2.47904],[36.69535,2.45464],[36.68729,2.45906],[36.67112,2.44546],[36.65625,2.41983],[36.64689,2.41342],[36.63791,2.39183],[36.63922,2.41098],[36.63394,2.40533],[36.62212,2.41547],[36.619,2.39981],[36.60889,2.39656],[36.60089,2.40574],[36.60096,2.36001],[36.72371,2.30097],[36.72282,2.27501],[36.70657,2.26194],[36.71245,2.25558],[36.7091,2.23767],[36.71131,2.22439],[36.69988,2.21827],[36.70078,2.19884],[36.68657,2.19573],[36.67035,2.18644],[36.65628,2.17337],[36.6362,2.1639],[36.60991,2.15614],[36.61089,2.16324],[36.59448,2.14651],[36.58395,2.14071],[36.57911,2.1208],[36.56354,2.10381],[36.56811,2.05801],[36.55505,2.04299],[36.54778,2.02535],[36.54612,2.0071],[36.54019,2.00674],[36.54196,1.98886],[36.53773,1.97117],[36.5295,1.96395],[36.53848,1.95697],[36.53498,1.94626],[36.53947,1.92658],[36.53524,1.89494],[36.52402,1.8922],[36.52328,1.88323],[36.51207,1.87949],[36.50982,1.85956],[36.51207,1.84959],[36.52303,1.84635],[36.51754,1.83539],[36.51804,1.82343],[36.51181,1.82692],[36.51929,1.80599],[36.52726,1.80774],[36.52925,1.79976],[36.52228,1.78606],[36.51655,1.76513],[36.52402,1.76563],[36.52527,1.75492],[36.51381,1.74844],[36.51904,1.74595],[36.50559,1.73125],[36.49936,1.71755],[36.49886,1.70609],[36.48416,1.70285],[36.4854,1.68292],[36.47694,1.67544],[36.47195,1.66323],[36.47046,1.6433],[36.46199,1.62237],[36.46398,1.61316],[36.45351,1.61241],[36.44255,1.61814],[36.43109,1.59796],[36.43134,1.5845],[36.42437,1.57354],[36.40992,1.56108],[36.40568,1.54539],[36.39547,1.52421],[36.385,1.52272],[36.37205,1.54788],[36.3693,1.56358],[36.37479,1.58475],[36.36681,1.59572],[36.35785,1.58774],[36.36183,1.57529],[36.35785,1.5708],[36.33118,1.57105],[36.312,1.55062],[36.29979,1.54215],[36.29606,1.53318],[36.29382,1.50204],[36.29755,1.48833],[36.28659,1.4699],[36.29406,1.46342],[36.30527,1.4689],[36.32272,1.4679],[36.34788,1.43875],[36.35585,1.43601],[36.38948,1.44498],[36.40892,1.42829],[36.41714,1.41758],[36.43159,1.4101],[36.44729,1.4121],[36.45501,1.39814],[36.46647,1.39864],[36.46572,1.38743],[36.45825,1.36875],[36.43757,1.36003],[36.43508,1.35205],[36.42063,1.34582],[36.42113,1.33685],[36.41016,1.32863],[36.40393,1.31717],[36.39048,1.31294],[36.40194,1.3082],[36.40344,1.30048],[36.41938,1.2945],[36.43259,1.30422],[36.43458,1.29301],[36.45078,1.27258],[36.45351,1.25439],[36.44629,1.25115],[36.4301,1.26734],[36.42287,1.26709],[36.40817,1.27905],[36.40419,1.27258],[36.39497,1.27681],[36.39596,1.26959],[36.38774,1.26336],[36.40618,1.2524],[36.4134,1.25962],[36.4134,1.24667],[36.42163,1.2367],[36.41814,1.22698],[36.3987,1.22673],[36.39397,1.22001],[36.39796,1.2068],[36.39148,1.18438],[36.39223,1.17317],[36.41465,1.18164],[36.41864,1.18662],[36.4423,1.17292],[36.43508,1.15623],[36.43558,1.14302],[36.44455,1.11013],[36.43882,1.10191],[36.43732,1.08647],[36.44405,1.07326],[36.44156,1.04287],[36.45351,1.01471],[36.45315,0.99747],[36.45859,0.9967],[36.4582,0.97729],[36.44849,0.98039],[36.44578,0.9998],[36.43956,1.00252],[36.44539,0.98427],[36.44267,0.97107],[36.41782,0.93691],[36.39206,0.91877]]]},"properties":{"shapeName":"Samburu","shapeISO":"KE-37","shapeID":"32016919B77230315601578","shapeGroup":"KEN","shapeType":"ADM1","name":"Samburu","code":"KE-37"}},{"type":"Feature","geometry":{"type":"Polygon","coordinates":[[[37.94529,1.26288],[37.94816,1.19432],[38.03084,1.08514],[38.04751,0.80496],[38.08092,0.78144],[38.04996,0.77863],[38.04683,0.78445],[38.03028,0.79071],[38.02402,0.79698],[38.00747,0.80011],[38.0097,0.7925],[37.98823,0.77729],[37.97212,0.75984],[37.97168,0.75447],[37.95826,0.75134],[37.94036,0.73882],[37.93633,0.73032],[37.91262,0.71197],[37.88847,0.73882],[37.87683,0.74419],[37.87505,0.73032],[37.84641,0.71153],[37.84238,0.70347],[37.84462,0.68961],[37.8321,0.67976],[37.81107,0.6744],[37.7896,0.67216],[37.77394,0.67797],[37.75783,0.67261],[37.74665,0.67618],[37.72383,0.65471],[37.70907,0.66724],[37.69067,0.66309],[37.68116,0.64258],[37.66508,0.63276],[37.65044,0.63219],[37.63858,0.62144],[37.64187,0.61266],[37.63284,0.59718],[37.61871,0.60009],[37.60585,0.59153],[37.58354,0.58843],[37.58335,0.57491],[37.55739,0.571],[37.54499,0.57797],[37.5319,0.56524],[37.5241,0.57034],[37.51428,0.56809],[37.50236,0.57557],[37.49228,0.57619],[37.49168,0.58885],[37.47783,0.5881],[37.47029,0.59334],[37.44703,0.5804],[37.42801,0.58318],[37.42404,0.57948],[37.39117,0.5766],[37.37449,0.5876],[37.36494,0.58695],[37.36349,0.59933],[37.35393,0.6007],[37.35283,0.62156],[37.34266,0.64578],[37.3317,0.65031],[37.32629,0.6684],[37.31445,0.68492],[37.30519,0.70316],[37.30025,0.72086],[37.28917,0.73645],[37.27502,0.74381],[37.27029,0.75227],[37.25555,0.76445],[37.24686,0.763],[37.21994,0.73944],[37.20219,0.74652],[37.16857,0.74267],[37.16194,0.75164],[37.1524,0.75299],[37.15174,0.76092],[37.13659,0.75946],[37.11752,0.7834],[37.10997,0.78081],[37.10306,0.78756],[37.09283,0.7827],[37.07237,0.77913],[37.0695,0.76578],[37.05788,0.77222],[37.04658,0.76619],[37.00214,0.75003],[36.96629,0.74213],[36.94807,0.744],[36.93465,0.7542],[36.9316,0.74342],[36.92726,0.7289],[36.92566,0.68883],[36.92712,0.6766],[36.92134,0.66061],[36.9134,0.66126],[36.9082,0.64361],[36.90961,0.63271],[36.89762,0.63073],[36.89017,0.62313],[36.88806,0.60962],[36.88359,0.61312],[36.86561,0.59198],[36.86765,0.57873],[36.86437,0.56575],[37.21319,0.52972],[37.36905,0.51155],[37.36111,0.50347],[37.36115,0.48466],[37.35685,0.46529],[37.34888,0.45582],[37.34828,0.43949],[37.3541,0.41108],[37.36253,0.40735],[37.36882,0.39519],[37.37004,0.38196],[37.37934,0.37689],[37.37693,0.36776],[37.38364,0.35578],[37.3919,0.35313],[37.39118,0.3122],[37.39555,0.29952],[37.38583,0.27442],[37.39955,0.284],[37.39951,0.2962],[37.42779,0.2978],[37.46418,0.28296],[37.53705,0.26398],[37.54766,0.27907],[37.55039,0.30617],[37.54733,0.31477],[37.55546,0.32782],[37.58083,0.32752],[37.59217,0.3401],[37.60324,0.36073],[37.59876,0.40149],[37.58563,0.40172],[37.58144,0.42002],[37.58181,0.46339],[37.58646,0.48116],[37.82598,0.56178],[38.06129,0.66744],[38.09458,0.56313],[38.17654,0.33006],[38.1959,0.3225],[38.19651,0.22868],[38.22143,0.21632],[38.229,0.21649],[38.23987,0.20616],[38.26276,0.19224],[38.26721,0.18207],[38.27914,0.17692],[38.29867,0.16011],[38.30698,0.13174],[38.30824,0.11355],[38.31924,0.10863],[38.32983,0.09672],[38.32444,0.0817],[38.33054,0.07291],[38.3499,0.06273],[38.34508,0.04616],[38.35764,0.03998],[38.35786,0.022],[38.36642,0.01667],[38.38007,-0.0019],[38.40159,-0.01412],[38.40668,-0.04136],[38.41355,-0.05077],[38.41146,-0.06211],[38.4207,-0.06928],[38.43415,-0.07482],[38.43822,-0.07024],[38.45335,-0.0838],[38.464,-0.08319],[38.4822,-0.07474],[38.48999,-0.05877],[38.50174,-0.06183],[38.51181,-0.05878],[38.52074,-0.06239],[38.5318,-0.0539],[38.53095,-0.04205],[38.54134,-0.04217],[38.54982,-0.01778],[38.56938,-0.01719],[38.58932,-0.02465],[38.60275,-0.03302],[38.61276,-0.02875],[38.6397,-0.05214],[38.64949,-0.0519],[38.65793,-0.04507],[38.67883,-0.0532],[38.68621,-0.05158],[38.69053,-0.03968],[38.69798,-0.04875],[38.7146,-0.06004],[38.72924,-0.06282],[38.74008,-0.06936],[38.75978,-0.07208],[38.76868,-0.06875],[38.76112,-0.06261],[38.76669,-0.05504],[38.7534,-0.04718],[38.75198,-0.02432],[38.74411,-0.01103],[38.73912,0.00618],[38.73996,0.01677],[38.73266,0.04083],[38.73141,0.12136],[38.73663,0.14896],[38.75674,0.17309],[38.75235,0.20843],[38.73215,0.28061],[38.69587,0.42013],[38.68904,0.45163],[38.67857,0.47605],[38.67641,0.49462],[38.6617,0.50906],[38.6795,0.50759],[38.6944,0.5101],[38.70152,0.50648],[38.70962,0.51274],[38.72237,0.51098],[38.72438,0.52447],[38.73596,0.51808],[38.74396,0.52291],[38.75458,0.52093],[38.76634,0.511],[38.78574,0.52678],[38.79134,0.53906],[38.80748,0.55139],[38.81566,0.56911],[38.82499,0.5796],[38.85942,0.59919],[38.87092,0.60001],[38.87551,0.59436],[38.90728,0.59991],[38.9258,0.60599],[38.93983,0.62845],[38.97747,0.62131],[38.98599,0.62609],[39.00967,0.62443],[39.01302,0.63971],[39.02334,0.64531],[39.02586,0.66384],[39.03337,0.66484],[39.04845,0.68329],[39.05775,0.68574],[39.08507,0.67514],[39.09687,0.68002],[39.10099,0.68906],[39.11399,0.69102],[39.13129,0.68802],[39.14095,0.69043],[39.14761,0.70632],[39.17326,0.7194],[39.17924,0.75116],[39.20142,0.79301],[39.22382,0.81868],[39.23568,0.84423],[39.24807,0.85938],[39.26593,0.8752],[39.31156,0.92402],[39.33412,0.93686],[39.35825,0.95344],[39.43126,0.98222],[39.45476,0.98949],[39.46069,0.99468],[39.46225,0.99709],[39.39775,1.14627],[39.27426,1.4678],[39.44717,1.52721],[39.43851,1.52949],[39.41587,1.55042],[39.39997,1.55298],[39.39477,1.56524],[39.38742,1.5658],[39.38604,1.57445],[39.37344,1.58527],[39.35798,1.61006],[39.34531,1.62597],[39.31345,1.64325],[39.30831,1.65453],[39.28688,1.66248],[39.27524,1.67347],[39.2659,1.67357],[39.25432,1.68318],[39.23636,1.68878],[39.23049,1.69474],[39.21385,1.69736],[39.18035,1.75338],[39.17971,1.76198],[39.17012,1.79115],[39.14399,1.83044],[39.14307,1.84592],[39.13109,1.8662],[39.11211,1.87788],[39.10201,1.88997],[39.09511,1.88997],[39.06848,1.9146],[39.06334,1.92819],[39.05416,1.93363],[39.03505,1.9671],[39.01971,1.97742],[39.0038,2.00055],[38.99419,2.00958],[38.98956,2.02782],[38.99295,2.0402],[38.98426,2.05334],[38.98531,2.06964],[38.96255,2.09739],[38.38317,1.76128],[38.33966,1.57742],[37.94529,1.26288]]]},"properties":{"shapeName":"Isiolo","shapeISO":"KE-09","shapeID":"32016919B62684442090944","shapeGroup":"KEN","shapeType":"ADM1","name":"Isiolo","code":"KE-09"}},{"type":"Feature","geometry":{"type":"Polygon","coordinates":[[[35.79194,1.66362],[35.77874,1.64894],[35.77624,1.63599],[35.79166,1.62552],[35.78493,1.59017],[35.78274,1.5598],[35.77507,1.55036],[35.76679,1.52168],[35.75924,1.50785],[35.73753,1.4967],[35.72923,1.48146],[35.7186,1.4715],[35.72258,1.46103],[35.72002,1.45154],[35.70575,1.43838],[35.70611,1.41598],[35.7106,1.41273],[35.69826,1.38813],[35.70146,1.38448],[35.69255,1.37294],[35.68692,1.34718],[35.69911,1.3274],[35.69595,1.31901],[35.69762,1.30408],[35.69339,1.29741],[35.69644,1.27845],[35.70629,1.27074],[35.69937,1.25836],[35.70313,1.22659],[35.69715,1.21723],[35.69717,1.20063],[35.70202,1.19961],[35.70483,1.13473],[35.69991,1.12854],[35.69793,1.10493],[35.6831,1.09594],[35.67152,1.07428],[35.67454,1.06004],[35.6642,1.03561],[35.64804,1.02982],[35.63331,0.99363],[35.63962,0.98238],[35.63563,0.97847],[35.63649,0.96012],[35.63008,0.9528],[35.63643,0.91843],[35.62577,0.90861],[35.62758,0.89376],[35.62289,0.8688],[35.62569,0.85462],[35.64302,0.84086],[35.63875,0.82729],[35.64194,0.81649],[35.63412,0.81041],[35.63743,0.78825],[35.63094,0.77378],[35.62565,0.74597],[35.62006,0.7393],[35.63075,0.72217],[35.63349,0.7015],[35.62532,0.67974],[35.60536,0.6742],[35.6092,0.64624],[35.59682,0.62592],[35.59791,0.60434],[35.61274,0.59229],[35.61035,0.56961],[35.60197,0.55674],[35.60223,0.53497],[35.61352,0.51948],[35.61294,0.5109],[35.63085,0.50304],[35.63153,0.48216],[35.64599,0.46085],[35.64474,0.45154],[35.65096,0.4469],[35.65252,0.42605],[35.66018,0.41039],[35.65405,0.3989],[35.66785,0.37864],[35.67934,0.37035],[35.68821,0.37093],[35.70563,0.36424],[35.70916,0.35679],[35.7187,0.35531],[35.72106,0.33875],[35.71013,0.31131],[35.71431,0.30203],[35.71332,0.28627],[35.7075,0.25922],[35.71935,0.2351],[35.72098,0.2133],[35.70509,0.20331],[35.69133,0.18958],[35.69468,0.17001],[35.58744,0.1695],[35.58963,0.14907],[35.57388,0.11393],[35.57274,0.06727],[35.54071,0.08991],[35.53935,0.08007],[35.5447,0.0723],[35.53899,0.06461],[35.54123,0.04761],[35.52645,0.04684],[35.5228,0.01541],[35.54345,-0.00851],[35.58247,-0.00777],[35.61016,-0.03249],[35.63216,-0.0361],[35.64015,-0.06097],[35.64933,-0.0811],[35.6683,-0.07384],[35.68873,-0.07596],[35.68782,-0.09604],[35.69229,-0.10965],[35.70568,-0.12276],[35.72891,-0.16024],[35.72206,-0.17291],[35.722,-0.19807],[35.72472,-0.21238],[35.73397,-0.22041],[35.74401,-0.21917],[35.75462,-0.22628],[35.76321,-0.22489],[35.78008,-0.19482],[35.7719,-0.19229],[35.78974,-0.16208],[35.78924,-0.11163],[35.8058,-0.10009],[35.82047,-0.1195],[35.85039,-0.07575],[35.87547,-0.03603],[35.89302,-0.05153],[35.89914,-0.04803],[35.91637,-0.08186],[35.9477,-0.05085],[35.95929,-0.02547],[35.96766,-0.01593],[35.97651,0.01311],[35.96821,0.02475],[35.92814,0.06977],[35.93889,0.09546],[35.95942,0.08772],[35.96386,0.07817],[35.96367,0.05721],[35.99609,0.05993],[36.00527,0.03126],[36.03945,0.02115],[36.05036,0.00459],[36.09264,-0.01367],[36.11123,0.00612],[36.10427,0.06144],[36.12642,0.05937],[36.13379,0.11191],[36.13923,0.12964],[36.14705,0.18569],[36.19667,0.19926],[36.19461,0.21643],[36.18308,0.22024],[36.17754,0.22837],[36.20185,0.23466],[36.21499,0.25223],[36.21039,0.26479],[36.19747,0.28562],[36.19328,0.30065],[36.18384,0.31439],[36.22939,0.42658],[36.29404,0.56533],[36.28815,0.57996],[36.27568,0.63167],[36.28859,0.64465],[36.34459,0.65928],[36.40445,0.71719],[36.4686,0.8275],[36.47331,0.8385],[36.48872,0.8468],[36.45359,0.87276],[36.44407,0.87356],[36.42888,0.88456],[36.41737,0.90222],[36.40239,0.90048],[36.39466,0.90596],[36.39206,0.91877],[36.38565,0.92785],[36.38784,0.94825],[36.38163,0.95458],[36.36683,0.95589],[36.36241,0.96346],[36.35007,0.96613],[36.34525,0.98625],[36.34037,0.99313],[36.31688,0.99126],[36.17396,1.17086],[36.09659,1.16941],[35.79194,1.66362]]]},"properties":{"shapeName":"Baringo","shapeISO":"KE-01","shapeID":"32016919B50719068904883","shapeGroup":"KEN","shapeType":"ADM1","name":"Baringo","code":"KE-01"}},{"type":"Feature","geometry":{"type":"Polygon","coordinates":[[[35.15214,1.19937],[35.16018,1.18046],[35.18167,1.15096],[35.20242,1.11739],[35.2188,1.1161],[35.24252,1.07454],[35.27514,1.06048],[35.31643,1.03333],[35.35941,1.01839],[35.35889,1.00861],[35.3416,1.00586],[35.35126,0.97875],[35.3386,0.97288],[35.34345,0.94638],[35.35963,0.94435],[35.37798,0.93534],[35.38496,0.94358],[35.41828,0.93748],[35.41277,0.91574],[35.41383,0.90724],[35.46779,0.8997],[35.4551,0.87487],[35.48704,0.87569],[35.49123,0.85283],[35.48048,0.8196],[35.49729,0.81819],[35.50089,0.77055],[35.49202,0.72657],[35.50317,0.7107],[35.50246,0.70269],[35.40852,0.7038],[35.4117,0.69533],[35.47984,0.58898],[35.46344,0.50578],[35.46064,0.4499],[35.46212,0.42887],[35.47852,0.41074],[35.48149,0.38996],[35.4681,0.36935],[35.47965,0.35989],[35.48286,0.34983],[35.49603,0.34141],[35.49437,0.31312],[35.49989,0.30614],[35.49936,0.27745],[35.49112,0.26365],[35.49464,0.2582],[35.48526,0.2509],[35.49638,0.23205],[35.50509,0.2249],[35.52732,0.23105],[35.53964,0.22581],[35.52482,0.21048],[35.51173,0.18877],[35.55523,0.18942],[35.56655,0.19701],[35.56715,0.18696],[35.57528,0.18438],[35.58744,0.1695],[35.69468,0.17001],[35.69133,0.18958],[35.70509,0.20331],[35.72098,0.2133],[35.71935,0.2351],[35.7075,0.25922],[35.71332,0.28627],[35.71431,0.30203],[35.71013,0.31131],[35.72106,0.33875],[35.7187,0.35531],[35.70916,0.35679],[35.70563,0.36424],[35.68821,0.37093],[35.67934,0.37035],[35.66785,0.37864],[35.65405,0.3989],[35.66018,0.41039],[35.65252,0.42605],[35.65096,0.4469],[35.64474,0.45154],[35.64599,0.46085],[35.63153,0.48216],[35.63085,0.50304],[35.61294,0.5109],[35.61352,0.51948],[35.60223,0.53497],[35.60197,0.55674],[35.61035,0.56961],[35.61274,0.59229],[35.59791,0.60434],[35.59682,0.62592],[35.6092,0.64624],[35.60536,0.6742],[35.62532,0.67974],[35.63349,0.7015],[35.63075,0.72217],[35.62006,0.7393],[35.62565,0.74597],[35.63094,0.77378],[35.63743,0.78825],[35.63412,0.81041],[35.64194,0.81649],[35.63875,0.82729],[35.64302,0.84086],[35.62569,0.85462],[35.62289,0.8688],[35.62758,0.89376],[35.62577,0.90861],[35.63643,0.91843],[35.63008,0.9528],[35.63649,0.96012],[35.63563,0.97847],[35.63962,0.98238],[35.63331,0.99363],[35.64804,1.02982],[35.6642,1.03561],[35.67454,1.06004],[35.67152,1.07428],[35.6831,1.09594],[35.69793,1.10493],[35.69991,1.12854],[35.70483,1.13473],[35.70202,1.19961],[35.69717,1.20063],[35.69715,1.21723],[35.70313,1.22659],[35.69937,1.25836],[35.70629,1.27074],[35.69644,1.27845],[35.69339,1.29741],[35.69762,1.30408],[35.69595,1.31901],[35.67315,1.31538],[35.63919,1.30319],[35.61732,1.28979],[35.61344,1.28266],[35.60197,1.27938],[35.58531,1.28316],[35.57791,1.29119],[35.55747,1.28498],[35.54386,1.28514],[35.35561,1.13204],[35.32454,1.11645],[35.15214,1.19937]]]},"properties":{"shapeName":"Elgeyo-Marakwet","shapeISO":"KE-05","shapeID":"32016919B59887050611600","shapeGroup":"KEN","shapeType":"ADM1","name":"Elgeyo-Marakwet","code":"KE-05"}},{"type":"Feature","geometry":{"type":"Polygon","coordinates":[[[34.82229,1.26259],[34.8184,1.24802],[34.8049,1.22799],[34.79435,1.21955],[34.77513,1.22084],[34.76814,1.21651],[34.74002,1.21866],[34.67125,1.208],[34.6636,1.19164],[34.63845,1.17202],[34.62154,1.16751],[34.61166,1.15894],[34.58077,1.15033],[34.61396,1.10839],[34.63277,1.09431],[34.65287,1.08509],[34.66391,1.08385],[34.65354,1.05837],[34.65964,1.0527],[34.6911,1.00418],[34.69365,0.99779],[34.73859,0.93728],[34.76777,0.92026],[34.78456,0.92334],[34.79796,0.91003],[34.79917,0.90368],[34.78558,0.88865],[34.79552,0.86585],[34.79488,0.85806],[34.80415,0.84398],[34.81136,0.82005],[34.80832,0.80429],[34.86886,0.82564],[34.9271,0.85436],[34.93215,0.85252],[34.94143,0.86977],[34.9584,0.87212],[34.96474,0.87929],[34.98555,0.88646],[34.98497,0.88162],[35.01771,0.88754],[35.02372,0.8944],[35.0509,0.90071],[35.07132,0.8976],[35.08075,0.89195],[35.08649,0.87941],[35.10111,0.87326],[35.112,0.87981],[35.1154,0.90551],[35.12782,0.91864],[35.15453,0.91661],[35.16526,0.92194],[35.17216,0.91932],[35.19028,0.92412],[35.22187,0.91861],[35.2512,0.9399],[35.26876,0.9341],[35.27762,0.92035],[35.29258,0.91406],[35.30508,0.89032],[35.32944,0.93155],[35.34888,0.91976],[35.35963,0.94435],[35.34345,0.94638],[35.3386,0.97288],[35.35126,0.97875],[35.3416,1.00586],[35.35889,1.00861],[35.35941,1.01839],[35.31643,1.03333],[35.27514,1.06048],[35.24252,1.07454],[35.2188,1.1161],[35.20242,1.11739],[35.18167,1.15096],[35.16018,1.18046],[35.15214,1.19937],[35.12425,1.18378],[35.117,1.18804],[35.08704,1.18332],[35.08308,1.1692],[35.07623,1.17563],[35.05758,1.18219],[35.04169,1.19446],[35.03525,1.20379],[35.04445,1.21541],[35.02299,1.23516],[35.01207,1.25424],[34.9931,1.25765],[34.97197,1.24625],[34.94187,1.25076],[34.90607,1.25208],[34.91066,1.2842],[34.82229,1.26259]]]},"properties":{"shapeName":"Trans Nzoia","shapeISO":"KE-42","shapeID":"32016919B1149170155930","shapeGroup":"KEN","shapeType":"ADM1","name":"Trans Nzoia","code":"KE-42"}},{"type":"Feature","geometry":{"type":"Polygon","coordinates":[[[34.58077,1.15033],[34.57745,1.10013],[34.52774,1.12157],[34.52839,1.10912],[34.51516,1.08233],[34.50349,1.06982],[34.49364,1.04438],[34.48793,1.01064],[34.48813,0.98372],[34.48002,0.95273],[34.47909,0.9396],[34.46415,0.91257],[34.44999,0.90121],[34.44599,0.86441],[34.43993,0.85778],[34.42331,0.8529],[34.41432,0.83602],[34.4059,0.82903],[34.41213,0.8116],[34.396,0.80391],[34.38509,0.80457],[34.38235,0.79476],[34.3756,0.79713],[34.37035,0.78499],[34.36053,0.77841],[34.36926,0.77219],[34.38227,0.77407],[34.39318,0.75993],[34.40641,0.75733],[34.4119,0.76761],[34.4241,0.76708],[34.43362,0.7408],[34.4315,0.72641],[34.42247,0.7316],[34.40254,0.72717],[34.41571,0.68998],[34.40926,0.68133],[34.4171,0.65962],[34.38314,0.64392],[34.38385,0.63406],[34.37889,0.61301],[34.36988,0.60658],[34.37012,0.59015],[34.37703,0.57881],[34.36831,0.56179],[34.38259,0.54272],[34.39013,0.53883],[34.40834,0.50795],[34.40486,0.50067],[34.39001,0.49917],[34.38515,0.49066],[34.39206,0.46794],[34.40498,0.47536],[34.42119,0.47415],[34.43412,0.46408],[34.46051,0.46918],[34.47021,0.47919],[34.48272,0.48435],[34.49309,0.47138],[34.49776,0.4578],[34.53233,0.44281],[34.53801,0.46106],[34.55127,0.46986],[34.56268,0.4578],[34.57749,0.45608],[34.58128,0.43048],[34.58995,0.41953],[34.59208,0.44503],[34.60506,0.45028],[34.61282,0.44287],[34.61766,0.45597],[34.63148,0.4595],[34.63134,0.45298],[34.6427,0.45027],[34.66651,0.45936],[34.67795,0.47124],[34.67517,0.48265],[34.68835,0.48467],[34.70142,0.50659],[34.72113,0.50689],[34.73412,0.51807],[34.73809,0.53144],[34.7481,0.53487],[34.75954,0.54669],[34.76403,0.56286],[34.77751,0.57295],[34.78776,0.5756],[34.80799,0.59025],[34.79965,0.59661],[34.81557,0.61607],[34.8308,0.62389],[34.84418,0.66826],[34.85688,0.67389],[34.86275,0.68383],[34.88107,0.6824],[34.89146,0.69056],[34.90601,0.68473],[34.92558,0.70103],[34.92873,0.7092],[34.92135,0.72483],[34.92857,0.74012],[34.93937,0.7394],[34.94833,0.75173],[34.95691,0.74763],[34.97638,0.75541],[34.99658,0.74384],[35.01074,0.75289],[35.01913,0.74297],[35.04341,0.76062],[35.06047,0.76167],[35.0653,0.76635],[35.06598,0.78185],[35.06253,0.79482],[35.05118,0.80066],[35.04013,0.81813],[35.0309,0.81984],[35.02328,0.83084],[35.02379,0.8504],[35.01217,0.85962],[35.01771,0.88754],[34.98497,0.88162],[34.98555,0.88646],[34.96474,0.87929],[34.9584,0.87212],[34.94143,0.86977],[34.93215,0.85252],[34.9271,0.85436],[34.86886,0.82564],[34.80832,0.80429],[34.81136,0.82005],[34.80415,0.84398],[34.79488,0.85806],[34.79552,0.86585],[34.78558,0.88865],[34.79917,0.90368],[34.79796,0.91003],[34.78456,0.92334],[34.76777,0.92026],[34.73859,0.93728],[34.69365,0.99779],[34.6911,1.00418],[34.65964,1.0527],[34.65354,1.05837],[34.66391,1.08385],[34.65287,1.08509],[34.63277,1.09431],[34.61396,1.10839],[34.58077,1.15033]]]},"properties":{"shapeName":"Bungoma","shapeISO":"KE-03","shapeID":"32016919B68325359473156","shapeGroup":"KEN","shapeType":"ADM1","name":"Bungoma","code":"KE-03"}},{"type":"Feature","geometry":{"type":"Polygon","coordinates":[[[39.46069,0.99468],[39.45476,0.98949],[39.43126,0.98222],[39.35825,0.95344],[39.33412,0.93686],[39.31156,0.92402],[39.26593,0.8752],[39.24807,0.85938],[39.23568,0.84423],[39.22382,0.81868],[39.20142,0.79301],[39.17924,0.75116],[39.17326,0.7194],[39.14761,0.70632],[39.14095,0.69043],[39.13129,0.68802],[39.11399,0.69102],[39.10099,0.68906],[39.09687,0.68002],[39.08507,0.67514],[39.05775,0.68574],[39.04845,0.68329],[39.03337,0.66484],[39.02586,0.66384],[39.02334,0.64531],[39.01302,0.63971],[39.00967,0.62443],[38.98599,0.62609],[38.97747,0.62131],[38.93983,0.62845],[38.9258,0.60599],[38.90728,0.59991],[38.87551,0.59436],[38.87092,0.60001],[38.85942,0.59919],[38.82499,0.5796],[38.81566,0.56911],[38.80748,0.55139],[38.79134,0.53906],[38.78574,0.52678],[38.76634,0.511],[38.75458,0.52093],[38.74396,0.52291],[38.73596,0.51808],[38.72438,0.52447],[38.72237,0.51098],[38.70962,0.51274],[38.70152,0.50648],[38.6944,0.5101],[38.6795,0.50759],[38.6617,0.50906],[38.67641,0.49462],[38.67857,0.47605],[38.68904,0.45163],[38.69587,0.42013],[38.73215,0.28061],[38.75235,0.20843],[38.75674,0.17309],[38.73663,0.14896],[38.73141,0.12136],[38.73266,0.04083],[38.73996,0.01677],[38.73912,0.00618],[38.74411,-0.01103],[38.75198,-0.02432],[38.7534,-0.04718],[38.76669,-0.05504],[38.76112,-0.06261],[38.76868,-0.06875],[38.78651,-0.07871],[38.81057,-0.0842],[38.83481,-0.09359],[38.86045,-0.09171],[38.88179,-0.09623],[38.89952,-0.09553],[38.92007,-0.08582],[38.93105,-0.09812],[38.94308,-0.09684],[38.96898,-0.07768],[38.96999,-0.06123],[38.99137,-0.05661],[38.99529,-0.05025],[39.00744,-0.05537],[39.01646,-0.04444],[39.02564,-0.04409],[39.03264,-0.05221],[39.0493,-0.05261],[39.06092,-0.04672],[39.06755,-0.04882],[39.07408,-0.06484],[39.0979,-0.08805],[39.10167,-0.09815],[39.12008,-0.11012],[39.12055,-0.12062],[39.1335,-0.11946],[39.13477,-0.13015],[39.16337,-0.12656],[39.17064,-0.1368],[39.18342,-0.13529],[39.20263,-0.14275],[39.21392,-0.13221],[39.22645,-0.12999],[39.22756,-0.13837],[39.24645,-0.14174],[39.25467,-0.13874],[39.25732,-0.14654],[39.27526,-0.13718],[39.28215,-0.14126],[39.29551,-0.13613],[39.305,-0.13966],[39.3133,-0.13298],[39.32784,-0.14549],[39.32469,-0.15785],[39.33397,-0.15696],[39.33914,-0.1671],[39.35263,-0.15975],[39.35684,-0.16808],[39.36242,-0.1627],[39.3841,-0.19052],[39.4273,-0.18976],[39.4449,-0.20984],[39.45322,-0.21068],[39.46734,-0.22113],[39.46979,-0.23302],[39.47708,-0.24147],[39.4979,-0.24833],[39.51003,-0.27732],[39.51712,-0.28563],[39.5126,-0.29817],[39.52066,-0.29624],[39.52582,-0.28676],[39.5353,-0.29443],[39.54271,-0.29021],[39.55606,-0.31123],[39.56173,-0.32874],[39.58752,-0.34141],[39.59685,-0.35873],[39.5981,-0.39434],[39.60497,-0.40341],[39.60218,-0.40956],[39.6142,-0.40977],[39.61093,-0.43981],[39.6193,-0.43831],[39.61947,-0.44588],[39.6353,-0.45728],[39.62886,-0.47087],[39.63063,-0.4899],[39.64003,-0.49545],[39.64024,-0.5071],[39.64749,-0.51653],[39.66864,-0.53158],[39.6614,-0.53781],[39.66327,-0.54893],[39.67364,-0.54893],[39.67369,-0.55593],[39.68641,-0.55164],[39.68561,-0.57443],[39.6927,-0.57851],[39.69693,-0.59155],[39.73087,-0.59359],[39.73978,-0.58844],[39.73978,-0.59595],[39.74944,-0.60505],[39.75599,-0.60103],[39.76512,-0.61082],[39.7766,-0.61313],[39.76963,-0.63394],[39.7817,-0.65206],[39.7795,-0.66177],[39.78901,-0.66043],[39.79045,-0.67187],[39.79985,-0.67103],[39.79556,-0.68123],[39.80505,-0.70465],[39.81245,-0.70582],[39.81141,-0.72827],[39.80798,-0.73582],[39.8212,-0.73898],[39.81547,-0.74703],[39.81728,-0.75543],[39.80893,-0.76154],[39.81236,-0.77672],[39.82725,-0.78078],[39.82508,-0.7926],[39.8346,-0.79596],[39.82585,-0.7998],[39.83817,-0.80215],[39.83582,-0.81101],[39.84543,-0.81958],[39.84737,-0.83901],[39.83681,-0.83819],[39.84471,-0.85351],[39.84909,-0.84273],[39.85874,-0.84846],[39.85125,-0.87113],[39.8596,-0.88133],[39.85048,-0.88884],[39.85157,-0.89691],[39.86451,-0.91593],[39.86402,-0.92778],[39.87259,-0.92773],[39.87846,-0.93669],[39.86875,-0.94704],[39.8696,-0.95879],[39.87836,-0.95156],[39.88033,-0.96934],[39.89293,-0.97571],[39.88484,-0.97732],[39.89163,-0.98961],[39.88573,-0.99513],[39.88948,-1.00573],[39.89846,-1.00679],[39.89904,-1.02813],[39.91269,-1.04245],[39.90834,-1.05129],[39.91718,-1.05835],[39.91356,-1.06477],[39.92085,-1.07868],[39.92594,-1.07772],[39.93239,-1.12909],[39.94376,-1.13112],[39.94491,-1.13877],[39.9558,-1.14454],[39.96232,-1.15679],[39.96287,-1.1676],[39.97266,-1.18633],[39.98103,-1.19316],[39.97985,-1.20238],[39.98925,-1.20247],[39.99106,-1.21275],[40.00042,-1.2152],[39.99564,-1.2268],[40.00744,-1.24522],[40.00133,-1.25466],[40.01184,-1.26469],[40.00472,-1.26987],[40.00573,-1.28033],[39.99934,-1.28441],[40.00429,-1.29358],[39.99739,-1.29846],[40.00431,-1.32464],[40.01175,-1.32935],[40.00096,-1.34808],[40.00227,-1.36136],[40.00937,-1.36032],[40.01253,-1.38164],[40.02198,-1.401],[40.02451,-1.42209],[40.03429,-1.43264],[40.03201,-1.46269],[40.03818,-1.48025],[40.03144,-1.4823],[40.03878,-1.49077],[40.0709,-1.47088],[40.08728,-1.47434],[40.09047,-1.48405],[40.10514,-1.50794],[40.10662,-1.52173],[40.11489,-1.5529],[40.1261,-1.57015],[40.14325,-1.58639],[40.154,-1.60781],[40.15991,-1.64457],[40.15771,-1.6813],[40.16003,-1.70366],[40.17075,-1.72387],[40.16915,-1.7355],[40.15771,-1.76375],[40.16262,-1.80413],[40.16302,-1.82338],[40.16726,-1.83395],[40.17807,-1.84602],[40.18752,-1.86291],[40.18653,-1.89417],[40.18941,-1.93628],[40.18599,-1.95979],[40.19688,-1.98053],[40.19685,-2.0008],[40.20455,-2.01527],[40.20794,-2.03289],[40.9029,-1.71448],[41.56203,-1.65857],[41.56224,-1.5975],[40.9924,-0.82909],[40.99096,-0.00204],[40.99178,0.46442],[40.97735,0.45288],[40.96123,0.44765],[40.94556,0.43685],[40.91853,0.42389],[40.88599,0.3924],[40.86264,0.37893],[40.84327,0.37091],[40.81926,0.36634],[40.77314,0.35405],[40.7519,0.34359],[40.73517,0.32556],[40.71574,0.32009],[40.6945,0.2781],[40.68355,0.27112],[40.68179,0.25844],[40.64768,0.23211],[40.61214,0.23276],[40.6045,0.22544],[40.59501,0.22562],[40.58616,0.2154],[40.56505,0.21582],[40.54075,0.22678],[40.5245,0.22147],[40.51398,0.20819],[40.50727,0.19281],[40.49496,0.19787],[40.48272,0.18866],[40.4484,0.18618],[40.4261,0.1903],[40.40728,0.18413],[40.39543,0.18594],[40.37511,0.19684],[40.33131,0.19941],[40.30313,0.21798],[40.25885,0.23726],[40.23345,0.25256],[40.21113,0.27197],[40.17805,0.30991],[40.16091,0.32591],[40.12823,0.34261],[40.09633,0.36698],[40.05962,0.3926],[40.04836,0.39635],[40.01296,0.39894],[39.97908,0.40971],[39.94392,0.42971],[39.90498,0.46208],[39.87042,0.46014],[39.85025,0.47711],[39.82067,0.48214],[39.79968,0.4828],[39.77496,0.49525],[39.76215,0.51216],[39.73286,0.52594],[39.72402,0.544],[39.68941,0.57981],[39.66502,0.61452],[39.65441,0.63256],[39.64621,0.65787],[39.61447,0.68462],[39.60032,0.70382],[39.59728,0.71297],[39.58599,0.72218],[39.57527,0.74221],[39.56354,0.7572],[39.55327,0.78521],[39.54568,0.81572],[39.5322,0.85728],[39.51448,0.90018],[39.49794,0.93391],[39.49249,0.96216],[39.47963,0.9802],[39.46069,0.99468]]]},"properties":{"shapeName":"Garissa","shapeISO":"KE-07","shapeID":"32016919B57902629823981","shapeGroup":"KEN","shapeType":"ADM1","name":"Garissa","code":"KE-07"}},{"type":"Feature","geometry":{"type":"Polygon","coordinates":[[[35.58744,0.1695],[35.57528,0.18438],[35.56715,0.18696],[35.56655,0.19701],[35.55523,0.18942],[35.51173,0.18877],[35.52482,0.21048],[35.53964,0.22581],[35.52732,0.23105],[35.50509,0.2249],[35.49638,0.23205],[35.48526,0.2509],[35.49464,0.2582],[35.49112,0.26365],[35.49936,0.27745],[35.49989,0.30614],[35.49437,0.31312],[35.49603,0.34141],[35.48286,0.34983],[35.47965,0.35989],[35.4681,0.36935],[35.48149,0.38996],[35.47852,0.41074],[35.46212,0.42887],[35.46064,0.4499],[35.46344,0.50578],[35.47984,0.58898],[35.4117,0.69533],[35.40852,0.7038],[35.50246,0.70269],[35.50317,0.7107],[35.49202,0.72657],[35.50089,0.77055],[35.49729,0.81819],[35.48048,0.8196],[35.49123,0.85283],[35.48704,0.87569],[35.4551,0.87487],[35.46779,0.8997],[35.41383,0.90724],[35.41277,0.91574],[35.41828,0.93748],[35.38496,0.94358],[35.37798,0.93534],[35.35963,0.94435],[35.34888,0.91976],[35.32944,0.93155],[35.30508,0.89032],[35.29258,0.91406],[35.27762,0.92035],[35.26876,0.9341],[35.2512,0.9399],[35.22187,0.91861],[35.19028,0.92412],[35.17216,0.91932],[35.16526,0.92194],[35.15453,0.91661],[35.12782,0.91864],[35.1154,0.90551],[35.112,0.87981],[35.11136,0.85459],[35.12395,0.81951],[35.12984,0.82916],[35.14539,0.82646],[35.14843,0.75298],[35.14687,0.73944],[35.15391,0.73974],[35.15168,0.69512],[35.15402,0.66113],[35.14019,0.66081],[35.11687,0.64902],[35.11246,0.64062],[35.10295,0.64679],[35.08524,0.62946],[35.0698,0.62868],[35.06354,0.63287],[35.05266,0.62995],[35.05345,0.63703],[35.03722,0.64145],[35.03885,0.63077],[35.02704,0.61383],[34.99783,0.63591],[34.99434,0.6298],[34.97655,0.62445],[34.9645,0.60952],[34.94395,0.6069],[34.92003,0.59142],[34.89603,0.59915],[34.8503,0.54573],[35.0444,0.56148],[35.09867,0.53909],[35.1054,0.55457],[35.11549,0.54491],[35.1273,0.54355],[35.13955,0.53469],[35.15623,0.53831],[35.16523,0.54617],[35.15985,0.50421],[35.13925,0.47168],[35.17105,0.42153],[35.17555,0.41917],[35.19322,0.37763],[35.22339,0.32754],[35.30319,0.21127],[35.34,0.19382],[35.34028,0.1681],[35.33589,0.1605],[35.33589,0.14309],[35.37082,0.12724],[35.386,0.10185],[35.39626,0.10901],[35.4038,0.10529],[35.43483,0.02547],[35.46517,0.02735],[35.47063,0.01986],[35.45914,0.01063],[35.47873,0.01536],[35.4937,0.01468],[35.51357,0.00855],[35.5228,0.01541],[35.52645,0.04684],[35.54123,0.04761],[35.53899,0.06461],[35.5447,0.0723],[35.53935,0.08007],[35.54071,0.08991],[35.57274,0.06727],[35.57388,0.11393],[35.58963,0.14907],[35.58744,0.1695]]]},"properties":{"shapeName":"Uasin Gishu","shapeISO":"KE-44","shapeID":"32016919B81086936948851","shapeGroup":"KEN","shapeType":"ADM1","name":"Uasin Gishu","code":"KE-44"}},{"type":"Feature","geometry":{"type":"Polygon","coordinates":[[[35.01771,0.88754],[35.01217,0.85962],[35.02379,0.8504],[35.02328,0.83084],[35.0309,0.81984],[35.04013,0.81813],[35.05118,0.80066],[35.06253,0.79482],[35.06598,0.78185],[35.0653,0.76635],[35.06047,0.76167],[35.04341,0.76062],[35.01913,0.74297],[35.01074,0.75289],[34.99658,0.74384],[34.97638,0.75541],[34.95691,0.74763],[34.94833,0.75173],[34.93937,0.7394],[34.92857,0.74012],[34.92135,0.72483],[34.92873,0.7092],[34.92558,0.70103],[34.90601,0.68473],[34.89146,0.69056],[34.88107,0.6824],[34.86275,0.68383],[34.85688,0.67389],[34.84418,0.66826],[34.8308,0.62389],[34.81557,0.61607],[34.79965,0.59661],[34.80799,0.59025],[34.78776,0.5756],[34.77751,0.57295],[34.76403,0.56286],[34.75954,0.54669],[34.7481,0.53487],[34.73809,0.53144],[34.73412,0.51807],[34.72113,0.50689],[34.70142,0.50659],[34.68835,0.48467],[34.67517,0.48265],[34.67795,0.47124],[34.66651,0.45936],[34.6427,0.45027],[34.63134,0.45298],[34.63148,0.4595],[34.61766,0.45597],[34.61282,0.44287],[34.60506,0.45028],[34.59208,0.44503],[34.58995,0.41953],[34.58128,0.43048],[34.57749,0.45608],[34.56268,0.4578],[34.55127,0.46986],[34.53801,0.46106],[34.53233,0.44281],[34.49776,0.4578],[34.49309,0.47138],[34.48272,0.48435],[34.47021,0.47919],[34.46051,0.46918],[34.43412,0.46408],[34.42119,0.47415],[34.40498,0.47536],[34.39206,0.46794],[34.38054,0.4585],[34.36227,0.45772],[34.36121,0.43711],[34.34332,0.42548],[34.36094,0.40644],[34.37862,0.40526],[34.38418,0.39884],[34.40626,0.38831],[34.42338,0.37449],[34.4021,0.36279],[34.39742,0.34415],[34.38618,0.33762],[34.38333,0.3184],[34.37066,0.30656],[34.39726,0.28242],[34.38953,0.27542],[34.40141,0.26157],[34.3981,0.23408],[34.3838,0.22926],[34.39175,0.20725],[34.38466,0.18349],[34.38797,0.18013],[34.40085,0.1861],[34.41203,0.19974],[34.42849,0.21283],[34.44482,0.2186],[34.45141,0.20683],[34.43628,0.20216],[34.42593,0.18686],[34.44173,0.16802],[34.43533,0.15735],[34.42514,0.15232],[34.43653,0.14609],[34.46708,0.15768],[34.4819,0.15163],[34.48401,0.14048],[34.47157,0.13118],[34.45673,0.13069],[34.45905,0.12309],[34.48008,0.11528],[34.47944,0.10566],[34.49316,0.1022],[34.49511,0.11116],[34.50329,0.11576],[34.49558,0.12185],[34.5025,0.12849],[34.50849,0.11827],[34.51382,0.1305],[34.52474,0.12427],[34.53246,0.1338],[34.54584,0.13762],[34.55547,0.12721],[34.55322,0.1181],[34.54502,0.11327],[34.56075,0.10693],[34.55512,0.0993],[34.56035,0.09393],[34.57305,0.09575],[34.58685,0.10434],[34.58627,0.11548],[34.60637,0.11955],[34.62023,0.12675],[34.6377,0.12938],[34.66357,0.12662],[34.67627,0.12987],[34.68254,0.12155],[34.69564,0.13447],[34.7043,0.13111],[34.70436,0.1396],[34.71677,0.13973],[34.73832,0.14908],[34.73794,0.14193],[34.74734,0.136],[34.77599,0.15027],[34.78549,0.15956],[34.80506,0.16417],[34.81552,0.16183],[34.81527,0.17745],[34.81089,0.18405],[34.85096,0.18493],[34.85974,0.19896],[34.88355,0.19757],[34.89221,0.20682],[34.90296,0.19558],[34.92514,0.19919],[34.92786,0.2073],[34.94146,0.20702],[34.95515,0.24105],[34.97722,0.24043],[34.97579,0.2473],[34.9497,0.30011],[34.94115,0.3244],[34.93529,0.35714],[34.94706,0.35422],[34.95403,0.36677],[34.95604,0.41502],[34.92331,0.4749],[34.90647,0.49286],[34.90627,0.50256],[34.88588,0.52045],[34.8503,0.54573],[34.89603,0.59915],[34.92003,0.59142],[34.94395,0.6069],[34.9645,0.60952],[34.97655,0.62445],[34.99434,0.6298],[34.99783,0.63591],[35.02704,0.61383],[35.03885,0.63077],[35.03722,0.64145],[35.05345,0.63703],[35.05266,0.62995],[35.06354,0.63287],[35.0698,0.62868],[35.08524,0.62946],[35.10295,0.64679],[35.11246,0.64062],[35.11687,0.64902],[35.14019,0.66081],[35.15402,0.66113],[35.15168,0.69512],[35.15391,0.73974],[35.14687,0.73944],[35.14843,0.75298],[35.14539,0.82646],[35.12984,0.82916],[35.12395,0.81951],[35.11136,0.85459],[35.112,0.87981],[35.10111,0.87326],[35.08649,0.87941],[35.08075,0.89195],[35.07132,0.8976],[35.0509,0.90071],[35.02372,0.8944],[35.01771,0.88754]]]},"properties":{"shapeName":"Kakamega","shapeISO":"KE-11","shapeID":"32016919B72187572718143","shapeGroup":"KEN","shapeType":"ADM1","name":"Kakamega","code":"KE-11"}},{"type":"Feature","geometry":{"type":"Polygon","coordinates":[[[36.48872,0.8468],[36.47331,0.8385],[36.4686,0.8275],[36.40445,0.71719],[36.34459,0.65928],[36.28859,0.64465],[36.27568,0.63167],[36.28815,0.57996],[36.29404,0.56533],[36.22939,0.42658],[36.18384,0.31439],[36.19328,0.30065],[36.19747,0.28562],[36.21039,0.26479],[36.21499,0.25223],[36.20185,0.23466],[36.23565,0.2091],[36.25338,0.18061],[36.26005,0.17394],[36.27601,0.14812],[36.28694,0.11147],[36.26941,0.08824],[36.25513,0.05615],[36.26503,0.02632],[36.25549,-0.02196],[36.26727,-0.02158],[36.27126,-0.0011],[36.29269,0.01193],[36.29858,0.00524],[36.30254,0.01612],[36.33063,0.02294],[36.32974,0.02856],[36.34561,0.03101],[36.33643,0.06284],[36.34877,0.07051],[36.35439,0.06864],[36.36344,0.04853],[36.3757,0.03725],[36.38538,0.03725],[36.39249,0.0305],[36.39888,0.0401],[36.41351,0.03961],[36.42394,0.04599],[36.40073,0.05964],[36.42313,0.08542],[36.44108,0.09152],[36.46245,0.1403],[36.51044,0.08513],[36.52135,0.04869],[36.57384,0.07078],[36.58825,0.04406],[36.5891,0.02782],[36.59919,0.00337],[36.60706,0.00332],[36.63464,0.01618],[36.64949,-0.01692],[36.58176,-0.02114],[36.57365,-0.0339],[36.5589,-0.04485],[36.54934,-0.06563],[36.54458,-0.06837],[36.55741,-0.08073],[36.55216,-0.09147],[36.55935,-0.09287],[36.57317,-0.10518],[36.59644,-0.10407],[36.63291,-0.10874],[36.6538,-0.15419],[36.65747,-0.15308],[36.7108,-0.13674],[36.71593,-0.12956],[36.75219,-0.12084],[36.76319,-0.10932],[36.76494,-0.11475],[36.79067,-0.10675],[36.82906,-0.1036],[36.82901,-0.13569],[36.84365,-0.13738],[36.85957,-0.14349],[36.85659,-0.15494],[36.86251,-0.1598],[36.86897,-0.18],[36.85011,-0.19763],[36.83759,-0.19774],[36.841,-0.21603],[36.85474,-0.2543],[36.86884,-0.24904],[36.87778,-0.26029],[36.96122,-0.28472],[36.98541,-0.29619],[36.9958,-0.27131],[36.98813,-0.25568],[37.00117,-0.24876],[37.0116,-0.2318],[37.00703,-0.2212],[37.0168,-0.1808],[37.00443,-0.17679],[37.00671,-0.15029],[36.99382,-0.1457],[36.9836,-0.13499],[36.97699,-0.07082],[36.99646,-0.06496],[37.02436,-0.0491],[37.02632,-0.04444],[37.06323,0.00188],[37.07114,0.0009],[37.07686,0.00981],[37.07653,-0.00269],[37.08747,-0.01651],[37.11209,-0.0382],[37.1237,-0.05447],[37.13047,-0.03687],[37.1315,-0.02983],[37.1103,-0.01291],[37.10324,0.00651],[37.0881,0.02264],[37.11064,0.03914],[37.13972,0.04072],[37.15368,0.05125],[37.18876,0.059],[37.20281,0.06859],[37.23354,0.08367],[37.23505,0.10246],[37.24803,0.10509],[37.2534,0.09809],[37.26236,0.11218],[37.28169,0.13406],[37.28079,0.15242],[37.30228,0.17166],[37.3072,0.17972],[37.33809,0.1842],[37.33361,0.19226],[37.34857,0.1963],[37.3481,0.20732],[37.36695,0.2465],[37.35975,0.2537],[37.37246,0.26271],[37.37461,0.2712],[37.38583,0.27442],[37.39555,0.29952],[37.39118,0.3122],[37.3919,0.35313],[37.38364,0.35578],[37.37693,0.36776],[37.37934,0.37689],[37.37004,0.38196],[37.36882,0.39519],[37.36253,0.40735],[37.3541,0.41108],[37.34828,0.43949],[37.34888,0.45582],[37.35685,0.46529],[37.36115,0.48466],[37.36111,0.50347],[37.36905,0.51155],[37.21319,0.52972],[36.86437,0.56575],[36.86765,0.57873],[36.86561,0.59198],[36.88359,0.61312],[36.88806,0.60962],[36.89017,0.62313],[36.89762,0.63073],[36.90961,0.63271],[36.9082,0.64361],[36.9134,0.66126],[36.92134,0.66061],[36.92712,0.6766],[36.92566,0.68883],[36.92726,0.7289],[36.9316,0.74342],[36.91041,0.7285],[36.90324,0.74024],[36.88107,0.73322],[36.86581,0.73765],[36.85669,0.76348],[36.84088,0.79001],[36.84385,0.79486],[36.83405,0.80043],[36.8316,0.81523],[36.81976,0.83895],[36.81561,0.85594],[36.79335,0.8694],[36.77309,0.86565],[36.75614,0.8584],[36.73468,0.82504],[36.70841,0.81436],[36.68724,0.81746],[36.66951,0.81331],[36.48241,0.8135],[36.48872,0.8468]]]},"properties":{"shapeName":"Laikipia","shapeISO":"KE-20","shapeID":"32016919B40191501607276","shapeGroup":"KEN","shapeType":"ADM1","name":"Laikipia","code":"KE-20"}},{"type":"Feature","geometry":{"type":"Polygon","coordinates":[[[34.36053,0.77841],[34.31299,0.76372],[34.30695,0.72063],[34.31281,0.69732],[34.29901,0.69303],[34.2913,0.68532],[34.27827,0.6809],[34.28011,0.66749],[34.27557,0.64229],[34.25161,0.63229],[34.24083,0.63563],[34.23596,0.62951],[34.22041,0.63254],[34.21515,0.62548],[34.20032,0.62823],[34.1858,0.60688],[34.17681,0.6081],[34.16228,0.59908],[34.15168,0.58781],[34.13764,0.58584],[34.12707,0.55793],[34.12611,0.53732],[34.11711,0.5233],[34.12337,0.51702],[34.11713,0.50991],[34.12081,0.48041],[34.1113,0.47531],[34.08977,0.45631],[34.08992,0.4258],[34.10014,0.41264],[34.10892,0.37824],[34.10035,0.34987],[34.07278,0.32602],[34.05895,0.32468],[34.06011,0.31235],[34.05023,0.30486],[34.04987,0.29476],[34.04242,0.29281],[34.04233,0.27679],[34.02594,0.26908],[34.02246,0.25511],[34.00506,0.24075],[34.00536,0.23578],[33.91392,0.1114],[33.91182,0.10025],[33.95052,-0.02598],[34.0111,-0.02591],[34.0194,-0.02697],[34.03016,-0.01737],[34.04213,-0.00014],[34.06615,0.0875],[34.07375,0.10481],[34.07183,0.11965],[34.09139,0.12411],[34.09375,0.13066],[34.10513,0.13574],[34.10317,0.12548],[34.11421,0.14516],[34.11208,0.17608],[34.1055,0.1869],[34.10946,0.20598],[34.11608,0.22008],[34.11609,0.24198],[34.13864,0.25828],[34.15776,0.28968],[34.15876,0.30052],[34.17579,0.29474],[34.18853,0.2758],[34.20322,0.2676],[34.20765,0.28833],[34.23738,0.28965],[34.24992,0.31338],[34.26357,0.31522],[34.28516,0.30982],[34.31505,0.30924],[34.33361,0.31137],[34.35659,0.30579],[34.36191,0.29778],[34.37066,0.30656],[34.38333,0.3184],[34.38618,0.33762],[34.39742,0.34415],[34.4021,0.36279],[34.42338,0.37449],[34.40626,0.38831],[34.38418,0.39884],[34.37862,0.40526],[34.36094,0.40644],[34.34332,0.42548],[34.36121,0.43711],[34.36227,0.45772],[34.38054,0.4585],[34.39206,0.46794],[34.38515,0.49066],[34.39001,0.49917],[34.40486,0.50067],[34.40834,0.50795],[34.39013,0.53883],[34.38259,0.54272],[34.36831,0.56179],[34.37703,0.57881],[34.37012,0.59015],[34.36988,0.60658],[34.37889,0.61301],[34.38385,0.63406],[34.38314,0.64392],[34.4171,0.65962],[34.40926,0.68133],[34.41571,0.68998],[34.40254,0.72717],[34.42247,0.7316],[34.4315,0.72641],[34.43362,0.7408],[34.4241,0.76708],[34.4119,0.76761],[34.40641,0.75733],[34.39318,0.75993],[34.38227,0.77407],[34.36926,0.77219],[34.36053,0.77841]]]},"properties":{"shapeName":"Busia","shapeISO":"KE-04","shapeID":"32016919B17784979587790","shapeGroup":"KEN","shapeType":"ADM1","name":"Busia","code":"KE-04"}},{"type":"Feature","geometry":{"type":"Polygon","coordinates":[[[37.38583,0.27442],[37.37461,0.2712],[37.37246,0.26271],[37.35975,0.2537],[37.36695,0.2465],[37.3481,0.20732],[37.34857,0.1963],[37.33361,0.19226],[37.33809,0.1842],[37.3072,0.17972],[37.30228,0.17166],[37.28079,0.15242],[37.28169,0.13406],[37.26236,0.11218],[37.2534,0.09809],[37.24803,0.10509],[37.23505,0.10246],[37.23354,0.08367],[37.20281,0.06859],[37.18876,0.059],[37.15368,0.05125],[37.13972,0.04072],[37.11064,0.03914],[37.0881,0.02264],[37.10324,0.00651],[37.1103,-0.01291],[37.1315,-0.02983],[37.13047,-0.03687],[37.13541,-0.04134],[37.30779,-0.15107],[37.52755,-0.18145],[37.59076,-0.18326],[37.60267,-0.19443],[37.61454,-0.19465],[37.62302,-0.20471],[37.63973,-0.20703],[37.64326,-0.21229],[37.66167,-0.21647],[37.66551,-0.20421],[37.68289,-0.20751],[37.70899,-0.20153],[37.72268,-0.20326],[37.75308,-0.18344],[37.76467,-0.15903],[37.78445,-0.15455],[37.79663,-0.16198],[37.85721,-0.12105],[37.8495,-0.10502],[37.86237,-0.06887],[37.84834,-0.03037],[37.85407,-0.01184],[37.87838,-0.01072],[37.89171,-0.01857],[37.89997,0.01025],[37.91671,0.00578],[37.9376,0.00838],[37.93991,0.02743],[37.94782,0.02851],[37.95666,0.03958],[37.9464,0.04634],[37.96019,0.06708],[37.99402,0.0691],[38.00008,0.06397],[38.01538,0.06145],[38.02815,0.05168],[38.0425,0.02649],[38.05379,0.02894],[38.07201,0.02632],[38.08299,0.02962],[38.08857,0.04299],[38.09848,0.05059],[38.10484,0.04768],[38.11362,0.0574],[38.1186,0.05037],[38.12947,0.05293],[38.14046,0.04782],[38.16032,0.02945],[38.17999,0.02423],[38.19204,0.01507],[38.20564,0.01962],[38.22363,0.01262],[38.23119,-0.0076],[38.2461,-0.0188],[38.25107,-0.01212],[38.26497,-0.01316],[38.28859,-0.02227],[38.29171,-0.03116],[38.30913,-0.05148],[38.31974,-0.05521],[38.32956,-0.06546],[38.34649,-0.06113],[38.38149,-0.08551],[38.39281,-0.07236],[38.40347,-0.07494],[38.4207,-0.06928],[38.41146,-0.06211],[38.41355,-0.05077],[38.40668,-0.04136],[38.40159,-0.01412],[38.38007,-0.0019],[38.36642,0.01667],[38.35786,0.022],[38.35764,0.03998],[38.34508,0.04616],[38.3499,0.06273],[38.33054,0.07291],[38.32444,0.0817],[38.32983,0.09672],[38.31924,0.10863],[38.30824,0.11355],[38.30698,0.13174],[38.29867,0.16011],[38.27914,0.17692],[38.26721,0.18207],[38.26276,0.19224],[38.23987,0.20616],[38.229,0.21649],[38.22143,0.21632],[38.19651,0.22868],[38.1959,0.3225],[38.17654,0.33006],[38.09458,0.56313],[38.06129,0.66744],[37.82598,0.56178],[37.58646,0.48116],[37.58181,0.46339],[37.58144,0.42002],[37.58563,0.40172],[37.59876,0.40149],[37.60324,0.36073],[37.59217,0.3401],[37.58083,0.32752],[37.55546,0.32782],[37.54733,0.31477],[37.55039,0.30617],[37.54766,0.27907],[37.53705,0.26398],[37.46418,0.28296],[37.42779,0.2978],[37.39951,0.2962],[37.39955,0.284],[37.38583,0.27442]]]},"properties":{"shapeName":"Meru","shapeISO":"KE-26","shapeID":"32016919B42702125036935","shapeGroup":"KEN","shapeType":"ADM1","name":"Meru","code":"KE-26"}},{"type":"Feature","geometry":{"type":"Polygon","coordinates":[[[34.8503,0.54573],[34.88588,0.52045],[34.90627,0.50256],[34.90647,0.49286],[34.92331,0.4749],[34.95604,0.41502],[34.95403,0.36677],[34.94706,0.35422],[34.93529,0.35714],[34.94115,0.3244],[34.9497,0.30011],[34.97579,0.2473],[34.97722,0.24043],[34.95515,0.24105],[34.94146,0.20702],[34.92786,0.2073],[34.92514,0.19919],[34.91594,0.17175],[34.92038,0.16602],[34.91501,0.15512],[34.90364,0.1528],[34.8842,0.14336],[34.85907,0.12075],[34.85667,0.10813],[34.85931,0.08375],[34.84664,0.06408],[34.8491,0.06039],[34.83886,0.04643],[34.83751,0.03628],[34.81043,0.03685],[34.77817,0.00626],[34.76072,-0.0019],[34.75953,0.00794],[34.74254,0.00725],[34.7391,-0.00226],[34.74707,-0.02473],[34.75461,-0.03342],[34.76326,-0.01747],[34.78098,-0.02139],[34.78727,-0.0071],[34.80345,0.0101],[34.81869,0.02194],[34.83067,0.02391],[34.81195,-0.00403],[34.80369,-0.01285],[34.80905,-0.02284],[34.82666,-0.02845],[34.87998,-0.02739],[34.89159,-0.02565],[34.90611,-0.02932],[34.9212,-0.02681],[34.92372,-0.03668],[34.95517,-0.03097],[34.96465,-0.03232],[34.98942,-0.02013],[35.00684,-0.02961],[35.03258,-0.03523],[35.05,-0.03561],[35.06561,-0.06877],[35.07188,-0.05716],[35.09127,-0.04518],[35.0949,-0.03177],[35.10138,-0.02669],[35.1003,-0.00372],[35.15244,-0.03657],[35.1771,-0.02847],[35.19912,-0.02729],[35.22075,-0.03709],[35.22648,-0.06773],[35.22648,-0.10657],[35.28008,-0.09936],[35.30794,-0.08674],[35.32588,-0.10182],[35.34096,-0.10952],[35.37161,-0.11034],[35.40218,-0.08723],[35.424,-0.0782],[35.40369,-0.02447],[35.41351,0.00516],[35.43748,0.01878],[35.43483,0.02547],[35.4038,0.10529],[35.39626,0.10901],[35.386,0.10185],[35.37082,0.12724],[35.33589,0.14309],[35.33589,0.1605],[35.34028,0.1681],[35.34,0.19382],[35.30319,0.21127],[35.22339,0.32754],[35.19322,0.37763],[35.17555,0.41917],[35.17105,0.42153],[35.13925,0.47168],[35.15985,0.50421],[35.16523,0.54617],[35.15623,0.53831],[35.13955,0.53469],[35.1273,0.54355],[35.11549,0.54491],[35.1054,0.55457],[35.09867,0.53909],[35.0444,0.56148],[34.8503,0.54573]]]},"properties":{"shapeName":"Nandi","shapeISO":"KE-32","shapeID":"32016919B10848562282373","shapeGroup":"KEN","shapeType":"ADM1","name":"Nandi","code":"KE-32"}},{"type":"Feature","geometry":{"type":"Polygon","coordinates":[[[34.37066,0.30656],[34.36191,0.29778],[34.35659,0.30579],[34.33361,0.31137],[34.31505,0.30924],[34.28516,0.30982],[34.26357,0.31522],[34.24992,0.31338],[34.23738,0.28965],[34.20765,0.28833],[34.20322,0.2676],[34.18853,0.2758],[34.17579,0.29474],[34.15876,0.30052],[34.15776,0.28968],[34.13864,0.25828],[34.11609,0.24198],[34.11608,0.22008],[34.10946,0.20598],[34.1055,0.1869],[34.11208,0.17608],[34.11421,0.14516],[34.10317,0.12548],[34.10513,0.13574],[34.09375,0.13066],[34.09139,0.12411],[34.07183,0.11965],[34.07375,0.10481],[34.06615,0.0875],[34.04213,-0.00014],[34.03016,-0.01737],[34.0194,-0.02697],[34.0111,-0.02591],[33.95052,-0.02598],[33.98222,-0.12941],[33.94766,-0.33718],[34.23979,-0.33748],[34.28217,-0.4131],[34.29395,-0.42346],[34.30756,-0.42535],[34.32401,-0.4177],[34.42244,-0.33362],[34.48342,-0.29927],[34.42464,-0.12701],[34.41143,-0.083],[34.41161,-0.0784],[34.44628,-0.05581],[34.46048,-0.04238],[34.48577,-0.02987],[34.52913,-0.02085],[34.53411,-0.01537],[34.54349,-0.00439],[34.53729,0.00537],[34.55122,0.01825],[34.5541,0.04356],[34.56028,0.07165],[34.55497,0.08867],[34.56035,0.09393],[34.55512,0.0993],[34.56075,0.10693],[34.54502,0.11327],[34.55322,0.1181],[34.55547,0.12721],[34.54584,0.13762],[34.53246,0.1338],[34.52474,0.12427],[34.51382,0.1305],[34.50849,0.11827],[34.5025,0.12849],[34.49558,0.12185],[34.50329,0.11576],[34.49511,0.11116],[34.49316,0.1022],[34.47944,0.10566],[34.48008,0.11528],[34.45905,0.12309],[34.45673,0.13069],[34.47157,0.13118],[34.48401,0.14048],[34.4819,0.15163],[34.46708,0.15768],[34.43653,0.14609],[34.42514,0.15232],[34.43533,0.15735],[34.44173,0.16802],[34.42593,0.18686],[34.43628,0.20216],[34.45141,0.20683],[34.44482,0.2186],[34.42849,0.21283],[34.41203,0.19974],[34.40085,0.1861],[34.38797,0.18013],[34.38466,0.18349],[34.39175,0.20725],[34.3838,0.22926],[34.3981,0.23408],[34.40141,0.26157],[34.38953,0.27542],[34.39726,0.28242],[34.37066,0.30656]]]},"properties":{"shapeName":"Siaya","shapeISO":"KE-38","shapeID":"32016919B12007380424127","shapeGroup":"KEN","shapeType":"ADM1","name":"Siaya","code":"KE-38"}},{"type":"Feature","geometry":{"type":"Polygon","coordinates":[[[35.64015,-0.06097],[35.61441,-0.09143],[35.62292,-0.10301],[35.61274,-0.11063],[35.59688,-0.12943],[35.59971,-0.14711],[35.60976,-0.15897],[35.62398,-0.15064],[35.64682,-0.15156],[35.65374,-0.16494],[35.66954,-0.16319],[35.6646,-0.18566],[35.67251,-0.18892],[35.66277,-0.19419],[35.65472,-0.20661],[35.65656,-0.23611],[35.64856,-0.26658],[35.63117,-0.27561],[35.63023,-0.28777],[35.61956,-0.29389],[35.61053,-0.28875],[35.60369,-0.29358],[35.59346,-0.27682],[35.58398,-0.29201],[35.5801,-0.30801],[35.56821,-0.30341],[35.57147,-0.28222],[35.55865,-0.27347],[35.52813,-0.25961],[35.52459,-0.27011],[35.50274,-0.26909],[35.46929,-0.27775],[35.45464,-0.28704],[35.41247,-0.30244],[35.45109,-0.3654],[35.58665,-0.58811],[35.6008,-0.67155],[35.61077,-0.67388],[35.62672,-0.68418],[35.64507,-0.70259],[35.65216,-0.68603],[35.66322,-0.68079],[35.6679,-0.66371],[35.6756,-0.65932],[35.68416,-0.64016],[35.68311,-0.62426],[35.69088,-0.60013],[35.70235,-0.59059],[35.70942,-0.57776],[35.70872,-0.55392],[35.71621,-0.55315],[35.7375,-0.53103],[35.77118,-0.53685],[35.77446,-0.52115],[35.79462,-0.47151],[35.79924,-0.456],[35.81073,-0.45753],[35.81371,-0.47658],[35.83515,-0.46658],[35.83807,-0.47257],[35.83033,-0.49451],[35.88815,-0.52691],[35.90305,-0.54739],[35.93161,-0.55113],[35.94349,-0.5552],[35.98143,-0.63034],[35.94932,-0.66567],[35.91482,-0.63519],[35.87558,-0.63709],[35.87611,-0.65049],[35.89128,-0.64963],[35.92941,-0.69656],[35.92883,-0.70556],[35.94588,-0.71431],[36.0111,-0.66348],[36.02862,-0.67887],[36.06204,-0.6569],[36.09748,-0.63959],[36.10026,-0.67594],[36.14186,-0.71212],[36.153,-0.71452],[36.15136,-0.7198],[36.16062,-0.74481],[36.19174,-0.76608],[36.18179,-0.77891],[36.18985,-0.7853],[36.18711,-0.80468],[36.15706,-0.83699],[36.16877,-0.87231],[36.18894,-0.90829],[36.1846,-0.91549],[36.19319,-0.91563],[36.2035,-0.93348],[36.26252,-0.91319],[36.33392,-1.04937],[36.48927,-1.12253],[36.53373,-1.15591],[36.54166,-1.127],[36.56385,-1.10011],[36.56695,-1.1015],[36.58827,-1.06338],[36.58425,-1.04438],[36.59541,-0.9917],[36.59403,-0.98341],[36.58492,-0.97927],[36.58492,-0.96187],[36.57994,-0.94806],[36.57249,-0.94226],[36.57801,-0.92928],[36.56834,-0.92155],[36.55285,-0.92],[36.54292,-0.90822],[36.55037,-0.86872],[36.54836,-0.85011],[36.55809,-0.83781],[36.55294,-0.82893],[36.53141,-0.74588],[36.51697,-0.71132],[36.5397,-0.69645],[36.5179,-0.65306],[36.52493,-0.64904],[36.52208,-0.63692],[36.51384,-0.63105],[36.51716,-0.6239],[36.50944,-0.6164],[36.50092,-0.62376],[36.46477,-0.63073],[36.44977,-0.61306],[36.44637,-0.5712],[36.43724,-0.57546],[36.40804,-0.57921],[36.40018,-0.57274],[36.40236,-0.5412],[36.39721,-0.5316],[36.40292,-0.52417],[36.39978,-0.50618],[36.39338,-0.49957],[36.39591,-0.49042],[36.39314,-0.47371],[36.38398,-0.45568],[36.38701,-0.44204],[36.38354,-0.42735],[36.37779,-0.42307],[36.3768,-0.40559],[36.36058,-0.39044],[36.35884,-0.37971],[36.33182,-0.3928],[36.31015,-0.39071],[36.30745,-0.37187],[36.29006,-0.37843],[36.27316,-0.39489],[36.26131,-0.34408],[36.24768,-0.34712],[36.22928,-0.34351],[36.22247,-0.35658],[36.20864,-0.27429],[36.24397,-0.25784],[36.23289,-0.23216],[36.22115,-0.21296],[36.20996,-0.20527],[36.20875,-0.192],[36.19844,-0.14009],[36.21808,-0.11409],[36.22609,-0.11895],[36.24446,-0.12117],[36.25,-0.08964],[36.24964,-0.06152],[36.25549,-0.02196],[36.26503,0.02632],[36.25513,0.05615],[36.26941,0.08824],[36.28694,0.11147],[36.27601,0.14812],[36.26005,0.17394],[36.25338,0.18061],[36.23565,0.2091],[36.20185,0.23466],[36.17754,0.22837],[36.18308,0.22024],[36.19461,0.21643],[36.19667,0.19926],[36.14705,0.18569],[36.13923,0.12964],[36.13379,0.11191],[36.12642,0.05937],[36.10427,0.06144],[36.11123,0.00612],[36.09264,-0.01367],[36.05036,0.00459],[36.03945,0.02115],[36.00527,0.03126],[35.99609,0.05993],[35.96367,0.05721],[35.96386,0.07817],[35.95942,0.08772],[35.93889,0.09546],[35.92814,0.06977],[35.96821,0.02475],[35.97651,0.01311],[35.96766,-0.01593],[35.95929,-0.02547],[35.9477,-0.05085],[35.91637,-0.08186],[35.89914,-0.04803],[35.89302,-0.05153],[35.87547,-0.03603],[35.85039,-0.07575],[35.82047,-0.1195],[35.8058,-0.10009],[35.78924,-0.11163],[35.78974,-0.16208],[35.7719,-0.19229],[35.78008,-0.19482],[35.76321,-0.22489],[35.75462,-0.22628],[35.74401,-0.21917],[35.73397,-0.22041],[35.72472,-0.21238],[35.722,-0.19807],[35.72206,-0.17291],[35.72891,-0.16024],[35.70568,-0.12276],[35.69229,-0.10965],[35.68782,-0.09604],[35.68873,-0.07596],[35.6683,-0.07384],[35.64933,-0.0811],[35.64015,-0.06097]]]},"properties":{"shapeName":"Nakuru","shapeISO":"KE-31","shapeID":"32016919B58088177642376","shapeGroup":"KEN","shapeType":"ADM1","name":"Nakuru","code":"KE-31"}},{"type":"Feature","geometry":{"type":"Polygon","coordinates":[[[34.56035,0.09393],[34.55497,0.08867],[34.56028,0.07165],[34.5541,0.04356],[34.55122,0.01825],[34.53729,0.00537],[34.54349,-0.00439],[34.53411,-0.01537],[34.55041,-0.0216],[34.56282,-0.01582],[34.56001,-0.02926],[34.56493,-0.04011],[34.5825,-0.03121],[34.5889,0.00121],[34.60384,0.01237],[34.61385,-0.0007],[34.63754,-0.00066],[34.67196,-0.01584],[34.69057,-0.0106],[34.68669,-0.02647],[34.69424,-0.02085],[34.70809,-0.02182],[34.71495,-0.0104],[34.72757,-0.00655],[34.73994,-0.02577],[34.74707,-0.02473],[34.7391,-0.00226],[34.74254,0.00725],[34.75953,0.00794],[34.76072,-0.0019],[34.77817,0.00626],[34.81043,0.03685],[34.83751,0.03628],[34.83886,0.04643],[34.8491,0.06039],[34.84664,0.06408],[34.85931,0.08375],[34.85667,0.10813],[34.85907,0.12075],[34.8842,0.14336],[34.90364,0.1528],[34.91501,0.15512],[34.92038,0.16602],[34.91594,0.17175],[34.92514,0.19919],[34.90296,0.19558],[34.89221,0.20682],[34.88355,0.19757],[34.85974,0.19896],[34.85096,0.18493],[34.81089,0.18405],[34.81527,0.17745],[34.81552,0.16183],[34.80506,0.16417],[34.78549,0.15956],[34.77599,0.15027],[34.74734,0.136],[34.73794,0.14193],[34.73832,0.14908],[34.71677,0.13973],[34.70436,0.1396],[34.7043,0.13111],[34.69564,0.13447],[34.68254,0.12155],[34.67627,0.12987],[34.66357,0.12662],[34.6377,0.12938],[34.62023,0.12675],[34.60637,0.11955],[34.58627,0.11548],[34.58685,0.10434],[34.57305,0.09575],[34.56035,0.09393]]]},"properties":{"shapeName":"Vihiga","shapeISO":"KE-45","shapeID":"32016919B20488296424250","shapeGroup":"KEN","shapeType":"ADM1","name":"Vihiga","code":"KE-45"}},{"type":"Feature","geometry":{"type":"Polygon","coordinates":[[[36.25549,-0.02196],[36.24964,-0.06152],[36.25,-0.08964],[36.24446,-0.12117],[36.22609,-0.11895],[36.21808,-0.11409],[36.19844,-0.14009],[36.20875,-0.192],[36.20996,-0.20527],[36.22115,-0.21296],[36.23289,-0.23216],[36.24397,-0.25784],[36.20864,-0.27429],[36.22247,-0.35658],[36.22928,-0.34351],[36.24768,-0.34712],[36.26131,-0.34408],[36.27316,-0.39489],[36.29006,-0.37843],[36.30745,-0.37187],[36.31015,-0.39071],[36.33182,-0.3928],[36.35884,-0.37971],[36.36058,-0.39044],[36.3768,-0.40559],[36.37779,-0.42307],[36.38354,-0.42735],[36.38701,-0.44204],[36.38398,-0.45568],[36.39314,-0.47371],[36.39591,-0.49042],[36.39338,-0.49957],[36.39978,-0.50618],[36.40292,-0.52417],[36.39721,-0.5316],[36.40236,-0.5412],[36.40018,-0.57274],[36.40804,-0.57921],[36.43724,-0.57546],[36.44637,-0.5712],[36.44977,-0.61306],[36.46477,-0.63073],[36.50092,-0.62376],[36.50944,-0.6164],[36.51716,-0.6239],[36.51384,-0.63105],[36.52208,-0.63692],[36.52493,-0.64904],[36.5179,-0.65306],[36.5397,-0.69645],[36.51697,-0.71132],[36.53141,-0.74588],[36.55294,-0.82893],[36.55809,-0.83781],[36.54836,-0.85011],[36.55037,-0.86872],[36.54292,-0.90822],[36.55285,-0.92],[36.56864,-0.91107],[36.56181,-0.90393],[36.58701,-0.88675],[36.59797,-0.86185],[36.58981,-0.84894],[36.58598,-0.82653],[36.61856,-0.8298],[36.60829,-0.80562],[36.65028,-0.76462],[36.65846,-0.76778],[36.67156,-0.75849],[36.68559,-0.76481],[36.70616,-0.78554],[36.72004,-0.80637],[36.72183,-0.7877],[36.71766,-0.78012],[36.73264,-0.77943],[36.71811,-0.76252],[36.71059,-0.71753],[36.70359,-0.69927],[36.70502,-0.66731],[36.70169,-0.64916],[36.70411,-0.62867],[36.69015,-0.61337],[36.68005,-0.59671],[36.67901,-0.58087],[36.66753,-0.57156],[36.66592,-0.54526],[36.66121,-0.52505],[36.65455,-0.51667],[36.65903,-0.49163],[36.66385,-0.48256],[36.66236,-0.46533],[36.64858,-0.46143],[36.6503,-0.43594],[36.62194,-0.4016],[36.63044,-0.38954],[36.62515,-0.38322],[36.6039,-0.37748],[36.60241,-0.36737],[36.61355,-0.35658],[36.60632,-0.33476],[36.61252,-0.31153],[36.68201,-0.18551],[36.67866,-0.17441],[36.68586,-0.17446],[36.65747,-0.15308],[36.6538,-0.15419],[36.63291,-0.10874],[36.59644,-0.10407],[36.57317,-0.10518],[36.55935,-0.09287],[36.55216,-0.09147],[36.55741,-0.08073],[36.54458,-0.06837],[36.54934,-0.06563],[36.5589,-0.04485],[36.57365,-0.0339],[36.58176,-0.02114],[36.64949,-0.01692],[36.63464,0.01618],[36.60706,0.00332],[36.59919,0.00337],[36.5891,0.02782],[36.58825,0.04406],[36.57384,0.07078],[36.52135,0.04869],[36.51044,0.08513],[36.46245,0.1403],[36.44108,0.09152],[36.42313,0.08542],[36.40073,0.05964],[36.42394,0.04599],[36.41351,0.03961],[36.39888,0.0401],[36.39249,0.0305],[36.38538,0.03725],[36.3757,0.03725],[36.36344,0.04853],[36.35439,0.06864],[36.34877,0.07051],[36.33643,0.06284],[36.34561,0.03101],[36.32974,0.02856],[36.33063,0.02294],[36.30254,0.01612],[36.29858,0.00524],[36.29269,0.01193],[36.27126,-0.0011],[36.26727,-0.02158],[36.25549,-0.02196]]]},"properties":{"shapeName":"Nyandarua","shapeISO":"KE-35","shapeID":"32016919B99956097556155","shapeGroup":"KEN","shapeType":"ADM1","name":"Nyandarua","code":"KE-35"}},{"type":"Feature","geometry":{"type":"Polygon","coordinates":[[[37.30779,-0.15107],[37.55381,-0.35989],[37.56303,-0.36527],[37.57006,-0.36252],[37.58475,-0.36874],[37.60177,-0.3831],[37.63038,-0.38858],[37.64441,-0.40698],[37.662,-0.42116],[37.6821,-0.42595],[37.694,-0.43758],[37.7129,-0.44257],[37.72032,-0.44985],[37.73241,-0.45016],[37.74802,-0.44487],[37.7592,-0.44872],[37.78472,-0.44637],[37.81569,-0.42613],[37.81656,-0.4209],[37.83202,-0.40419],[37.84568,-0.40313],[37.85213,-0.38896],[37.86627,-0.38181],[37.86515,-0.36955],[37.87065,-0.36519],[37.8736,-0.34903],[37.88662,-0.34214],[37.89495,-0.35234],[37.88991,-0.36546],[37.89676,-0.3699],[37.88981,-0.39152],[37.90115,-0.39652],[37.90042,-0.40407],[37.90831,-0.41329],[37.922,-0.41508],[37.92679,-0.42736],[37.93647,-0.42731],[37.95184,-0.42537],[37.96492,-0.41115],[37.96954,-0.39657],[37.97377,-0.36954],[37.96761,-0.36343],[37.97813,-0.35394],[37.97203,-0.34351],[37.97976,-0.32627],[37.98597,-0.32306],[37.98019,-0.31258],[37.98546,-0.29596],[37.99286,-0.28645],[37.99805,-0.26594],[38.0242,-0.26773],[38.04475,-0.27522],[38.08789,-0.27379],[38.10131,-0.27848],[38.11368,-0.27518],[38.13543,-0.25621],[38.14342,-0.23932],[38.15931,-0.23732],[38.16275,-0.22331],[38.18187,-0.18935],[38.18579,-0.15228],[38.19733,-0.14311],[38.20641,-0.14304],[38.20741,-0.12673],[38.22124,-0.10254],[38.25029,-0.08407],[38.27143,-0.09299],[38.27987,-0.08243],[38.28762,-0.08431],[38.29023,-0.07562],[38.30086,-0.0672],[38.30913,-0.05148],[38.29171,-0.03116],[38.28859,-0.02227],[38.26497,-0.01316],[38.25107,-0.01212],[38.2461,-0.0188],[38.23119,-0.0076],[38.22363,0.01262],[38.20564,0.01962],[38.19204,0.01507],[38.17999,0.02423],[38.16032,0.02945],[38.14046,0.04782],[38.12947,0.05293],[38.1186,0.05037],[38.11362,0.0574],[38.10484,0.04768],[38.09848,0.05059],[38.08857,0.04299],[38.08299,0.02962],[38.07201,0.02632],[38.05379,0.02894],[38.0425,0.02649],[38.02815,0.05168],[38.01538,0.06145],[38.00008,0.06397],[37.99402,0.0691],[37.96019,0.06708],[37.9464,0.04634],[37.95666,0.03958],[37.94782,0.02851],[37.93991,0.02743],[37.9376,0.00838],[37.91671,0.00578],[37.89997,0.01025],[37.89171,-0.01857],[37.87838,-0.01072],[37.85407,-0.01184],[37.84834,-0.03037],[37.86237,-0.06887],[37.8495,-0.10502],[37.85721,-0.12105],[37.79663,-0.16198],[37.78445,-0.15455],[37.76467,-0.15903],[37.75308,-0.18344],[37.72268,-0.20326],[37.70899,-0.20153],[37.68289,-0.20751],[37.66551,-0.20421],[37.66167,-0.21647],[37.64326,-0.21229],[37.63973,-0.20703],[37.62302,-0.20471],[37.61454,-0.19465],[37.60267,-0.19443],[37.59076,-0.18326],[37.52755,-0.18145],[37.30779,-0.15107]]]},"properties":{"shapeName":"Tharaka","shapeISO":"KE-41","shapeID":"32016919B40030396675644","shapeGroup":"KEN","shapeType":"ADM1","name":"Tharaka","code":"KE-41"}},{"type":"Feature","geometry":{"type":"Polygon","coordinates":[[[35.5228,0.01541],[35.51357,0.00855],[35.4937,0.01468],[35.47873,0.01536],[35.45914,0.01063],[35.47063,0.01986],[35.46517,0.02735],[35.43483,0.02547],[35.43748,0.01878],[35.41351,0.00516],[35.40369,-0.02447],[35.424,-0.0782],[35.40218,-0.08723],[35.37161,-0.11034],[35.34096,-0.10952],[35.32588,-0.10182],[35.30794,-0.08674],[35.28008,-0.09936],[35.22648,-0.10657],[35.23648,-0.11959],[35.25331,-0.12054],[35.27032,-0.15259],[35.27737,-0.1448],[35.28456,-0.15706],[35.28027,-0.16596],[35.2894,-0.16513],[35.29574,-0.17604],[35.33032,-0.17625],[35.33043,-0.19219],[35.34221,-0.23648],[35.34032,-0.2398],[35.31371,-0.24884],[35.30457,-0.24029],[35.28482,-0.23588],[35.27044,-0.23782],[35.25927,-0.2295],[35.26117,-0.22385],[35.24763,-0.21314],[35.24479,-0.20176],[35.23184,-0.19394],[35.21866,-0.19429],[35.21515,-0.17507],[35.19726,-0.16288],[35.1863,-0.16005],[35.18337,-0.16613],[35.16327,-0.1628],[35.15496,-0.16633],[35.12834,-0.1561],[35.1213,-0.17199],[35.1039,-0.20168],[35.07246,-0.20875],[35.06351,-0.21571],[35.05792,-0.2345],[35.05248,-0.29442],[35.03195,-0.31214],[35.00825,-0.33871],[35.00738,-0.35825],[35.01289,-0.37892],[35.01233,-0.39142],[35.0214,-0.40518],[35.01961,-0.4124],[35.03213,-0.41948],[35.04485,-0.44682],[35.04025,-0.47932],[35.03353,-0.48463],[35.03283,-0.49717],[35.05135,-0.49959],[35.05832,-0.49138],[35.07315,-0.48992],[35.08371,-0.47269],[35.08789,-0.47533],[35.1189,-0.45934],[35.13236,-0.46126],[35.14139,-0.45649],[35.14974,-0.46619],[35.15771,-0.46406],[35.17279,-0.46939],[35.18157,-0.48429],[35.21811,-0.47945],[35.22011,-0.4708],[35.20858,-0.46607],[35.21799,-0.45551],[35.23198,-0.42235],[35.24952,-0.42075],[35.25918,-0.42441],[35.27533,-0.4179],[35.28987,-0.42421],[35.30646,-0.42445],[35.32053,-0.41717],[35.33141,-0.40456],[35.34763,-0.40775],[35.38031,-0.4006],[35.39058,-0.40384],[35.40002,-0.39991],[35.40905,-0.40521],[35.43453,-0.37813],[35.45109,-0.3654],[35.41247,-0.30244],[35.45464,-0.28704],[35.46929,-0.27775],[35.50274,-0.26909],[35.52459,-0.27011],[35.52813,-0.25961],[35.55865,-0.27347],[35.57147,-0.28222],[35.56821,-0.30341],[35.5801,-0.30801],[35.58398,-0.29201],[35.59346,-0.27682],[35.60369,-0.29358],[35.61053,-0.28875],[35.61956,-0.29389],[35.63023,-0.28777],[35.63117,-0.27561],[35.64856,-0.26658],[35.65656,-0.23611],[35.65472,-0.20661],[35.66277,-0.19419],[35.67251,-0.18892],[35.6646,-0.18566],[35.66954,-0.16319],[35.65374,-0.16494],[35.64682,-0.15156],[35.62398,-0.15064],[35.60976,-0.15897],[35.59971,-0.14711],[35.59688,-0.12943],[35.61274,-0.11063],[35.62292,-0.10301],[35.61441,-0.09143],[35.64015,-0.06097],[35.63216,-0.0361],[35.61016,-0.03249],[35.58247,-0.00777],[35.54345,-0.00851],[35.5228,0.01541]]]},"properties":{"shapeName":"Kericho","shapeISO":"KE-12","shapeID":"32016919B28150779100642","shapeGroup":"KEN","shapeType":"ADM1","name":"Kericho","code":"KE-12"}},{"type":"Feature","geometry":{"type":"Polygon","coordinates":[[[34.74707,-0.02473],[34.73994,-0.02577],[34.72757,-0.00655],[34.71495,-0.0104],[34.70809,-0.02182],[34.69424,-0.02085],[34.68669,-0.02647],[34.69057,-0.0106],[34.67196,-0.01584],[34.63754,-0.00066],[34.61385,-0.0007],[34.60384,0.01237],[34.5889,0.00121],[34.5825,-0.03121],[34.56493,-0.04011],[34.56001,-0.02926],[34.56282,-0.01582],[34.55041,-0.0216],[34.53411,-0.01537],[34.52913,-0.02085],[34.48577,-0.02987],[34.46048,-0.04238],[34.44628,-0.05581],[34.41161,-0.0784],[34.41143,-0.083],[34.42464,-0.12701],[34.48342,-0.29927],[34.53242,-0.27171],[34.70638,-0.25805],[34.75464,-0.28946],[34.76009,-0.31356],[34.76955,-0.31234],[34.7872,-0.3245],[34.78546,-0.34127],[34.79811,-0.35409],[34.81063,-0.35595],[34.82045,-0.36982],[34.82404,-0.38778],[34.8391,-0.39227],[34.85767,-0.39193],[34.88774,-0.40144],[34.89396,-0.39376],[34.91502,-0.38508],[34.91408,-0.40311],[34.92947,-0.40328],[34.92971,-0.41186],[34.94937,-0.41571],[34.97446,-0.40944],[34.98687,-0.41309],[34.98947,-0.40775],[35.00316,-0.40451],[35.01233,-0.39142],[35.01289,-0.37892],[35.00738,-0.35825],[35.00825,-0.33871],[35.03195,-0.31214],[35.05248,-0.29442],[35.05792,-0.2345],[35.06351,-0.21571],[35.07246,-0.20875],[35.1039,-0.20168],[35.1213,-0.17199],[35.12834,-0.1561],[35.15496,-0.16633],[35.16327,-0.1628],[35.18337,-0.16613],[35.1863,-0.16005],[35.19726,-0.16288],[35.21515,-0.17507],[35.21866,-0.19429],[35.23184,-0.19394],[35.24479,-0.20176],[35.24763,-0.21314],[35.26117,-0.22385],[35.25927,-0.2295],[35.27044,-0.23782],[35.28482,-0.23588],[35.30457,-0.24029],[35.31371,-0.24884],[35.34032,-0.2398],[35.34221,-0.23648],[35.33043,-0.19219],[35.33032,-0.17625],[35.29574,-0.17604],[35.2894,-0.16513],[35.28027,-0.16596],[35.28456,-0.15706],[35.27737,-0.1448],[35.27032,-0.15259],[35.25331,-0.12054],[35.23648,-0.11959],[35.22648,-0.10657],[35.22648,-0.06773],[35.22075,-0.03709],[35.19912,-0.02729],[35.1771,-0.02847],[35.15244,-0.03657],[35.1003,-0.00372],[35.10138,-0.02669],[35.0949,-0.03177],[35.09127,-0.04518],[35.07188,-0.05716],[35.06561,-0.06877],[35.05,-0.03561],[35.03258,-0.03523],[35.00684,-0.02961],[34.98942,-0.02013],[34.96465,-0.03232],[34.95517,-0.03097],[34.92372,-0.03668],[34.9212,-0.02681],[34.90611,-0.02932],[34.89159,-0.02565],[34.87998,-0.02739],[34.82666,-0.02845],[34.80905,-0.02284],[34.80369,-0.01285],[34.81195,-0.00403],[34.83067,0.02391],[34.81869,0.02194],[34.80345,0.0101],[34.78727,-0.0071],[34.78098,-0.02139],[34.76326,-0.01747],[34.75461,-0.03342],[34.74707,-0.02473]]]},"properties":{"shapeName":"Kisumu","shapeISO":"KE-17","shapeID":"32016919B35081513576883","shapeGroup":"KEN","shapeType":"ADM1","name":"Kisumu","code":"KE-17"}},{"type":"Feature","geometry":{"type":"Polygon","coordinates":[[[36.65747,-0.15308],[36.68586,-0.17446],[36.67866,-0.17441],[36.68201,-0.18551],[36.61252,-0.31153],[36.60632,-0.33476],[36.61355,-0.35658],[36.60241,-0.36737],[36.6039,-0.37748],[36.62515,-0.38322],[36.63044,-0.38954],[36.62194,-0.4016],[36.6503,-0.43594],[36.64858,-0.46143],[36.66236,-0.46533],[36.66385,-0.48256],[36.65903,-0.49163],[36.65455,-0.51667],[36.66121,-0.52505],[36.66592,-0.54526],[36.66753,-0.57156],[36.67901,-0.58087],[36.68005,-0.59671],[36.69015,-0.61337],[36.70411,-0.62867],[36.70845,-0.608],[36.70467,-0.59021],[36.72111,-0.57166],[36.73381,-0.56666],[36.74645,-0.57161],[36.75512,-0.56747],[36.7779,-0.56643],[36.78871,-0.57094],[36.80378,-0.57045],[36.80943,-0.57934],[36.83792,-0.59551],[36.84446,-0.59374],[36.86008,-0.60812],[36.86699,-0.60588],[36.88372,-0.6113],[36.89305,-0.60883],[36.92128,-0.60933],[36.92132,-0.60441],[36.95035,-0.59376],[36.98684,-0.57606],[36.99628,-0.58428],[37.01553,-0.58472],[37.02659,-0.59155],[37.04843,-0.59484],[37.05893,-0.6102],[37.06779,-0.61119],[37.08555,-0.62332],[37.10161,-0.62994],[37.10056,-0.63683],[37.1226,-0.64357],[37.1403,-0.63806],[37.15165,-0.64111],[37.15448,-0.63554],[37.16912,-0.63562],[37.17814,-0.6151],[37.17662,-0.59994],[37.16788,-0.5915],[37.15922,-0.59182],[37.14413,-0.5703],[37.14956,-0.55423],[37.14642,-0.53425],[37.16798,-0.50707],[37.16075,-0.49423],[37.17679,-0.48293],[37.17483,-0.44252],[37.19365,-0.44311],[37.20532,-0.41636],[37.30779,-0.15107],[37.13541,-0.04134],[37.13047,-0.03687],[37.1237,-0.05447],[37.11209,-0.0382],[37.08747,-0.01651],[37.07653,-0.00269],[37.07686,0.00981],[37.07114,0.0009],[37.06323,0.00188],[37.02632,-0.04444],[37.02436,-0.0491],[36.99646,-0.06496],[36.97699,-0.07082],[36.9836,-0.13499],[36.99382,-0.1457],[37.00671,-0.15029],[37.00443,-0.17679],[37.0168,-0.1808],[37.00703,-0.2212],[37.0116,-0.2318],[37.00117,-0.24876],[36.98813,-0.25568],[36.9958,-0.27131],[36.98541,-0.29619],[36.96122,-0.28472],[36.87778,-0.26029],[36.86884,-0.24904],[36.85474,-0.2543],[36.841,-0.21603],[36.83759,-0.19774],[36.85011,-0.19763],[36.86897,-0.18],[36.86251,-0.1598],[36.85659,-0.15494],[36.85957,-0.14349],[36.84365,-0.13738],[36.82901,-0.13569],[36.82906,-0.1036],[36.79067,-0.10675],[36.76494,-0.11475],[36.76319,-0.10932],[36.75219,-0.12084],[36.71593,-0.12956],[36.7108,-0.13674],[36.65747,-0.15308]]]},"properties":{"shapeName":"Nyeri","shapeISO":"KE-36","shapeID":"32016919B26862024603939","shapeGroup":"KEN","shapeType":"ADM1","name":"Nyeri","code":"KE-36"}},{"type":"Feature","geometry":{"type":"Polygon","coordinates":[[[38.43415,-0.07482],[38.82981,-0.76018],[38.95341,-1.03176],[38.9997,-1.67692],[38.98382,-1.69412],[38.97696,-1.69356],[38.95846,-1.70279],[39.01513,-1.91405],[38.79523,-2.33967],[38.78775,-2.34087],[38.78199,-2.35344],[38.77038,-2.35217],[38.73708,-2.36578],[38.7323,-2.37769],[38.71664,-2.38827],[38.71384,-2.39548],[38.68478,-2.4132],[38.6462,-2.41786],[38.62653,-2.41048],[39.07511,-3.04114],[39.07917,-3.05037],[39.10231,-3.03596],[39.11086,-3.02443],[39.12729,-3.01918],[39.13214,-3.04143],[39.14239,-3.04907],[39.15099,-3.04496],[39.16862,-3.06514],[39.1728,-3.05736],[39.18186,-3.0632],[39.19511,-3.0609],[39.20413,-3.06634],[39.2161,-3.06558],[39.21737,-3.07293],[39.21849,-3.06915],[39.88972,-2.31006],[40.17568,-2.71367],[40.17856,-2.71773],[40.17906,-2.71836],[40.18732,-2.70581],[40.18357,-2.69876],[40.1751,-2.70296],[40.18209,-2.68119],[40.20189,-2.6791],[40.20472,-2.69157],[40.1933,-2.71261],[40.19862,-2.71305],[40.19614,-2.73261],[40.21284,-2.70526],[40.23327,-2.67774],[40.26188,-2.6493],[40.25953,-2.64342],[40.26955,-2.63037],[40.28125,-2.62396],[40.29055,-2.6131],[40.30561,-2.60608],[40.34037,-2.58427],[40.32935,-2.59544],[40.29956,-2.614],[40.29172,-2.61593],[40.28215,-2.62875],[40.27336,-2.62878],[40.26658,-2.64261],[40.30723,-2.6114],[40.3491,-2.5855],[40.40029,-2.56052],[40.43808,-2.54452],[40.4614,-2.53677],[40.48924,-2.53073],[40.51275,-2.52946],[40.51336,-2.52498],[40.49353,-2.51825],[40.47441,-2.52998],[40.45365,-2.53613],[40.44433,-2.5319],[40.44766,-2.52221],[40.45529,-2.52163],[40.45935,-2.50608],[40.46935,-2.51074],[40.47854,-2.49634],[40.49379,-2.49383],[40.51314,-2.49862],[40.51567,-2.50525],[40.50824,-2.51649],[40.51905,-2.52008],[40.53215,-2.53212],[40.54775,-2.53391],[40.56973,-2.54805],[40.6063,-2.55755],[40.61995,-2.55035],[40.6438,-2.5328],[40.65999,-2.51191],[40.67975,-2.49098],[40.7047,-2.47194],[40.73062,-2.45602],[40.7059,-2.4604],[40.66366,-2.46789],[40.44067,-2.39752],[40.24951,-2.39807],[40.24951,-2.24878],[40.20794,-2.03289],[40.20455,-2.01527],[40.19685,-2.0008],[40.19688,-1.98053],[40.18599,-1.95979],[40.18941,-1.93628],[40.18653,-1.89417],[40.18752,-1.86291],[40.17807,-1.84602],[40.16726,-1.83395],[40.16302,-1.82338],[40.16262,-1.80413],[40.15771,-1.76375],[40.16915,-1.7355],[40.17075,-1.72387],[40.16003,-1.70366],[40.15771,-1.6813],[40.15991,-1.64457],[40.154,-1.60781],[40.14325,-1.58639],[40.1261,-1.57015],[40.11489,-1.5529],[40.10662,-1.52173],[40.10514,-1.50794],[40.09047,-1.48405],[40.08728,-1.47434],[40.0709,-1.47088],[40.03878,-1.49077],[40.03144,-1.4823],[40.03818,-1.48025],[40.03201,-1.46269],[40.03429,-1.43264],[40.02451,-1.42209],[40.02198,-1.401],[40.01253,-1.38164],[40.00937,-1.36032],[40.00227,-1.36136],[40.00096,-1.34808],[40.01175,-1.32935],[40.00431,-1.32464],[39.99739,-1.29846],[40.00429,-1.29358],[39.99934,-1.28441],[40.00573,-1.28033],[40.00472,-1.26987],[40.01184,-1.26469],[40.00133,-1.25466],[40.00744,-1.24522],[39.99564,-1.2268],[40.00042,-1.2152],[39.99106,-1.21275],[39.98925,-1.20247],[39.97985,-1.20238],[39.98103,-1.19316],[39.97266,-1.18633],[39.96287,-1.1676],[39.96232,-1.15679],[39.9558,-1.14454],[39.94491,-1.13877],[39.94376,-1.13112],[39.93239,-1.12909],[39.92594,-1.07772],[39.92085,-1.07868],[39.91356,-1.06477],[39.91718,-1.05835],[39.90834,-1.05129],[39.91269,-1.04245],[39.89904,-1.02813],[39.89846,-1.00679],[39.88948,-1.00573],[39.88573,-0.99513],[39.89163,-0.98961],[39.88484,-0.97732],[39.89293,-0.97571],[39.88033,-0.96934],[39.87836,-0.95156],[39.8696,-0.95879],[39.86875,-0.94704],[39.87846,-0.93669],[39.87259,-0.92773],[39.86402,-0.92778],[39.86451,-0.91593],[39.85157,-0.89691],[39.85048,-0.88884],[39.8596,-0.88133],[39.85125,-0.87113],[39.85874,-0.84846],[39.84909,-0.84273],[39.84471,-0.85351],[39.83681,-0.83819],[39.84737,-0.83901],[39.84543,-0.81958],[39.83582,-0.81101],[39.83817,-0.80215],[39.82585,-0.7998],[39.8346,-0.79596],[39.82508,-0.7926],[39.82725,-0.78078],[39.81236,-0.77672],[39.80893,-0.76154],[39.81728,-0.75543],[39.81547,-0.74703],[39.8212,-0.73898],[39.80798,-0.73582],[39.81141,-0.72827],[39.81245,-0.70582],[39.80505,-0.70465],[39.79556,-0.68123],[39.79985,-0.67103],[39.79045,-0.67187],[39.78901,-0.66043],[39.7795,-0.66177],[39.7817,-0.65206],[39.76963,-0.63394],[39.7766,-0.61313],[39.76512,-0.61082],[39.75599,-0.60103],[39.74944,-0.60505],[39.73978,-0.59595],[39.73978,-0.58844],[39.73087,-0.59359],[39.69693,-0.59155],[39.6927,-0.57851],[39.68561,-0.57443],[39.68641,-0.55164],[39.67369,-0.55593],[39.67364,-0.54893],[39.66327,-0.54893],[39.6614,-0.53781],[39.66864,-0.53158],[39.64749,-0.51653],[39.64024,-0.5071],[39.64003,-0.49545],[39.63063,-0.4899],[39.62886,-0.47087],[39.6353,-0.45728],[39.61947,-0.44588],[39.6193,-0.43831],[39.61093,-0.43981],[39.6142,-0.40977],[39.60218,-0.40956],[39.60497,-0.40341],[39.5981,-0.39434],[39.59685,-0.35873],[39.58752,-0.34141],[39.56173,-0.32874],[39.55606,-0.31123],[39.54271,-0.29021],[39.5353,-0.29443],[39.52582,-0.28676],[39.52066,-0.29624],[39.5126,-0.29817],[39.51712,-0.28563],[39.51003,-0.27732],[39.4979,-0.24833],[39.47708,-0.24147],[39.46979,-0.23302],[39.46734,-0.22113],[39.45322,-0.21068],[39.4449,-0.20984],[39.4273,-0.18976],[39.3841,-0.19052],[39.36242,-0.1627],[39.35684,-0.16808],[39.35263,-0.15975],[39.33914,-0.1671],[39.33397,-0.15696],[39.32469,-0.15785],[39.32784,-0.14549],[39.3133,-0.13298],[39.305,-0.13966],[39.29551,-0.13613],[39.28215,-0.14126],[39.27526,-0.13718],[39.25732,-0.14654],[39.25467,-0.13874],[39.24645,-0.14174],[39.22756,-0.13837],[39.22645,-0.12999],[39.21392,-0.13221],[39.20263,-0.14275],[39.18342,-0.13529],[39.17064,-0.1368],[39.16337,-0.12656],[39.13477,-0.13015],[39.1335,-0.11946],[39.12055,-0.12062],[39.12008,-0.11012],[39.10167,-0.09815],[39.0979,-0.08805],[39.07408,-0.06484],[39.06755,-0.04882],[39.06092,-0.04672],[39.0493,-0.05261],[39.03264,-0.05221],[39.02564,-0.04409],[39.01646,-0.04444],[39.00744,-0.05537],[38.99529,-0.05025],[38.99137,-0.05661],[38.96999,-0.06123],[38.96898,-0.07768],[38.94308,-0.09684],[38.93105,-0.09812],[38.92007,-0.08582],[38.89952,-0.09553],[38.88179,-0.09623],[38.86045,-0.09171],[38.83481,-0.09359],[38.81057,-0.0842],[38.78651,-0.07871],[38.76868,-0.06875],[38.75978,-0.07208],[38.74008,-0.06936],[38.72924,-0.06282],[38.7146,-0.06004],[38.69798,-0.04875],[38.69053,-0.03968],[38.68621,-0.05158],[38.67883,-0.0532],[38.65793,-0.04507],[38.64949,-0.0519],[38.6397,-0.05214],[38.61276,-0.02875],[38.60275,-0.03302],[38.58932,-0.02465],[38.56938,-0.01719],[38.54982,-0.01778],[38.54134,-0.04217],[38.53095,-0.04205],[38.5318,-0.0539],[38.52074,-0.06239],[38.51181,-0.05878],[38.50174,-0.06183],[38.48999,-0.05877],[38.4822,-0.07474],[38.464,-0.08319],[38.45335,-0.0838],[38.43822,-0.07024],[38.43415,-0.07482]]]},"properties":{"shapeName":"Tana River","shapeISO":"KE-40","shapeID":"32016919B56782604912852","shapeGroup":"KEN","shapeType":"ADM1","name":"Tana River","code":"KE-40"}},{"type":"Feature","geometry":{"type":"Polygon","coordinates":[[[38.4207,-0.06928],[38.40347,-0.07494],[38.39281,-0.07236],[38.38149,-0.08551],[38.34649,-0.06113],[38.32956,-0.06546],[38.31974,-0.05521],[38.30913,-0.05148],[38.30086,-0.0672],[38.29023,-0.07562],[38.28762,-0.08431],[38.27987,-0.08243],[38.27143,-0.09299],[38.25029,-0.08407],[38.22124,-0.10254],[38.20741,-0.12673],[38.20641,-0.14304],[38.19733,-0.14311],[38.18579,-0.15228],[38.18187,-0.18935],[38.16275,-0.22331],[38.15931,-0.23732],[38.14342,-0.23932],[38.13543,-0.25621],[38.11368,-0.27518],[38.10131,-0.27848],[38.08789,-0.27379],[38.04475,-0.27522],[38.0242,-0.26773],[37.99805,-0.26594],[37.99286,-0.28645],[37.98546,-0.29596],[37.98019,-0.31258],[37.98597,-0.32306],[37.97976,-0.32627],[37.97203,-0.34351],[37.97813,-0.35394],[37.96761,-0.36343],[37.97377,-0.36954],[37.96954,-0.39657],[37.96492,-0.41115],[37.95184,-0.42537],[37.93647,-0.42731],[37.92896,-0.44803],[37.91399,-0.46476],[37.9001,-0.49802],[37.89249,-0.50908],[37.88199,-0.53469],[37.88743,-0.554],[37.88278,-0.58166],[37.90074,-0.59578],[37.90109,-0.6007],[37.92192,-0.62319],[37.90697,-0.6378],[37.89304,-0.64475],[37.89634,-0.66882],[37.8948,-0.68032],[37.9039,-0.68497],[37.90031,-0.70918],[37.91161,-0.7072],[37.91541,-0.72843],[37.90303,-0.75719],[37.89082,-0.76665],[37.89277,-0.77763],[37.88397,-0.7812],[37.87993,-0.79315],[37.88326,-0.80249],[37.87122,-0.80959],[37.84551,-0.80983],[37.84925,-0.83078],[37.84145,-0.83433],[37.82068,-0.8813],[37.82504,-0.89016],[37.8186,-0.89693],[37.82986,-0.90071],[37.83856,-0.91897],[37.85218,-0.93599],[37.84674,-0.946],[37.85412,-0.95822],[37.84523,-0.96375],[37.858,-0.96456],[37.86684,-0.97203],[37.86566,-0.98137],[37.85422,-0.9853],[37.84655,-0.99369],[37.84953,-1.00469],[37.84674,-1.04066],[37.82986,-1.06828],[37.81936,-1.07022],[37.81737,-1.08029],[37.80683,-1.09282],[37.79652,-1.12707],[37.73815,-1.07755],[37.59398,-1.08594],[37.5969,-1.14715],[37.6177,-1.14296],[37.63362,-1.16181],[37.64949,-1.19814],[37.65451,-1.20055],[37.66472,-1.21994],[37.67576,-1.23251],[37.68423,-1.23451],[37.69227,-1.25062],[37.69665,-1.26898],[37.70193,-1.27248],[37.70794,-1.28833],[37.72317,-1.31585],[37.72337,-1.32211],[37.73736,-1.34178],[37.74451,-1.35629],[37.75939,-1.35444],[37.77482,-1.36092],[37.78802,-1.37576],[37.79769,-1.39582],[37.80355,-1.39453],[37.81178,-1.42669],[37.81262,-1.43879],[37.81915,-1.44732],[37.8101,-1.44727],[37.78014,-1.47065],[37.77324,-1.48596],[37.75082,-1.48983],[37.7349,-1.49621],[37.71292,-1.48909],[37.70193,-1.49034],[37.69458,-1.49856],[37.70201,-1.50875],[37.71314,-1.50989],[37.73261,-1.54231],[37.74832,-1.55389],[37.75332,-1.56638],[37.76028,-1.57701],[37.7718,-1.58357],[37.78312,-1.61019],[37.79127,-1.62002],[37.8148,-1.66376],[37.82193,-1.67034],[37.81989,-1.68065],[37.83058,-1.68192],[37.83682,-1.69067],[37.83434,-1.70969],[37.84439,-1.71338],[37.85495,-1.75435],[37.84903,-1.76914],[37.84032,-1.76787],[37.83771,-1.7792],[37.84642,-1.79704],[37.89147,-1.84196],[37.88351,-1.85239],[37.88695,-1.85952],[37.90005,-1.86324],[37.89777,-1.86935],[37.90585,-1.89279],[37.9068,-1.90418],[37.91488,-1.90189],[37.90769,-1.93322],[37.91367,-1.94197],[37.91246,-1.95431],[37.92684,-1.9956],[37.93505,-2.00054],[37.94128,-2.02159],[37.93641,-2.03181],[37.94837,-2.03492],[37.95192,-2.05648],[37.95837,-2.07099],[37.95699,-2.10119],[37.95201,-2.1309],[37.96082,-2.14145],[37.9628,-2.16533],[38.01946,-2.14605],[38.02628,-2.1609],[38.04757,-2.1676],[38.0462,-2.17883],[38.05252,-2.18512],[38.05759,-2.20501],[38.06808,-2.2126],[38.06178,-2.22043],[38.06713,-2.22391],[38.06981,-2.24789],[38.07372,-2.25943],[38.08126,-2.25904],[38.08597,-2.27013],[38.09655,-2.27041],[38.09959,-2.27881],[38.1105,-2.28458],[38.10759,-2.29857],[38.11401,-2.30116],[38.11606,-2.31195],[38.12326,-2.31772],[38.14598,-2.32082],[38.15182,-2.32753],[38.17317,-2.33816],[38.18451,-2.33783],[38.1975,-2.35264],[38.21081,-2.35416],[38.2222,-2.39878],[38.2318,-2.40069],[38.23607,-2.40873],[38.24492,-2.40867],[38.25192,-2.41991],[38.27346,-2.42317],[38.28223,-2.45274],[38.28711,-2.48208],[38.29528,-2.48647],[38.30139,-2.4987],[38.31156,-2.50252],[38.32061,-2.52902],[38.32191,-2.54843],[38.33743,-2.55562],[38.33139,-2.56138],[38.33776,-2.58456],[38.3466,-2.58832],[38.36138,-2.62881],[38.36625,-2.64845],[38.38176,-2.6624],[38.3885,-2.69088],[38.39597,-2.70619],[38.41309,-2.75014],[38.4198,-2.75861],[38.43144,-2.78723],[38.42201,-2.79622],[38.41886,-2.81483],[38.42632,-2.81902],[38.43103,-2.83964],[38.42738,-2.84993],[38.43904,-2.85585],[38.43778,-2.8637],[38.44545,-2.8693],[38.44344,-2.87977],[38.45444,-2.88402],[38.45175,-2.89401],[38.46074,-2.90215],[38.47267,-2.92347],[38.47569,-2.93645],[38.48771,-2.93648],[38.49325,-2.94966],[38.50471,-2.96494],[38.51908,-2.97483],[38.53897,-2.97374],[38.5443,-2.9794],[38.56297,-2.98642],[38.58368,-2.98704],[38.59422,-2.99855],[38.61023,-2.99647],[38.60817,-3.00576],[38.62973,-3.01224],[38.64285,-3.01215],[38.66151,-3.02885],[38.66542,-3.03953],[38.68197,-3.03549],[38.6969,-3.03692],[38.70743,-3.032],[38.73579,-3.04322],[38.75529,-3.0461],[38.77452,-3.04402],[38.80934,-3.05309],[38.7979,-3.06096],[38.8056,-3.06855],[38.83491,-3.06006],[38.84182,-3.05332],[38.84735,-3.06095],[38.86346,-3.05753],[38.89356,-3.03852],[38.91476,-3.04476],[38.93149,-3.04042],[38.9367,-3.03459],[38.9535,-3.03952],[38.98061,-3.0393],[38.99139,-3.02628],[39.01493,-3.02459],[39.02449,-3.0205],[39.03434,-3.02424],[39.04327,-3.02098],[39.04425,-3.03077],[39.06025,-3.04056],[39.07511,-3.04114],[38.62653,-2.41048],[38.6462,-2.41786],[38.68478,-2.4132],[38.71384,-2.39548],[38.71664,-2.38827],[38.7323,-2.37769],[38.73708,-2.36578],[38.77038,-2.35217],[38.78199,-2.35344],[38.78775,-2.34087],[38.79523,-2.33967],[39.01513,-1.91405],[38.95846,-1.70279],[38.97696,-1.69356],[38.98382,-1.69412],[38.9997,-1.67692],[38.95341,-1.03176],[38.82981,-0.76018],[38.43415,-0.07482],[38.4207,-0.06928]]]},"properties":{"shapeName":"Kitui","shapeISO":"KE-18","shapeID":"32016919B87039477224343","shapeGroup":"KEN","shapeType":"ADM1","name":"Kitui","code":"KE-18"}},{"type":"Feature","geometry":{"type":"Polygon","coordinates":[[[37.16912,-0.63562],[37.16946,-0.6493],[37.1768,-0.65383],[37.17917,-0.66719],[37.19943,-0.6635],[37.21236,-0.68858],[37.22588,-0.67289],[37.23709,-0.66749],[37.23609,-0.67677],[37.24438,-0.69857],[37.24417,-0.70779],[37.25429,-0.72033],[37.25697,-0.73478],[37.26494,-0.74417],[37.25541,-0.75486],[37.26155,-0.78039],[37.26729,-0.78533],[37.26621,-0.77802],[37.27525,-0.75558],[37.29666,-0.75441],[37.30553,-0.74901],[37.31725,-0.74943],[37.32273,-0.76102],[37.34426,-0.7693],[37.35892,-0.76886],[37.38182,-0.7557],[37.4013,-0.74886],[37.41918,-0.74819],[37.43891,-0.73361],[37.46193,-0.73625],[37.47325,-0.72612],[37.49589,-0.73181],[37.48706,-0.71816],[37.47845,-0.71463],[37.47906,-0.69399],[37.47389,-0.68597],[37.47747,-0.66868],[37.47211,-0.65032],[37.47791,-0.64058],[37.47894,-0.62753],[37.48728,-0.61531],[37.47591,-0.60017],[37.48318,-0.58235],[37.47709,-0.57684],[37.47252,-0.55985],[37.44948,-0.54862],[37.44382,-0.52854],[37.43221,-0.52058],[37.42459,-0.50381],[37.42807,-0.49525],[37.42221,-0.48245],[37.42627,-0.46822],[37.42606,-0.45015],[37.4209,-0.44372],[37.42463,-0.43374],[37.42342,-0.40845],[37.41476,-0.3949],[37.30779,-0.15107],[37.20532,-0.41636],[37.19365,-0.44311],[37.17483,-0.44252],[37.17679,-0.48293],[37.16075,-0.49423],[37.16798,-0.50707],[37.14642,-0.53425],[37.14956,-0.55423],[37.14413,-0.5703],[37.15922,-0.59182],[37.16788,-0.5915],[37.17662,-0.59994],[37.17814,-0.6151],[37.16912,-0.63562]]]},"properties":{"shapeName":"Kirinyaga","shapeISO":"KE-15","shapeID":"32016919B58720683486854","shapeGroup":"KEN","shapeType":"ADM1","name":"Kirinyaga","code":"KE-15"}},{"type":"Feature","geometry":{"type":"Polygon","coordinates":[[[37.30779,-0.15107],[37.41476,-0.3949],[37.42342,-0.40845],[37.42463,-0.43374],[37.4209,-0.44372],[37.42606,-0.45015],[37.42627,-0.46822],[37.42221,-0.48245],[37.42807,-0.49525],[37.42459,-0.50381],[37.43221,-0.52058],[37.44382,-0.52854],[37.44948,-0.54862],[37.47252,-0.55985],[37.47709,-0.57684],[37.48318,-0.58235],[37.47591,-0.60017],[37.48728,-0.61531],[37.47894,-0.62753],[37.47791,-0.64058],[37.47211,-0.65032],[37.47747,-0.66868],[37.47389,-0.68597],[37.47906,-0.69399],[37.47845,-0.71463],[37.48706,-0.71816],[37.49589,-0.73181],[37.47325,-0.72612],[37.46193,-0.73625],[37.43891,-0.73361],[37.41918,-0.74819],[37.4013,-0.74886],[37.38182,-0.7557],[37.35892,-0.76886],[37.34426,-0.7693],[37.32273,-0.76102],[37.31725,-0.74943],[37.30553,-0.74901],[37.29666,-0.75441],[37.27525,-0.75558],[37.26621,-0.77802],[37.26729,-0.78533],[37.28572,-0.78289],[37.3057,-0.80236],[37.30547,-0.81287],[37.32292,-0.84007],[37.33665,-0.84645],[37.34191,-0.84219],[37.36184,-0.84421],[37.39788,-0.85606],[37.4121,-0.85026],[37.41064,-0.85858],[37.42607,-0.866],[37.44052,-0.8624],[37.44668,-0.8702],[37.47367,-0.87586],[37.47137,-0.88618],[37.48443,-0.89932],[37.49712,-0.90462],[37.50429,-0.89726],[37.51632,-0.90004],[37.52117,-0.91459],[37.53435,-0.91022],[37.53367,-0.89385],[37.54659,-0.88097],[37.55249,-0.8822],[37.56113,-0.87297],[37.56617,-0.87849],[37.58841,-0.87618],[37.58914,-0.86199],[37.60299,-0.86025],[37.60651,-0.85298],[37.62708,-0.85023],[37.63018,-0.83697],[37.64099,-0.84359],[37.64682,-0.84026],[37.6655,-0.84412],[37.67205,-0.8273],[37.68167,-0.82092],[37.68227,-0.79439],[37.69044,-0.79519],[37.69895,-0.78289],[37.72471,-0.77904],[37.73291,-0.77339],[37.74162,-0.77609],[37.75813,-0.82188],[37.77078,-0.81872],[37.78032,-0.82365],[37.79573,-0.81588],[37.80549,-0.79985],[37.80683,-0.81185],[37.82034,-0.80339],[37.83404,-0.81218],[37.84551,-0.80983],[37.87122,-0.80959],[37.88326,-0.80249],[37.87993,-0.79315],[37.88397,-0.7812],[37.89277,-0.77763],[37.89082,-0.76665],[37.90303,-0.75719],[37.91541,-0.72843],[37.91161,-0.7072],[37.90031,-0.70918],[37.9039,-0.68497],[37.8948,-0.68032],[37.89634,-0.66882],[37.89304,-0.64475],[37.90697,-0.6378],[37.92192,-0.62319],[37.90109,-0.6007],[37.90074,-0.59578],[37.88278,-0.58166],[37.88743,-0.554],[37.88199,-0.53469],[37.89249,-0.50908],[37.9001,-0.49802],[37.91399,-0.46476],[37.92896,-0.44803],[37.93647,-0.42731],[37.92679,-0.42736],[37.922,-0.41508],[37.90831,-0.41329],[37.90042,-0.40407],[37.90115,-0.39652],[37.88981,-0.39152],[37.89676,-0.3699],[37.88991,-0.36546],[37.89495,-0.35234],[37.88662,-0.34214],[37.8736,-0.34903],[37.87065,-0.36519],[37.86515,-0.36955],[37.86627,-0.38181],[37.85213,-0.38896],[37.84568,-0.40313],[37.83202,-0.40419],[37.81656,-0.4209],[37.81569,-0.42613],[37.78472,-0.44637],[37.7592,-0.44872],[37.74802,-0.44487],[37.73241,-0.45016],[37.72032,-0.44985],[37.7129,-0.44257],[37.694,-0.43758],[37.6821,-0.42595],[37.662,-0.42116],[37.64441,-0.40698],[37.63038,-0.38858],[37.60177,-0.3831],[37.58475,-0.36874],[37.57006,-0.36252],[37.56303,-0.36527],[37.55381,-0.35989],[37.30779,-0.15107]]]},"properties":{"shapeName":"Embu","shapeISO":"KE-06","shapeID":"32016919B43560273720920","shapeGroup":"KEN","shapeType":"ADM1","name":"Embu","code":"KE-06"}},{"type":"Feature","geometry":{"type":"Polygon","coordinates":[[[33.94766,-0.33718],[33.9281,-0.45482],[33.91998,-0.5618],[33.92824,-0.80242],[34.08098,-0.80242],[34.09692,-0.7823],[34.11279,-0.778],[34.12299,-0.78296],[34.13571,-0.77253],[34.13901,-0.77837],[34.15586,-0.76602],[34.16422,-0.77229],[34.17668,-0.76829],[34.17857,-0.76002],[34.19123,-0.76514],[34.20202,-0.75044],[34.21238,-0.7676],[34.23214,-0.78169],[34.25041,-0.81057],[34.26408,-0.81409],[34.27773,-0.82596],[34.28402,-0.82627],[34.31927,-0.86509],[34.33534,-0.86128],[34.33669,-0.85491],[34.36909,-0.85109],[34.37151,-0.84517],[34.3818,-0.8461],[34.39246,-0.82681],[34.39083,-0.81465],[34.43258,-0.83741],[34.46372,-0.8617],[34.47633,-0.83059],[34.49669,-0.81041],[34.48531,-0.78449],[34.49253,-0.78253],[34.50653,-0.76999],[34.50227,-0.76493],[34.51645,-0.75964],[34.52493,-0.76097],[34.53633,-0.74159],[34.53971,-0.72591],[34.53968,-0.70608],[34.55663,-0.66979],[34.58394,-0.66001],[34.58759,-0.6534],[34.60457,-0.65174],[34.62622,-0.65766],[34.63766,-0.66513],[34.6445,-0.63355],[34.66223,-0.60426],[34.68586,-0.60024],[34.70434,-0.57447],[34.75148,-0.55763],[34.76719,-0.54405],[34.80213,-0.52683],[34.84914,-0.51086],[34.86206,-0.50133],[34.88044,-0.48899],[34.90319,-0.48384],[34.93877,-0.46549],[34.96881,-0.44173],[35.00086,-0.42778],[35.01961,-0.4124],[35.0214,-0.40518],[35.01233,-0.39142],[35.00316,-0.40451],[34.98947,-0.40775],[34.98687,-0.41309],[34.97446,-0.40944],[34.94937,-0.41571],[34.92971,-0.41186],[34.92947,-0.40328],[34.91408,-0.40311],[34.91502,-0.38508],[34.89396,-0.39376],[34.88774,-0.40144],[34.85767,-0.39193],[34.8391,-0.39227],[34.82404,-0.38778],[34.82045,-0.36982],[34.81063,-0.35595],[34.79811,-0.35409],[34.78546,-0.34127],[34.7872,-0.3245],[34.76955,-0.31234],[34.76009,-0.31356],[34.75464,-0.28946],[34.70638,-0.25805],[34.53242,-0.27171],[34.48342,-0.29927],[34.42244,-0.33362],[34.32401,-0.4177],[34.30756,-0.42535],[34.29395,-0.42346],[34.28217,-0.4131],[34.23979,-0.33748],[33.94766,-0.33718]]]},"properties":{"shapeName":"Homa Bay","shapeISO":"KE-08","shapeID":"32016919B3301153840115","shapeGroup":"KEN","shapeType":"ADM1","name":"Homa Bay","code":"KE-08"}},{"type":"Feature","geometry":{"type":"Polygon","coordinates":[[[35.45109,-0.3654],[35.43453,-0.37813],[35.40905,-0.40521],[35.40002,-0.39991],[35.39058,-0.40384],[35.38031,-0.4006],[35.34763,-0.40775],[35.33141,-0.40456],[35.32053,-0.41717],[35.30646,-0.42445],[35.28987,-0.42421],[35.27533,-0.4179],[35.25918,-0.42441],[35.24952,-0.42075],[35.23198,-0.42235],[35.21799,-0.45551],[35.20858,-0.46607],[35.22011,-0.4708],[35.21811,-0.47945],[35.18157,-0.48429],[35.17279,-0.46939],[35.15771,-0.46406],[35.14974,-0.46619],[35.14139,-0.45649],[35.13236,-0.46126],[35.1189,-0.45934],[35.08789,-0.47533],[35.08371,-0.47269],[35.07315,-0.48992],[35.05832,-0.49138],[35.05135,-0.49959],[35.05602,-0.50747],[35.04771,-0.52209],[35.05076,-0.58228],[35.06157,-0.60258],[35.05659,-0.61896],[35.06234,-0.63368],[35.05478,-0.64518],[35.05717,-0.66508],[35.06275,-0.67125],[35.07153,-0.69221],[35.05648,-0.6975],[35.04757,-0.70625],[35.09114,-0.8005],[35.04431,-0.85258],[35.03161,-0.84456],[35.02121,-0.84681],[35.02554,-0.87342],[35.02039,-0.86909],[35.01184,-0.88054],[35.01296,-0.88946],[35.08222,-0.9055],[35.24015,-1.03319],[35.25955,-1.02717],[35.26283,-1.01954],[35.27231,-1.02143],[35.29738,-1.00546],[35.31118,-0.99932],[35.31382,-0.99113],[35.32615,-0.98653],[35.33174,-0.97625],[35.34415,-0.97183],[35.34867,-0.97878],[35.35197,-0.96634],[35.36472,-0.97617],[35.37645,-0.96082],[35.39658,-0.95812],[35.40172,-0.94931],[35.41611,-0.94595],[35.42417,-0.93353],[35.42202,-0.91946],[35.42664,-0.91763],[35.42294,-0.90553],[35.42956,-0.89569],[35.43862,-0.89577],[35.43732,-0.88885],[35.44811,-0.88239],[35.45421,-0.88507],[35.46027,-0.87407],[35.45967,-0.86461],[35.46688,-0.86414],[35.47806,-0.85143],[35.4774,-0.84063],[35.49701,-0.82462],[35.50711,-0.82408],[35.51997,-0.80942],[35.52985,-0.80488],[35.42565,-0.72124],[35.39608,-0.64488],[35.58665,-0.58811],[35.45109,-0.3654]]]},"properties":{"shapeName":"Bomet","shapeISO":"KE-02","shapeID":"32016919B53683499362611","shapeGroup":"KEN","shapeType":"ADM1","name":"Bomet","code":"KE-02"}},{"type":"Feature","geometry":{"type":"Polygon","coordinates":[[[35.01961,-0.4124],[35.00086,-0.42778],[34.96881,-0.44173],[34.93877,-0.46549],[34.90319,-0.48384],[34.88044,-0.48899],[34.86206,-0.50133],[34.88283,-0.52387],[34.88381,-0.54075],[34.87234,-0.57443],[34.88127,-0.58539],[34.8783,-0.59042],[34.88993,-0.60072],[34.88666,-0.61518],[34.88021,-0.62006],[34.87423,-0.61159],[34.87054,-0.61997],[34.86212,-0.61274],[34.85114,-0.5959],[34.83493,-0.60391],[34.83171,-0.61555],[34.8203,-0.62436],[34.80968,-0.65174],[34.81229,-0.66965],[34.79881,-0.66546],[34.78952,-0.67619],[34.79447,-0.68859],[34.80761,-0.68568],[34.82061,-0.69165],[34.82459,-0.70508],[34.83628,-0.70837],[34.85332,-0.72518],[34.87548,-0.73633],[34.88736,-0.74692],[34.8959,-0.74576],[34.90662,-0.76023],[34.91721,-0.75922],[34.94389,-0.77312],[35.01296,-0.88946],[35.01184,-0.88054],[35.02039,-0.86909],[35.02554,-0.87342],[35.02121,-0.84681],[35.03161,-0.84456],[35.04431,-0.85258],[35.09114,-0.8005],[35.04757,-0.70625],[35.05648,-0.6975],[35.07153,-0.69221],[35.06275,-0.67125],[35.05717,-0.66508],[35.05478,-0.64518],[35.06234,-0.63368],[35.05659,-0.61896],[35.06157,-0.60258],[35.05076,-0.58228],[35.04771,-0.52209],[35.05602,-0.50747],[35.05135,-0.49959],[35.03283,-0.49717],[35.03353,-0.48463],[35.04025,-0.47932],[35.04485,-0.44682],[35.03213,-0.41948],[35.01961,-0.4124]]]},"properties":{"shapeName":"Nyamira","shapeISO":"KE-34","shapeID":"32016919B45734544235065","shapeGroup":"KEN","shapeType":"ADM1","name":"Nyamira","code":"KE-34"}},{"type":"Feature","geometry":{"type":"Polygon","coordinates":[[[35.58665,-0.58811],[35.39608,-0.64488],[35.42565,-0.72124],[35.52985,-0.80488],[35.51997,-0.80942],[35.50711,-0.82408],[35.49701,-0.82462],[35.4774,-0.84063],[35.47806,-0.85143],[35.46688,-0.86414],[35.45967,-0.86461],[35.46027,-0.87407],[35.45421,-0.88507],[35.44811,-0.88239],[35.43732,-0.88885],[35.43862,-0.89577],[35.42956,-0.89569],[35.42294,-0.90553],[35.42664,-0.91763],[35.42202,-0.91946],[35.42417,-0.93353],[35.41611,-0.94595],[35.40172,-0.94931],[35.39658,-0.95812],[35.37645,-0.96082],[35.36472,-0.97617],[35.35197,-0.96634],[35.34867,-0.97878],[35.34415,-0.97183],[35.33174,-0.97625],[35.32615,-0.98653],[35.31382,-0.99113],[35.31118,-0.99932],[35.29738,-1.00546],[35.27231,-1.02143],[35.26283,-1.01954],[35.25955,-1.02717],[35.24015,-1.03319],[35.08222,-0.9055],[35.01296,-0.88946],[34.67593,-0.97319],[34.65054,-0.96527],[34.64196,-0.96826],[34.59033,-1.01769],[34.59473,-1.04546],[34.59913,-1.05464],[34.61694,-1.07252],[34.61396,-1.08569],[34.62109,-1.10961],[34.62844,-1.11924],[34.63467,-1.14868],[34.63219,-1.15935],[34.65428,-1.17407],[34.65319,-1.18425],[34.67123,-1.19644],[34.6732,-1.20802],[34.68863,-1.21055],[34.73057,-1.38903],[35.01662,-1.5502],[36.00021,-2.10441],[36.00021,-2.08307],[36.02817,-2.08295],[36.02817,-2.0397],[36.03035,-2.02209],[36.03764,-2.0067],[36.03555,-2.00247],[36.04161,-1.96023],[36.0379,-1.94928],[36.04313,-1.93873],[36.03399,-1.9166],[36.04302,-1.91123],[36.02692,-1.89033],[36.03745,-1.89048],[36.03799,-1.87718],[36.0447,-1.87766],[36.05025,-1.85744],[36.04904,-1.84223],[36.03763,-1.82087],[36.02936,-1.82529],[36.02934,-1.80977],[36.01638,-1.80404],[36.02666,-1.79608],[36.03166,-1.78035],[36.0216,-1.77607],[36.03191,-1.76792],[36.03572,-1.74382],[36.04704,-1.73497],[36.04761,-1.71953],[36.03871,-1.71347],[36.0476,-1.7056],[36.05636,-1.71157],[36.06462,-1.69883],[36.05531,-1.68014],[36.05845,-1.67316],[36.05175,-1.66565],[36.04728,-1.64948],[36.06334,-1.61686],[36.0625,-1.61076],[36.07949,-1.58683],[36.08525,-1.57424],[36.08364,-1.56065],[36.07344,-1.54235],[36.05203,-1.49089],[36.34618,-1.17568],[36.33392,-1.04937],[36.26252,-0.91319],[36.2035,-0.93348],[36.19319,-0.91563],[36.1846,-0.91549],[36.18894,-0.90829],[36.16877,-0.87231],[36.15706,-0.83699],[36.18711,-0.80468],[36.18985,-0.7853],[36.18179,-0.77891],[36.19174,-0.76608],[36.16062,-0.74481],[36.15136,-0.7198],[36.153,-0.71452],[36.14186,-0.71212],[36.10026,-0.67594],[36.09748,-0.63959],[36.06204,-0.6569],[36.02862,-0.67887],[36.0111,-0.66348],[35.94588,-0.71431],[35.92883,-0.70556],[35.92941,-0.69656],[35.89128,-0.64963],[35.87611,-0.65049],[35.87558,-0.63709],[35.91482,-0.63519],[35.94932,-0.66567],[35.98143,-0.63034],[35.94349,-0.5552],[35.93161,-0.55113],[35.90305,-0.54739],[35.88815,-0.52691],[35.83033,-0.49451],[35.83807,-0.47257],[35.83515,-0.46658],[35.81371,-0.47658],[35.81073,-0.45753],[35.79924,-0.456],[35.79462,-0.47151],[35.77446,-0.52115],[35.77118,-0.53685],[35.7375,-0.53103],[35.71621,-0.55315],[35.70872,-0.55392],[35.70942,-0.57776],[35.70235,-0.59059],[35.69088,-0.60013],[35.68311,-0.62426],[35.68416,-0.64016],[35.6756,-0.65932],[35.6679,-0.66371],[35.66322,-0.68079],[35.65216,-0.68603],[35.64507,-0.70259],[35.62672,-0.68418],[35.61077,-0.67388],[35.6008,-0.67155],[35.58665,-0.58811]]]},"properties":{"shapeName":"Narok","shapeISO":"KE-33","shapeID":"32016919B83281423333591","shapeGroup":"KEN","shapeType":"ADM1","name":"Narok","code":"KE-33"}},{"type":"Feature","geometry":{"type":"Polygon","coordinates":[[[34.63766,-0.66513],[34.63659,-0.67013],[34.644,-0.7052],[34.63131,-0.72983],[34.6286,-0.7531],[34.61848,-0.90078],[34.63272,-0.96554],[34.64196,-0.96826],[34.65054,-0.96527],[34.67593,-0.97319],[35.01296,-0.88946],[34.94389,-0.77312],[34.91721,-0.75922],[34.90662,-0.76023],[34.8959,-0.74576],[34.88736,-0.74692],[34.87548,-0.73633],[34.85332,-0.72518],[34.83628,-0.70837],[34.82459,-0.70508],[34.82061,-0.69165],[34.80761,-0.68568],[34.79447,-0.68859],[34.78952,-0.67619],[34.79881,-0.66546],[34.81229,-0.66965],[34.80968,-0.65174],[34.8203,-0.62436],[34.83171,-0.61555],[34.83493,-0.60391],[34.85114,-0.5959],[34.86212,-0.61274],[34.87054,-0.61997],[34.87423,-0.61159],[34.88021,-0.62006],[34.88666,-0.61518],[34.88993,-0.60072],[34.8783,-0.59042],[34.88127,-0.58539],[34.87234,-0.57443],[34.88381,-0.54075],[34.88283,-0.52387],[34.86206,-0.50133],[34.84914,-0.51086],[34.80213,-0.52683],[34.76719,-0.54405],[34.75148,-0.55763],[34.70434,-0.57447],[34.68586,-0.60024],[34.66223,-0.60426],[34.6445,-0.63355],[34.63766,-0.66513]]]},"properties":{"shapeName":"Kisii","shapeISO":"KE-16","shapeID":"32016919B92888924192138","shapeGroup":"KEN","shapeType":"ADM1","name":"Kisii","code":"KE-16"}},{"type":"Feature","geometry":{"type":"Polygon","coordinates":[[[36.72004,-0.80637],[36.73853,-0.81815],[36.74769,-0.83152],[36.76948,-0.83226],[36.79147,-0.84513],[36.80563,-0.85669],[36.82378,-0.86395],[36.82576,-0.86907],[36.84892,-0.88235],[36.85684,-0.88211],[36.86282,-0.88995],[36.88552,-0.89589],[36.89224,-0.91149],[36.90652,-0.91322],[36.91172,-0.92824],[36.94172,-0.94565],[36.95439,-0.95581],[36.96462,-0.97347],[36.97915,-0.97677],[36.99157,-0.99039],[37.02182,-1.01135],[37.03225,-1.0281],[37.05033,-1.03371],[37.06646,-1.02554],[37.09655,-1.03652],[37.11532,-1.04122],[37.12234,-1.05319],[37.13174,-1.0484],[37.15366,-1.05393],[37.17384,-1.04444],[37.17623,-1.03462],[37.19273,-1.04288],[37.21399,-1.03454],[37.23148,-1.01812],[37.2439,-1.02521],[37.26433,-1.01704],[37.28009,-1.03636],[37.30989,-1.06615],[37.31459,-1.06409],[37.32449,-1.07721],[37.33923,-1.07993],[37.34905,-1.09198],[37.36282,-1.09474],[37.38945,-1.05729],[37.42004,-1.03506],[37.40517,-1.01368],[37.3612,-0.98751],[37.33864,-0.98469],[37.34397,-0.97623],[37.36621,-0.96245],[37.35399,-0.94584],[37.33665,-0.96489],[37.32705,-0.95305],[37.32746,-0.94424],[37.31922,-0.94741],[37.31327,-0.9402],[37.32423,-0.93237],[37.31764,-0.91793],[37.27724,-0.89227],[37.25155,-0.86032],[37.23777,-0.85844],[37.22492,-0.85155],[37.23495,-0.83588],[37.25719,-0.83807],[37.26252,-0.80769],[37.26193,-0.7928],[37.26729,-0.78533],[37.26155,-0.78039],[37.25541,-0.75486],[37.26494,-0.74417],[37.25697,-0.73478],[37.25429,-0.72033],[37.24417,-0.70779],[37.24438,-0.69857],[37.23609,-0.67677],[37.23709,-0.66749],[37.22588,-0.67289],[37.21236,-0.68858],[37.19943,-0.6635],[37.17917,-0.66719],[37.1768,-0.65383],[37.16946,-0.6493],[37.16912,-0.63562],[37.15448,-0.63554],[37.15165,-0.64111],[37.1403,-0.63806],[37.1226,-0.64357],[37.10056,-0.63683],[37.10161,-0.62994],[37.08555,-0.62332],[37.06779,-0.61119],[37.05893,-0.6102],[37.04843,-0.59484],[37.02659,-0.59155],[37.01553,-0.58472],[36.99628,-0.58428],[36.98684,-0.57606],[36.95035,-0.59376],[36.92132,-0.60441],[36.92128,-0.60933],[36.89305,-0.60883],[36.88372,-0.6113],[36.86699,-0.60588],[36.86008,-0.60812],[36.84446,-0.59374],[36.83792,-0.59551],[36.80943,-0.57934],[36.80378,-0.57045],[36.78871,-0.57094],[36.7779,-0.56643],[36.75512,-0.56747],[36.74645,-0.57161],[36.73381,-0.56666],[36.72111,-0.57166],[36.70467,-0.59021],[36.70845,-0.608],[36.70411,-0.62867],[36.70169,-0.64916],[36.70502,-0.66731],[36.70359,-0.69927],[36.71059,-0.71753],[36.71811,-0.76252],[36.73264,-0.77943],[36.71766,-0.78012],[36.72183,-0.7877],[36.72004,-0.80637]]]},"properties":{"shapeName":"Murang'a","shapeISO":"KE-29","shapeID":"32016919B92229445677015","shapeGroup":"KEN","shapeType":"ADM1","name":"Murang'a","code":"KE-29"}},{"type":"Feature","geometry":{"type":"Polygon","coordinates":[[[33.92824,-0.80242],[33.93507,-1.0011],[34.01692,-1.00242],[34.02578,-1.01068],[34.02746,-1.0313],[34.03381,-1.04328],[34.04496,-1.0452],[34.07385,-1.02358],[34.08403,-1.02506],[34.37486,-1.18861],[34.73057,-1.38903],[34.68863,-1.21055],[34.6732,-1.20802],[34.67123,-1.19644],[34.65319,-1.18425],[34.65428,-1.17407],[34.63219,-1.15935],[34.63467,-1.14868],[34.62844,-1.11924],[34.62109,-1.10961],[34.61396,-1.08569],[34.61694,-1.07252],[34.59913,-1.05464],[34.59473,-1.04546],[34.59033,-1.01769],[34.64196,-0.96826],[34.63272,-0.96554],[34.61848,-0.90078],[34.6286,-0.7531],[34.63131,-0.72983],[34.644,-0.7052],[34.63659,-0.67013],[34.63766,-0.66513],[34.62622,-0.65766],[34.60457,-0.65174],[34.58759,-0.6534],[34.58394,-0.66001],[34.55663,-0.66979],[34.53968,-0.70608],[34.53971,-0.72591],[34.53633,-0.74159],[34.52493,-0.76097],[34.51645,-0.75964],[34.50227,-0.76493],[34.50653,-0.76999],[34.49253,-0.78253],[34.48531,-0.78449],[34.49669,-0.81041],[34.47633,-0.83059],[34.46372,-0.8617],[34.43258,-0.83741],[34.39083,-0.81465],[34.39246,-0.82681],[34.3818,-0.8461],[34.37151,-0.84517],[34.36909,-0.85109],[34.33669,-0.85491],[34.33534,-0.86128],[34.31927,-0.86509],[34.28402,-0.82627],[34.27773,-0.82596],[34.26408,-0.81409],[34.25041,-0.81057],[34.23214,-0.78169],[34.21238,-0.7676],[34.20202,-0.75044],[34.19123,-0.76514],[34.17857,-0.76002],[34.17668,-0.76829],[34.16422,-0.77229],[34.15586,-0.76602],[34.13901,-0.77837],[34.13571,-0.77253],[34.12299,-0.78296],[34.11279,-0.778],[34.09692,-0.7823],[34.08098,-0.80242],[33.92824,-0.80242]]]},"properties":{"shapeName":"Migori","shapeISO":"KE-27","shapeID":"32016919B50702580177250","shapeGroup":"KEN","shapeType":"ADM1","name":"Migori","code":"KE-27"}},{"type":"Feature","geometry":{"type":"Polygon","coordinates":[[[36.53373,-1.15591],[36.51061,-1.24019],[36.48823,-1.27179],[36.65764,-1.30479],[36.66389,-1.31521],[36.6719,-1.30806],[36.68428,-1.2852],[36.69019,-1.25891],[36.71754,-1.26146],[36.72508,-1.24349],[36.72618,-1.23238],[36.74454,-1.2355],[36.75317,-1.22087],[36.77381,-1.22982],[36.782,-1.21343],[36.78794,-1.20931],[36.78123,-1.20229],[36.78805,-1.19109],[36.83044,-1.21466],[36.82699,-1.20625],[36.84549,-1.21149],[36.8476,-1.20279],[36.85649,-1.202],[36.85921,-1.18929],[36.87947,-1.19582],[36.8965,-1.1925],[36.88504,-1.1721],[36.89597,-1.16046],[36.91639,-1.16146],[36.93923,-1.17396],[36.90923,-1.20637],[36.92917,-1.22174],[36.95451,-1.2289],[36.96735,-1.2288],[36.98615,-1.2231],[37.00463,-1.23675],[37.01418,-1.22816],[37.0245,-1.22552],[37.04246,-1.2099],[37.06042,-1.20575],[37.07875,-1.23768],[37.08784,-1.23235],[37.09411,-1.24395],[37.08659,-1.24802],[37.10272,-1.26172],[37.11044,-1.25932],[37.1096,-1.24739],[37.11879,-1.24629],[37.12048,-1.23531],[37.13588,-1.23314],[37.14175,-1.22592],[37.1509,-1.22537],[37.15968,-1.20591],[37.15538,-1.19547],[37.16201,-1.19334],[37.17332,-1.17519],[37.18205,-1.16678],[37.17979,-1.15781],[37.18651,-1.13863],[37.18095,-1.13346],[37.17519,-1.11614],[37.18805,-1.10582],[37.18975,-1.09734],[37.21087,-1.08002],[37.23108,-1.07527],[37.24493,-1.07986],[37.26787,-1.0677],[37.28099,-1.06609],[37.29785,-1.07129],[37.31464,-1.09162],[37.3429,-1.11758],[37.36282,-1.09474],[37.34905,-1.09198],[37.33923,-1.07993],[37.32449,-1.07721],[37.31459,-1.06409],[37.30989,-1.06615],[37.28009,-1.03636],[37.26433,-1.01704],[37.2439,-1.02521],[37.23148,-1.01812],[37.21399,-1.03454],[37.19273,-1.04288],[37.17623,-1.03462],[37.17384,-1.04444],[37.15366,-1.05393],[37.13174,-1.0484],[37.12234,-1.05319],[37.11532,-1.04122],[37.09655,-1.03652],[37.06646,-1.02554],[37.05033,-1.03371],[37.03225,-1.0281],[37.02182,-1.01135],[36.99157,-0.99039],[36.97915,-0.97677],[36.96462,-0.97347],[36.95439,-0.95581],[36.94172,-0.94565],[36.91172,-0.92824],[36.90652,-0.91322],[36.89224,-0.91149],[36.88552,-0.89589],[36.86282,-0.88995],[36.85684,-0.88211],[36.84892,-0.88235],[36.82576,-0.86907],[36.82378,-0.86395],[36.80563,-0.85669],[36.79147,-0.84513],[36.76948,-0.83226],[36.74769,-0.83152],[36.73853,-0.81815],[36.72004,-0.80637],[36.70616,-0.78554],[36.68559,-0.76481],[36.67156,-0.75849],[36.65846,-0.76778],[36.65028,-0.76462],[36.60829,-0.80562],[36.61856,-0.8298],[36.58598,-0.82653],[36.58981,-0.84894],[36.59797,-0.86185],[36.58701,-0.88675],[36.56181,-0.90393],[36.56864,-0.91107],[36.55285,-0.92],[36.56834,-0.92155],[36.57801,-0.92928],[36.57249,-0.94226],[36.57994,-0.94806],[36.58492,-0.96187],[36.58492,-0.97927],[36.59403,-0.98341],[36.59541,-0.9917],[36.58425,-1.04438],[36.58827,-1.06338],[36.56695,-1.1015],[36.56385,-1.10011],[36.54166,-1.127],[36.53373,-1.15591]]]},"properties":{"shapeName":"Kiambu","shapeISO":"KE-13","shapeID":"32016919B11020559484650","shapeGroup":"KEN","shapeType":"ADM1","name":"Kiambu","code":"KE-13"}},{"type":"Feature","geometry":{"type":"Polygon","coordinates":[[[37.84551,-0.80983],[37.83404,-0.81218],[37.82034,-0.80339],[37.80683,-0.81185],[37.80549,-0.79985],[37.79573,-0.81588],[37.78032,-0.82365],[37.77078,-0.81872],[37.75813,-0.82188],[37.74162,-0.77609],[37.73291,-0.77339],[37.72471,-0.77904],[37.69895,-0.78289],[37.69044,-0.79519],[37.68227,-0.79439],[37.68167,-0.82092],[37.67205,-0.8273],[37.6655,-0.84412],[37.64682,-0.84026],[37.64099,-0.84359],[37.63018,-0.83697],[37.62708,-0.85023],[37.60651,-0.85298],[37.60299,-0.86025],[37.58914,-0.86199],[37.58841,-0.87618],[37.56617,-0.87849],[37.56113,-0.87297],[37.55249,-0.8822],[37.54659,-0.88097],[37.53367,-0.89385],[37.53435,-0.91022],[37.52117,-0.91459],[37.51632,-0.90004],[37.50429,-0.89726],[37.49712,-0.90462],[37.48443,-0.89932],[37.47137,-0.88618],[37.47367,-0.87586],[37.44668,-0.8702],[37.44052,-0.8624],[37.42607,-0.866],[37.41064,-0.85858],[37.4121,-0.85026],[37.39788,-0.85606],[37.36184,-0.84421],[37.34191,-0.84219],[37.33665,-0.84645],[37.32292,-0.84007],[37.30547,-0.81287],[37.3057,-0.80236],[37.28572,-0.78289],[37.26729,-0.78533],[37.26193,-0.7928],[37.26252,-0.80769],[37.25719,-0.83807],[37.23495,-0.83588],[37.22492,-0.85155],[37.23777,-0.85844],[37.25155,-0.86032],[37.27724,-0.89227],[37.31764,-0.91793],[37.32423,-0.93237],[37.31327,-0.9402],[37.31922,-0.94741],[37.32746,-0.94424],[37.32705,-0.95305],[37.33665,-0.96489],[37.35399,-0.94584],[37.36621,-0.96245],[37.34397,-0.97623],[37.33864,-0.98469],[37.3612,-0.98751],[37.40517,-1.01368],[37.42004,-1.03506],[37.38945,-1.05729],[37.36282,-1.09474],[37.3429,-1.11758],[37.31464,-1.09162],[37.29785,-1.07129],[37.28099,-1.06609],[37.26787,-1.0677],[37.24493,-1.07986],[37.23108,-1.07527],[37.21087,-1.08002],[37.18975,-1.09734],[37.18805,-1.10582],[37.17519,-1.11614],[37.18095,-1.13346],[37.18651,-1.13863],[37.17979,-1.15781],[37.18205,-1.16678],[37.17332,-1.17519],[37.16201,-1.19334],[37.15538,-1.19547],[37.15968,-1.20591],[37.1509,-1.22537],[37.14175,-1.22592],[37.13588,-1.23314],[37.12048,-1.23531],[37.11879,-1.24629],[37.1096,-1.24739],[37.11044,-1.25932],[37.10272,-1.26172],[37.10213,-1.27454],[37.08743,-1.27766],[37.07712,-1.28481],[37.07271,-1.29606],[37.07634,-1.30312],[37.02485,-1.2919],[37.00259,-1.30068],[36.99507,-1.28156],[36.97282,-1.28939],[36.98285,-1.31196],[36.97909,-1.31666],[36.93991,-1.33265],[36.90468,-1.36562],[36.91494,-1.37672],[36.92191,-1.39391],[36.94155,-1.40498],[36.94603,-1.4237],[36.96113,-1.43928],[36.94484,-1.4334],[36.93191,-1.43427],[36.88773,-1.41565],[36.87598,-1.47938],[36.8826,-1.48901],[36.92187,-1.45849],[36.93533,-1.4554],[36.94866,-1.45735],[36.9453,-1.46362],[36.9759,-1.47802],[36.96885,-1.49282],[36.97278,-1.50068],[36.9618,-1.51442],[36.95828,-1.53994],[36.96608,-1.55278],[36.97947,-1.55779],[37.08126,-1.69506],[37.11086,-1.73397],[37.13417,-1.74306],[37.14791,-1.738],[37.14811,-1.75937],[37.15738,-1.76481],[37.15133,-1.77636],[37.16009,-1.78018],[37.20647,-1.7755],[37.2205,-1.76958],[37.22576,-1.75929],[37.24436,-1.73565],[37.26361,-1.7583],[37.27951,-1.77055],[37.29119,-1.75346],[37.30186,-1.75317],[37.28685,-1.71827],[37.3116,-1.70024],[37.31924,-1.70805],[37.34583,-1.70412],[37.35757,-1.70667],[37.36218,-1.70218],[37.37338,-1.70516],[37.41347,-1.68849],[37.40831,-1.6838],[37.38036,-1.62763],[37.36349,-1.59007],[37.34159,-1.5707],[37.33486,-1.56171],[37.34691,-1.55309],[37.37984,-1.52023],[37.39969,-1.52127],[37.4198,-1.53002],[37.4355,-1.53267],[37.44821,-1.52961],[37.46474,-1.51825],[37.47419,-1.52145],[37.48721,-1.51699],[37.50464,-1.5276],[37.51625,-1.52665],[37.52053,-1.53745],[37.55354,-1.54129],[37.55237,-1.54873],[37.5614,-1.55201],[37.55486,-1.55699],[37.57332,-1.55737],[37.57877,-1.56476],[37.59689,-1.55097],[37.5981,-1.56084],[37.61808,-1.56729],[37.619,-1.57464],[37.63067,-1.58865],[37.64046,-1.58639],[37.64216,-1.61014],[37.65525,-1.6316],[37.65937,-1.64516],[37.66727,-1.64161],[37.68121,-1.62532],[37.68409,-1.61299],[37.68222,-1.58587],[37.70061,-1.58291],[37.71128,-1.60472],[37.7189,-1.60839],[37.73393,-1.59508],[37.73394,-1.57544],[37.75332,-1.56638],[37.74832,-1.55389],[37.73261,-1.54231],[37.71314,-1.50989],[37.70201,-1.50875],[37.69458,-1.49856],[37.70193,-1.49034],[37.71292,-1.48909],[37.7349,-1.49621],[37.75082,-1.48983],[37.77324,-1.48596],[37.78014,-1.47065],[37.8101,-1.44727],[37.81915,-1.44732],[37.81262,-1.43879],[37.81178,-1.42669],[37.80355,-1.39453],[37.79769,-1.39582],[37.78802,-1.37576],[37.77482,-1.36092],[37.75939,-1.35444],[37.74451,-1.35629],[37.73736,-1.34178],[37.72337,-1.32211],[37.72317,-1.31585],[37.70794,-1.28833],[37.70193,-1.27248],[37.69665,-1.26898],[37.69227,-1.25062],[37.68423,-1.23451],[37.67576,-1.23251],[37.66472,-1.21994],[37.65451,-1.20055],[37.64949,-1.19814],[37.63362,-1.16181],[37.6177,-1.14296],[37.5969,-1.14715],[37.59398,-1.08594],[37.73815,-1.07755],[37.79652,-1.12707],[37.80683,-1.09282],[37.81737,-1.08029],[37.81936,-1.07022],[37.82986,-1.06828],[37.84674,-1.04066],[37.84953,-1.00469],[37.84655,-0.99369],[37.85422,-0.9853],[37.86566,-0.98137],[37.86684,-0.97203],[37.858,-0.96456],[37.84523,-0.96375],[37.85412,-0.95822],[37.84674,-0.946],[37.85218,-0.93599],[37.83856,-0.91897],[37.82986,-0.90071],[37.8186,-0.89693],[37.82504,-0.89016],[37.82068,-0.8813],[37.84145,-0.83433],[37.84925,-0.83078],[37.84551,-0.80983]]]},"properties":{"shapeName":"Machakos","shapeISO":"KE-22","shapeID":"32016919B39119671019936","shapeGroup":"KEN","shapeType":"ADM1","name":"Machakos","code":"KE-22"}},{"type":"Feature","geometry":{"type":"Polygon","coordinates":[[[36.33392,-1.04937],[36.34618,-1.17568],[36.05203,-1.49089],[36.07344,-1.54235],[36.08364,-1.56065],[36.08525,-1.57424],[36.07949,-1.58683],[36.0625,-1.61076],[36.06334,-1.61686],[36.04728,-1.64948],[36.05175,-1.66565],[36.05845,-1.67316],[36.05531,-1.68014],[36.06462,-1.69883],[36.05636,-1.71157],[36.0476,-1.7056],[36.03871,-1.71347],[36.04761,-1.71953],[36.04704,-1.73497],[36.03572,-1.74382],[36.03191,-1.76792],[36.0216,-1.77607],[36.03166,-1.78035],[36.02666,-1.79608],[36.01638,-1.80404],[36.02934,-1.80977],[36.02936,-1.82529],[36.03763,-1.82087],[36.04904,-1.84223],[36.05025,-1.85744],[36.0447,-1.87766],[36.03799,-1.87718],[36.03745,-1.89048],[36.02692,-1.89033],[36.04302,-1.91123],[36.03399,-1.9166],[36.04313,-1.93873],[36.0379,-1.94928],[36.04161,-1.96023],[36.03555,-2.00247],[36.03764,-2.0067],[36.03035,-2.02209],[36.02817,-2.0397],[36.02817,-2.08295],[36.00021,-2.08307],[36.00021,-2.10441],[36.51109,-2.39226],[36.75144,-2.52638],[37.31247,-2.84082],[37.47047,-2.93037],[37.52025,-2.95613],[37.56766,-2.98698],[37.67139,-3.05868],[37.69059,-3.17889],[37.79574,-3.16964],[37.81021,-3.16633],[37.82967,-3.17994],[37.83305,-3.18552],[37.85286,-3.17816],[37.85415,-3.07854],[37.87077,-3.07744],[37.89512,-2.88588],[37.91831,-2.86848],[37.9394,-2.77698],[37.92999,-2.76742],[37.9243,-2.74094],[37.93035,-2.72361],[37.92155,-2.70435],[37.90091,-2.70242],[37.89074,-2.67353],[37.87808,-2.65923],[37.84947,-2.60393],[37.59734,-2.31091],[37.60583,-2.30801],[37.61199,-2.29707],[37.62267,-2.30425],[37.63089,-2.29453],[37.64499,-2.29874],[37.65691,-2.28625],[37.66886,-2.28728],[37.66687,-2.28016],[37.67757,-2.26303],[37.67823,-2.24249],[37.67423,-2.22819],[37.68418,-2.22302],[37.70346,-2.1961],[37.72318,-2.18722],[37.70695,-2.18043],[37.69836,-2.16358],[37.69133,-2.16459],[37.66434,-2.15416],[37.62128,-2.16035],[37.59395,-2.15276],[37.57142,-2.13508],[37.56372,-2.12549],[37.54922,-2.12622],[37.54153,-2.12164],[37.54331,-2.11383],[37.53517,-2.10569],[37.45196,-2.07379],[37.37376,-2.01991],[37.36049,-2.01277],[37.29925,-2.0058],[37.2784,-1.99195],[37.27551,-1.9762],[37.26432,-1.95857],[37.2462,-1.94991],[37.23586,-1.93677],[37.22137,-1.93333],[37.20433,-1.93574],[37.18616,-1.93449],[37.18226,-1.92358],[37.1693,-1.9125],[37.15209,-1.88806],[37.15934,-1.88295],[37.16296,-1.87113],[37.1616,-1.85711],[37.1542,-1.84455],[37.14187,-1.83916],[37.14806,-1.83206],[37.14283,-1.82796],[37.14127,-1.81276],[37.15169,-1.80055],[37.15078,-1.79327],[37.16009,-1.78018],[37.15133,-1.77636],[37.15738,-1.76481],[37.14811,-1.75937],[37.14791,-1.738],[37.13417,-1.74306],[37.11086,-1.73397],[37.08126,-1.69506],[36.97947,-1.55779],[36.96608,-1.55278],[36.95828,-1.53994],[36.9618,-1.51442],[36.97278,-1.50068],[36.96885,-1.49282],[36.9759,-1.47802],[36.9453,-1.46362],[36.94866,-1.45735],[36.93533,-1.4554],[36.92187,-1.45849],[36.8826,-1.48901],[36.87598,-1.47938],[36.88773,-1.41565],[36.89127,-1.41093],[36.86928,-1.40763],[36.84795,-1.39718],[36.84179,-1.38604],[36.83401,-1.38919],[36.81746,-1.38101],[36.80499,-1.38888],[36.79256,-1.38517],[36.78096,-1.3888],[36.74696,-1.38455],[36.73174,-1.37842],[36.70049,-1.35264],[36.69313,-1.35462],[36.67259,-1.33151],[36.65987,-1.32207],[36.66389,-1.31521],[36.65764,-1.30479],[36.48823,-1.27179],[36.51061,-1.24019],[36.53373,-1.15591],[36.48927,-1.12253],[36.33392,-1.04937]]]},"properties":{"shapeName":"Kajiado","shapeISO":"KE-10","shapeID":"32016919B31527762068828","shapeGroup":"KEN","shapeType":"ADM1","name":"Kajiado","code":"KE-10"}},{"type":"Feature","geometry":{"type":"Polygon","coordinates":[[[36.66389,-1.31521],[36.65987,-1.32207],[36.67259,-1.33151],[36.69313,-1.35462],[36.70049,-1.35264],[36.73174,-1.37842],[36.74696,-1.38455],[36.78096,-1.3888],[36.79256,-1.38517],[36.80499,-1.38888],[36.81746,-1.38101],[36.83401,-1.38919],[36.84179,-1.38604],[36.84795,-1.39718],[36.86928,-1.40763],[36.89127,-1.41093],[36.88773,-1.41565],[36.93191,-1.43427],[36.94484,-1.4334],[36.96113,-1.43928],[36.94603,-1.4237],[36.94155,-1.40498],[36.92191,-1.39391],[36.91494,-1.37672],[36.90468,-1.36562],[36.93991,-1.33265],[36.97909,-1.31666],[36.98285,-1.31196],[36.97282,-1.28939],[36.99507,-1.28156],[37.00259,-1.30068],[37.02485,-1.2919],[37.07634,-1.30312],[37.07271,-1.29606],[37.07712,-1.28481],[37.08743,-1.27766],[37.10213,-1.27454],[37.10272,-1.26172],[37.08659,-1.24802],[37.09411,-1.24395],[37.08784,-1.23235],[37.07875,-1.23768],[37.06042,-1.20575],[37.04246,-1.2099],[37.0245,-1.22552],[37.01418,-1.22816],[37.00463,-1.23675],[36.98615,-1.2231],[36.96735,-1.2288],[36.95451,-1.2289],[36.92917,-1.22174],[36.90923,-1.20637],[36.93923,-1.17396],[36.91639,-1.16146],[36.89597,-1.16046],[36.88504,-1.1721],[36.8965,-1.1925],[36.87947,-1.19582],[36.85921,-1.18929],[36.85649,-1.202],[36.8476,-1.20279],[36.84549,-1.21149],[36.82699,-1.20625],[36.83044,-1.21466],[36.78805,-1.19109],[36.78123,-1.20229],[36.78794,-1.20931],[36.782,-1.21343],[36.77381,-1.22982],[36.75317,-1.22087],[36.74454,-1.2355],[36.72618,-1.23238],[36.72508,-1.24349],[36.71754,-1.26146],[36.69019,-1.25891],[36.68428,-1.2852],[36.6719,-1.30806],[36.66389,-1.31521]]]},"properties":{"shapeName":"Nairobi","shapeISO":"KE-30","shapeID":"32016919B57908315498598","shapeGroup":"KEN","shapeType":"ADM1","name":"Nairobi","code":"KE-30"}},{"type":"Feature","geometry":{"type":"Polygon","coordinates":[[[37.75332,-1.56638],[37.73394,-1.57544],[37.73393,-1.59508],[37.7189,-1.60839],[37.71128,-1.60472],[37.70061,-1.58291],[37.68222,-1.58587],[37.68409,-1.61299],[37.68121,-1.62532],[37.66727,-1.64161],[37.65937,-1.64516],[37.65525,-1.6316],[37.64216,-1.61014],[37.64046,-1.58639],[37.63067,-1.58865],[37.619,-1.57464],[37.61808,-1.56729],[37.5981,-1.56084],[37.59689,-1.55097],[37.57877,-1.56476],[37.57332,-1.55737],[37.55486,-1.55699],[37.5614,-1.55201],[37.55237,-1.54873],[37.55354,-1.54129],[37.52053,-1.53745],[37.51625,-1.52665],[37.50464,-1.5276],[37.48721,-1.51699],[37.47419,-1.52145],[37.46474,-1.51825],[37.44821,-1.52961],[37.4355,-1.53267],[37.4198,-1.53002],[37.39969,-1.52127],[37.37984,-1.52023],[37.34691,-1.55309],[37.33486,-1.56171],[37.34159,-1.5707],[37.36349,-1.59007],[37.38036,-1.62763],[37.40831,-1.6838],[37.41347,-1.68849],[37.37338,-1.70516],[37.36218,-1.70218],[37.35757,-1.70667],[37.34583,-1.70412],[37.31924,-1.70805],[37.3116,-1.70024],[37.28685,-1.71827],[37.30186,-1.75317],[37.29119,-1.75346],[37.27951,-1.77055],[37.26361,-1.7583],[37.24436,-1.73565],[37.22576,-1.75929],[37.2205,-1.76958],[37.20647,-1.7755],[37.16009,-1.78018],[37.15078,-1.79327],[37.15169,-1.80055],[37.14127,-1.81276],[37.14283,-1.82796],[37.14806,-1.83206],[37.14187,-1.83916],[37.1542,-1.84455],[37.1616,-1.85711],[37.16296,-1.87113],[37.15934,-1.88295],[37.15209,-1.88806],[37.1693,-1.9125],[37.18226,-1.92358],[37.18616,-1.93449],[37.20433,-1.93574],[37.22137,-1.93333],[37.23586,-1.93677],[37.2462,-1.94991],[37.26432,-1.95857],[37.27551,-1.9762],[37.2784,-1.99195],[37.29925,-2.0058],[37.36049,-2.01277],[37.37376,-2.01991],[37.45196,-2.07379],[37.53517,-2.10569],[37.54331,-2.11383],[37.54153,-2.12164],[37.54922,-2.12622],[37.56372,-2.12549],[37.57142,-2.13508],[37.59395,-2.15276],[37.62128,-2.16035],[37.66434,-2.15416],[37.69133,-2.16459],[37.69836,-2.16358],[37.70695,-2.18043],[37.72318,-2.18722],[37.70346,-2.1961],[37.68418,-2.22302],[37.67423,-2.22819],[37.67823,-2.24249],[37.67757,-2.26303],[37.66687,-2.28016],[37.66886,-2.28728],[37.65691,-2.28625],[37.64499,-2.29874],[37.63089,-2.29453],[37.62267,-2.30425],[37.61199,-2.29707],[37.60583,-2.30801],[37.59734,-2.31091],[37.84947,-2.60393],[37.87808,-2.65923],[37.89074,-2.67353],[37.90091,-2.70242],[37.92155,-2.70435],[37.93035,-2.72361],[37.9243,-2.74094],[37.92999,-2.76742],[37.9394,-2.77698],[37.94412,-2.78079],[37.97371,-2.78859],[38.10064,-2.71936],[38.11547,-2.71204],[38.12765,-2.69896],[38.15104,-2.69922],[38.16154,-2.67987],[38.16715,-2.69441],[38.18029,-2.70135],[38.26121,-2.76053],[38.27061,-2.77002],[38.29451,-2.80415],[38.3199,-2.83315],[38.35123,-2.88692],[38.38158,-2.9182],[38.39626,-2.92751],[38.40856,-2.9283],[38.42934,-2.95571],[38.44871,-2.97214],[38.45745,-2.99029],[38.4767,-2.98518],[38.48801,-2.97754],[38.4926,-2.98346],[38.50911,-2.98195],[38.51908,-2.97483],[38.50471,-2.96494],[38.49325,-2.94966],[38.48771,-2.93648],[38.47569,-2.93645],[38.47267,-2.92347],[38.46074,-2.90215],[38.45175,-2.89401],[38.45444,-2.88402],[38.44344,-2.87977],[38.44545,-2.8693],[38.43778,-2.8637],[38.43904,-2.85585],[38.42738,-2.84993],[38.43103,-2.83964],[38.42632,-2.81902],[38.41886,-2.81483],[38.42201,-2.79622],[38.43144,-2.78723],[38.4198,-2.75861],[38.41309,-2.75014],[38.39597,-2.70619],[38.3885,-2.69088],[38.38176,-2.6624],[38.36625,-2.64845],[38.36138,-2.62881],[38.3466,-2.58832],[38.33776,-2.58456],[38.33139,-2.56138],[38.33743,-2.55562],[38.32191,-2.54843],[38.32061,-2.52902],[38.31156,-2.50252],[38.30139,-2.4987],[38.29528,-2.48647],[38.28711,-2.48208],[38.28223,-2.45274],[38.27346,-2.42317],[38.25192,-2.41991],[38.24492,-2.40867],[38.23607,-2.40873],[38.2318,-2.40069],[38.2222,-2.39878],[38.21081,-2.35416],[38.1975,-2.35264],[38.18451,-2.33783],[38.17317,-2.33816],[38.15182,-2.32753],[38.14598,-2.32082],[38.12326,-2.31772],[38.11606,-2.31195],[38.11401,-2.30116],[38.10759,-2.29857],[38.1105,-2.28458],[38.09959,-2.27881],[38.09655,-2.27041],[38.08597,-2.27013],[38.08126,-2.25904],[38.07372,-2.25943],[38.06981,-2.24789],[38.06713,-2.22391],[38.06178,-2.22043],[38.06808,-2.2126],[38.05759,-2.20501],[38.05252,-2.18512],[38.0462,-2.17883],[38.04757,-2.1676],[38.02628,-2.1609],[38.01946,-2.14605],[37.9628,-2.16533],[37.96082,-2.14145],[37.95201,-2.1309],[37.95699,-2.10119],[37.95837,-2.07099],[37.95192,-2.05648],[37.94837,-2.03492],[37.93641,-2.03181],[37.94128,-2.02159],[37.93505,-2.00054],[37.92684,-1.9956],[37.91246,-1.95431],[37.91367,-1.94197],[37.90769,-1.93322],[37.91488,-1.90189],[37.9068,-1.90418],[37.90585,-1.89279],[37.89777,-1.86935],[37.90005,-1.86324],[37.88695,-1.85952],[37.88351,-1.85239],[37.89147,-1.84196],[37.84642,-1.79704],[37.83771,-1.7792],[37.84032,-1.76787],[37.84903,-1.76914],[37.85495,-1.75435],[37.84439,-1.71338],[37.83434,-1.70969],[37.83682,-1.69067],[37.83058,-1.68192],[37.81989,-1.68065],[37.82193,-1.67034],[37.8148,-1.66376],[37.79127,-1.62002],[37.78312,-1.61019],[37.7718,-1.58357],[37.76028,-1.57701],[37.75332,-1.56638]]]},"properties":{"shapeName":"Makueni","shapeISO":"KE-23","shapeID":"32016919B42227953152284","shapeGroup":"KEN","shapeType":"ADM1","name":"Makueni","code":"KE-23"}},{"type":"Feature","geometry":{"type":"MultiPolygon","coordinates":[[[[40.20794,-2.03289],[40.24951,-2.24878],[40.24951,-2.39807],[40.44067,-2.39752],[40.66366,-2.46789],[40.7059,-2.4604],[40.73071,-2.45599],[40.74469,-2.44928],[40.76788,-2.44989],[40.76929,-2.43799],[40.77612,-2.42572],[40.7879,-2.41492],[40.82233,-2.38922],[40.82312,-2.36963],[40.81567,-2.35541],[40.79608,-2.35089],[40.78912,-2.34607],[40.79053,-2.35999],[40.78632,-2.37091],[40.77087,-2.3819],[40.7691,-2.37567],[40.78052,-2.36389],[40.76892,-2.34912],[40.75909,-2.32837],[40.75873,-2.31732],[40.72949,-2.30688],[40.72607,-2.31122],[40.70129,-2.30511],[40.70349,-2.29388],[40.69092,-2.28888],[40.70288,-2.28137],[40.71307,-2.28583],[40.70569,-2.2699],[40.72052,-2.27802],[40.72992,-2.27582],[40.72571,-2.28552],[40.74829,-2.29401],[40.75812,-2.30719],[40.74872,-2.2876],[40.73767,-2.2821],[40.74329,-2.27039],[40.73431,-2.25623],[40.72449,-2.26672],[40.71948,-2.26117],[40.70471,-2.26117],[40.7251,-2.25018],[40.72351,-2.23212],[40.70129,-2.20563],[40.70569,-2.2027],[40.72931,-2.22449],[40.73071,-2.23718],[40.76288,-2.25238],[40.77069,-2.24048],[40.77112,-2.25018],[40.77771,-2.24469],[40.78351,-2.25922],[40.7995,-2.24518],[40.78967,-2.2392],[40.79529,-2.2323],[40.80133,-2.23749],[40.8147,-2.22949],[40.82892,-2.22668],[40.84131,-2.23108],[40.82788,-2.24329],[40.84967,-2.23328],[40.84949,-2.23969],[40.86212,-2.23437],[40.86749,-2.22339],[40.87848,-2.22131],[40.85968,-2.21167],[40.87927,-2.2113],[40.8783,-2.20313],[40.8689,-2.20062],[40.88068,-2.1958],[40.88672,-2.18597],[40.8891,-2.19708],[40.90271,-2.2027],[40.90308,-2.2121],[40.92212,-2.22162],[40.91528,-2.18298],[40.91827,-2.15833],[40.91052,-2.1275],[40.91229,-2.08942],[40.90411,-2.07727],[40.89569,-2.08337],[40.89972,-2.07202],[40.8761,-2.0741],[40.88428,-2.06189],[40.8717,-2.07141],[40.85052,-2.06982],[40.87329,-2.06421],[40.88049,-2.0542],[40.8941,-2.06122],[40.89032,-2.05017],[40.87689,-2.04071],[40.89069,-2.03741],[40.90009,-2.0462],[40.90308,-2.01062],[40.89252,-2.00861],[40.87927,-2.01691],[40.8667,-2.01129],[40.85748,-2.02039],[40.84808,-2.0152],[40.82867,-2.01758],[40.83289,-2.0105],[40.85852,-2.00928],[40.87207,-2.00049],[40.84332,-1.97882],[40.83447,-1.98108],[40.81409,-1.97302],[40.81873,-1.96863],[40.80109,-1.96301],[40.79211,-1.95251],[40.7713,-1.94098],[40.77368,-1.93378],[40.78229,-1.94263],[40.80353,-1.94397],[40.81409,-1.95508],[40.84552,-1.95892],[40.83612,-1.93683],[40.85107,-1.9458],[40.85571,-1.95782],[40.85229,-1.96741],[40.86407,-1.97119],[40.86731,-1.95929],[40.87628,-1.96558],[40.87469,-1.98438],[40.89252,-1.99103],[40.91553,-1.99158],[40.92529,-2.01019],[40.93671,-2.00861],[40.93408,-2.01929],[40.92651,-2.0188],[40.91949,-2.03021],[40.9303,-2.03729],[40.9433,-2.0517],[40.93848,-2.05762],[40.94312,-2.07538],[40.9585,-2.0705],[40.95752,-2.04633],[40.96069,-2.04181],[40.95288,-2.02539],[40.95251,-2.0163],[40.96149,-2.00403],[40.96252,-1.99188],[40.96973,-1.98352],[40.96552,-1.97418],[40.97192,-1.96039],[40.96472,-1.9585],[40.96667,-1.93518],[40.98932,-1.91962],[41.0033,-1.89447],[41.01947,-1.89209],[41.04529,-1.86578],[41.05048,-1.88348],[41.02429,-1.90417],[41.01251,-1.90759],[41.01349,-1.91919],[41.00391,-1.91913],[40.99951,-1.92853],[40.98309,-1.94641],[40.98993,-1.96008],[40.98767,-1.98279],[40.98352,-1.99359],[40.9903,-2.01001],[40.98273,-2.01617],[40.99408,-2.03223],[41.00751,-2.02832],[41.00708,-2.04108],[41.01288,-2.04437],[41.02429,-2.03558],[41.02869,-2.04163],[41.04272,-2.0213],[41.04169,-2.01587],[41.05768,-2.00439],[41.06348,-1.99438],[41.06091,-1.98688],[41.09253,-1.96619],[41.09613,-1.96881],[41.1131,-1.96008],[41.1189,-1.97198],[41.1225,-1.95941],[41.13452,-1.96112],[41.14789,-1.95331],[41.16431,-1.93817],[41.16248,-1.93079],[41.17749,-1.92548],[41.19952,-1.9054],[41.22552,-1.8869],[41.21851,-1.90979],[41.22693,-1.90167],[41.23651,-1.9043],[41.2381,-1.9184],[41.24353,-1.91119],[41.25128,-1.91382],[41.25189,-1.92712],[41.23633,-1.93781],[41.23608,-1.9494],[41.24847,-1.95172],[41.24969,-1.93707],[41.28009,-1.93842],[41.28247,-1.9538],[41.2749,-1.96271],[41.27631,-1.98138],[41.29468,-1.96808],[41.30328,-1.9541],[41.31488,-1.95673],[41.32349,-1.93433],[41.33929,-1.91339],[41.35107,-1.9104],[41.35608,-1.89691],[41.38989,-1.86499],[41.36591,-1.86377],[41.38049,-1.85529],[41.38391,-1.86353],[41.39569,-1.85303],[41.39508,-1.84509],[41.41791,-1.82727],[41.4245,-1.81653],[41.42249,-1.80933],[41.43768,-1.797],[41.47968,-1.74988],[41.49268,-1.7431],[41.50128,-1.72443],[41.51971,-1.70001],[41.55408,-1.66998],[41.56203,-1.65857],[40.9029,-1.71448],[40.20794,-2.03289]]],[[[41.08551,-2.05243],[41.07611,-2.0766],[41.05933,-2.08282],[41.06372,-2.09412],[41.05408,-2.10559],[41.05328,-2.12988],[41.05688,-2.13458],[41.07709,-2.12732],[41.06787,-2.125],[41.0835,-2.1189],[41.08447,-2.12927],[41.09448,-2.138],[41.10431,-2.1377],[41.11407,-2.12927],[41.10468,-2.12311],[41.10889,-2.11389],[41.09967,-2.09741],[41.1095,-2.0802],[41.13489,-2.08142],[41.13892,-2.09497],[41.14893,-2.08868],[41.15088,-2.09479],[41.16467,-2.0766],[41.1615,-2.07178],[41.1427,-2.06671],[41.13232,-2.06769],[41.12012,-2.05688],[41.11731,-2.06689],[41.10669,-2.05298],[41.08551,-2.05243]]],[[[40.89191,-2.24792],[40.87891,-2.24841],[40.87128,-2.25708],[40.84271,-2.25787],[40.83429,-2.26703],[40.84052,-2.27612],[40.82672,-2.27429],[40.81787,-2.28259],[40.81348,-2.29761],[40.81592,-2.31488],[40.81427,-2.33148],[40.82269,-2.32892],[40.84851,-2.30719],[40.86871,-2.297],[40.89111,-2.29309],[40.9101,-2.2962],[40.91528,-2.28943],[40.89191,-2.24792]]],[[[40.9729,-2.22223],[40.96527,-2.2229],[40.9729,-2.23431],[40.97351,-2.24829],[40.96033,-2.25623],[40.9549,-2.24933],[40.96332,-2.24261],[40.95569,-2.23029],[40.94647,-2.22968],[40.93628,-2.25238],[40.93152,-2.255],[40.93793,-2.23718],[40.9281,-2.23712],[40.91608,-2.22461],[40.90192,-2.2226],[40.90948,-2.25269],[40.92792,-2.27838],[40.9447,-2.27911],[40.95471,-2.2854],[40.96332,-2.27722],[40.95551,-2.2948],[40.93732,-2.28918],[40.92151,-2.29608],[40.9129,-2.30768],[40.92389,-2.31769],[40.93848,-2.31628],[40.95508,-2.30719],[40.96808,-2.28729],[40.97333,-2.2735],[40.9881,-2.25848],[40.9729,-2.22223]]],[[[41.05353,-2.08588],[41.03009,-2.0918],[41.0199,-2.10132],[41.00653,-2.09692],[41.00549,-2.11627],[40.99451,-2.10822],[40.99609,-2.0993],[40.97388,-2.10449],[40.97369,-2.11682],[40.98328,-2.1178],[40.98468,-2.13202],[40.99628,-2.13892],[41.01288,-2.13818],[41.0083,-2.12769],[41.02667,-2.11829],[41.03528,-2.10919],[41.0517,-2.10773],[41.06073,-2.09149],[41.05353,-2.08588]]],[[[41.27893,-2.0014],[41.28967,-1.98322],[41.30328,-1.97089],[41.30109,-1.96527],[41.27368,-1.99487],[41.27252,-2.0011],[41.25671,-2.01819],[41.24969,-2.02991],[41.2561,-2.02881],[41.26569,-2.01361],[41.27893,-2.0014]]],[[[41.43811,-1.83643],[41.41089,-1.85162],[41.38452,-1.8855],[41.43811,-1.83643]]],[[[41.14008,-2.10419],[41.13452,-2.1004],[41.13129,-2.08661],[41.12732,-2.10663],[41.14252,-2.11359],[41.15411,-2.10852],[41.14508,-2.10071],[41.14008,-2.10419]]],[[[41.16467,-1.95831],[41.15552,-1.95599],[41.14532,-1.97009],[41.16571,-1.9679],[41.17407,-1.9588],[41.16467,-1.95831]]],[[[41.05847,-2.15948],[41.0611,-2.1543],[41.04907,-2.14752],[41.04187,-2.15491],[41.05847,-2.15948]]],[[[41.15729,-1.97571],[41.14227,-1.98358],[41.16211,-1.98431],[41.15729,-1.97571]]],[[[40.98608,-2.14111],[40.97888,-2.14209],[40.97949,-2.15192],[40.9895,-2.14581],[40.98608,-2.14111]]],[[[41.50452,-1.75513],[41.49628,-1.75842],[41.49371,-1.7688],[41.50452,-1.75513]]],[[[41.34351,-1.92542],[41.34088,-1.92139],[41.32471,-1.94373],[41.34351,-1.92542]]],[[[41.20227,-2.00269],[41.20551,-2.01221],[41.21368,-2.01147],[41.20227,-2.00269]]]]},"properties":{"shapeName":"Lamu","shapeISO":"KE-21","shapeID":"32016919B38538724963648","shapeGroup":"KEN","shapeType":"ADM1","name":"Lamu","code":"KE-21"}},{"type":"Feature","geometry":{"type":"MultiPolygon","coordinates":[[[[39.21737,-3.07293],[39.15588,-3.31571],[39.09229,-3.56708],[39.29993,-3.5683],[39.31488,-3.56299],[39.32672,-3.58728],[39.34448,-3.59521],[39.3479,-3.6051],[39.34253,-3.63568],[39.34833,-3.63702],[39.35449,-3.65271],[39.35211,-3.67169],[39.3537,-3.69238],[39.34668,-3.70111],[39.35327,-3.70648],[39.35651,-3.72668],[39.37268,-3.7395],[39.39093,-3.73541],[39.39172,-3.7652],[39.38049,-3.77051],[39.38849,-3.78131],[39.37848,-3.7854],[39.37732,-3.80658],[39.39673,-3.82349],[39.42029,-3.8194],[39.44513,-3.84747],[39.46613,-3.85779],[39.48352,-3.88019],[39.49432,-3.88428],[39.50012,-3.90131],[39.52032,-3.9162],[39.52069,-3.9278],[39.52789,-3.92981],[39.52533,-3.94598],[39.54431,-3.96912],[39.54272,-3.99139],[39.55389,-3.98322],[39.56738,-3.99278],[39.57391,-3.98541],[39.57013,-3.97223],[39.58331,-3.96722],[39.59808,-3.94733],[39.60529,-3.95251],[39.60852,-3.95831],[39.62311,-3.95959],[39.64368,-3.9566],[39.64771,-3.95068],[39.6499,-3.93402],[39.64191,-3.9231],[39.67047,-3.9187],[39.68408,-3.92249],[39.6889,-3.92187],[39.69128,-3.90619],[39.69452,-3.91168],[39.70868,-3.90521],[39.70868,-3.89771],[39.71771,-3.89258],[39.71069,-3.91089],[39.7049,-3.91571],[39.70453,-3.9278],[39.7113,-3.93091],[39.7135,-3.94641],[39.72552,-3.94952],[39.73572,-3.94531],[39.75153,-3.9538],[39.76428,-3.94952],[39.77893,-3.9281],[39.78589,-3.90552],[39.80591,-3.86969],[39.82953,-3.81799],[39.8299,-3.80597],[39.83612,-3.79248],[39.84369,-3.76141],[39.85327,-3.7403],[39.85608,-3.72479],[39.86969,-3.69299],[39.86511,-3.6745],[39.86713,-3.6521],[39.86151,-3.63959],[39.83649,-3.62891],[39.82568,-3.6333],[39.8183,-3.64539],[39.8009,-3.63953],[39.79529,-3.6438],[39.79272,-3.63141],[39.7829,-3.62207],[39.78412,-3.6167],[39.79388,-3.62482],[39.80652,-3.62299],[39.80292,-3.6106],[39.77972,-3.60968],[39.77112,-3.59662],[39.7713,-3.58838],[39.78571,-3.5777],[39.7771,-3.5929],[39.78149,-3.60791],[39.80072,-3.6012],[39.81311,-3.60162],[39.83008,-3.61987],[39.84387,-3.6308],[39.86353,-3.63318],[39.86969,-3.62799],[39.88129,-3.6073],[39.90332,-3.56],[39.92633,-3.49042],[39.93591,-3.47479],[39.94128,-3.4577],[39.96692,-3.40649],[39.96552,-3.38788],[39.95172,-3.38348],[39.94733,-3.37671],[39.93512,-3.38672],[39.94348,-3.3739],[39.93408,-3.36951],[39.93951,-3.36401],[39.9375,-3.34729],[39.94751,-3.34772],[39.95508,-3.33917],[39.94891,-3.3349],[39.95428,-3.32611],[39.97552,-3.31781],[39.98993,-3.31677],[39.98328,-3.33148],[39.99268,-3.34991],[39.99213,-3.36731],[39.98248,-3.36499],[39.97131,-3.37329],[39.9743,-3.38611],[39.99548,-3.36963],[40.00629,-3.35828],[40.02448,-3.35211],[40.02472,-3.34711],[40.0531,-3.33301],[40.0741,-3.3161],[40.08771,-3.31073],[40.11169,-3.29449],[40.12469,-3.27582],[40.12292,-3.26959],[40.13129,-3.25159],[40.12549,-3.24512],[40.12769,-3.22021],[40.11749,-3.20728],[40.1203,-3.18402],[40.13348,-3.16162],[40.12549,-3.14618],[40.1369,-3.15668],[40.14752,-3.14099],[40.15991,-3.12878],[40.15869,-3.09558],[40.15308,-3.08289],[40.15771,-3.0744],[40.17212,-3.06311],[40.16852,-3.04938],[40.18073,-3.02991],[40.19452,-3.02509],[40.19531,-3.01398],[40.20972,-2.99951],[40.2215,-2.99811],[40.23212,-2.9895],[40.23749,-2.99292],[40.24011,-2.97681],[40.2309,-2.97699],[40.21832,-2.99127],[40.20032,-2.98871],[40.18451,-2.99249],[40.17792,-3.01001],[40.16687,-3.0174],[40.16412,-3.03131],[40.15668,-3.02728],[40.14471,-3.04431],[40.14209,-3.0235],[40.14948,-2.99792],[40.14789,-2.9798],[40.1521,-2.96399],[40.14948,-2.94031],[40.15729,-2.9375],[40.15948,-2.91449],[40.1521,-2.91962],[40.14789,-2.90918],[40.16193,-2.91229],[40.16949,-2.88867],[40.14807,-2.90051],[40.14429,-2.89178],[40.15253,-2.88977],[40.1521,-2.87231],[40.16229,-2.88037],[40.16827,-2.85559],[40.1759,-2.84473],[40.17767,-2.81921],[40.18091,-2.81677],[40.16791,-2.79248],[40.16333,-2.79999],[40.15808,-2.7774],[40.16608,-2.77942],[40.16229,-2.7569],[40.16711,-2.7666],[40.17212,-2.74158],[40.16467,-2.74347],[40.16608,-2.72491],[40.16248,-2.7157],[40.17568,-2.71367],[39.88972,-2.31006],[39.21849,-3.06915],[39.21737,-3.07293]]],[[[39.96411,-3.35687],[39.94989,-3.3584],[39.95929,-3.36542],[39.96411,-3.35687]]],[[[40.17856,-2.71773],[40.17371,-2.7359],[40.18091,-2.73059],[40.17906,-2.71836],[40.17856,-2.71773]]],[[[39.97412,-3.35101],[39.96973,-3.33801],[39.96729,-3.34552],[39.97412,-3.35101]]]]},"properties":{"shapeName":"Kilifi","shapeISO":"KE-14","shapeID":"32016919B27781338411646","shapeGroup":"KEN","shapeType":"ADM1","name":"Kilifi","code":"KE-14"}},{"type":"Feature","geometry":{"type":"Polygon","coordinates":[[[39.07511,-3.04114],[39.06025,-3.04056],[39.04425,-3.03077],[39.04327,-3.02098],[39.03434,-3.02424],[39.02449,-3.0205],[39.01493,-3.02459],[38.99139,-3.02628],[38.98061,-3.0393],[38.9535,-3.03952],[38.9367,-3.03459],[38.93149,-3.04042],[38.91476,-3.04476],[38.89356,-3.03852],[38.86346,-3.05753],[38.84735,-3.06095],[38.84182,-3.05332],[38.83491,-3.06006],[38.8056,-3.06855],[38.7979,-3.06096],[38.80934,-3.05309],[38.77452,-3.04402],[38.75529,-3.0461],[38.73579,-3.04322],[38.70743,-3.032],[38.6969,-3.03692],[38.68197,-3.03549],[38.66542,-3.03953],[38.66151,-3.02885],[38.64285,-3.01215],[38.62973,-3.01224],[38.60817,-3.00576],[38.61023,-2.99647],[38.59422,-2.99855],[38.58368,-2.98704],[38.56297,-2.98642],[38.5443,-2.9794],[38.53897,-2.97374],[38.51908,-2.97483],[38.50911,-2.98195],[38.4926,-2.98346],[38.48801,-2.97754],[38.4767,-2.98518],[38.45745,-2.99029],[38.44871,-2.97214],[38.42934,-2.95571],[38.40856,-2.9283],[38.39626,-2.92751],[38.38158,-2.9182],[38.35123,-2.88692],[38.3199,-2.83315],[38.29451,-2.80415],[38.27061,-2.77002],[38.26121,-2.76053],[38.18029,-2.70135],[38.16715,-2.69441],[38.16154,-2.67987],[38.15104,-2.69922],[38.12765,-2.69896],[38.11547,-2.71204],[38.10064,-2.71936],[37.97371,-2.78859],[37.94412,-2.78079],[37.9394,-2.77698],[37.91831,-2.86848],[37.89512,-2.88588],[37.87077,-3.07744],[37.85415,-3.07854],[37.85286,-3.17816],[37.83305,-3.18552],[37.82967,-3.17994],[37.81021,-3.16633],[37.79574,-3.16964],[37.69059,-3.17889],[37.7112,-3.30797],[37.68445,-3.31998],[37.68445,-3.34627],[37.67954,-3.35266],[37.66135,-3.355],[37.61803,-3.39955],[37.58476,-3.4384],[37.58476,-3.45976],[37.59743,-3.45583],[37.60911,-3.4601],[37.61869,-3.45741],[37.62292,-3.47195],[37.61271,-3.49769],[37.60291,-3.5064],[37.60318,-3.51689],[37.61979,-3.51839],[37.66936,-3.50613],[37.68432,-3.51061],[37.69647,-3.52589],[37.72039,-3.52879],[37.72763,-3.53719],[37.74406,-3.54258],[37.76075,-3.61719],[37.78376,-3.67339],[38.4465,-4.1372],[38.70487,-4.04484],[38.94527,-3.95891],[39.03683,-3.75974],[38.92751,-3.69546],[38.96508,-3.63179],[39.06127,-3.68927],[39.09229,-3.56708],[39.15588,-3.31571],[39.21737,-3.07293],[39.2161,-3.06558],[39.20413,-3.06634],[39.19511,-3.0609],[39.18186,-3.0632],[39.1728,-3.05736],[39.16862,-3.06514],[39.15099,-3.04496],[39.14239,-3.04907],[39.13214,-3.04143],[39.12729,-3.01918],[39.11086,-3.02443],[39.10231,-3.03596],[39.07917,-3.05037],[39.07511,-3.04114]]]},"properties":{"shapeName":"Taita Taveta","shapeISO":"KE-39","shapeID":"32016919B21030921481039","shapeGroup":"KEN","shapeType":"ADM1","name":"Taita Taveta","code":"KE-39"}},{"type":"Feature","geometry":{"type":"MultiPolygon","coordinates":[[[[39.09229,-3.56708],[39.06127,-3.68927],[38.96508,-3.63179],[38.92751,-3.69546],[39.03683,-3.75974],[38.94527,-3.95891],[38.70487,-4.04484],[38.4465,-4.1372],[39.19128,-4.65808],[39.19391,-4.66718],[39.20227,-4.66577],[39.20648,-4.67499],[39.21808,-4.67688],[39.22131,-4.66968],[39.21307,-4.66553],[39.2207,-4.65082],[39.21088,-4.64679],[39.21527,-4.63593],[39.23248,-4.61987],[39.22607,-4.61609],[39.24408,-4.6087],[39.24829,-4.61298],[39.25787,-4.59747],[39.26892,-4.59991],[39.2453,-4.58221],[39.24451,-4.56702],[39.26208,-4.58209],[39.27112,-4.57837],[39.2793,-4.58398],[39.29468,-4.56659],[39.30072,-4.5683],[39.33313,-4.5592],[39.33588,-4.56671],[39.3219,-4.5708],[39.3161,-4.59082],[39.32031,-4.59491],[39.30847,-4.60687],[39.31848,-4.6026],[39.32532,-4.60938],[39.31372,-4.61328],[39.30988,-4.63147],[39.31708,-4.63031],[39.32892,-4.64081],[39.34052,-4.63562],[39.35712,-4.63678],[39.37952,-4.64508],[39.40289,-4.6427],[39.4035,-4.63629],[39.39172,-4.6062],[39.38892,-4.57648],[39.38373,-4.55902],[39.37433,-4.55499],[39.37708,-4.54327],[39.38812,-4.54419],[39.39093,-4.55231],[39.41089,-4.547],[39.41248,-4.5351],[39.4267,-4.53308],[39.42407,-4.51569],[39.42767,-4.51117],[39.43829,-4.51703],[39.44312,-4.5033],[39.45709,-4.51758],[39.46228,-4.53027],[39.46948,-4.50159],[39.48328,-4.47681],[39.4967,-4.46588],[39.49573,-4.45111],[39.50787,-4.43561],[39.51129,-4.42023],[39.50653,-4.401],[39.52148,-4.40479],[39.52631,-4.40179],[39.53387,-4.4101],[39.53229,-4.43512],[39.53748,-4.43591],[39.5423,-4.42371],[39.54791,-4.38849],[39.55933,-4.36078],[39.56927,-4.32971],[39.59668,-4.26978],[39.5979,-4.25488],[39.6131,-4.20142],[39.62891,-4.17908],[39.64069,-4.15521],[39.62531,-4.1449],[39.6377,-4.12061],[39.63129,-4.12018],[39.60809,-4.08911],[39.59528,-4.10168],[39.59772,-4.10962],[39.59088,-4.11627],[39.57849,-4.1192],[39.57672,-4.11951],[39.58673,-4.10242],[39.57892,-4.08539],[39.57672,-4.03729],[39.56293,-4.01959],[39.56671,-4.0108],[39.56738,-3.99278],[39.55389,-3.98322],[39.54272,-3.99139],[39.54431,-3.96912],[39.52533,-3.94598],[39.52789,-3.92981],[39.52069,-3.9278],[39.52032,-3.9162],[39.50012,-3.90131],[39.49432,-3.88428],[39.48352,-3.88019],[39.46613,-3.85779],[39.44513,-3.84747],[39.42029,-3.8194],[39.39673,-3.82349],[39.37732,-3.80658],[39.37848,-3.7854],[39.38849,-3.78131],[39.38049,-3.77051],[39.39172,-3.7652],[39.39093,-3.73541],[39.37268,-3.7395],[39.35651,-3.72668],[39.35327,-3.70648],[39.34668,-3.70111],[39.3537,-3.69238],[39.35211,-3.67169],[39.35449,-3.65271],[39.34833,-3.63702],[39.34253,-3.63568],[39.3479,-3.6051],[39.34448,-3.59521],[39.32672,-3.58728],[39.31488,-3.56299],[39.29993,-3.5683],[39.09229,-3.56708]]],[[[39.45349,-4.55878],[39.46008,-4.55261],[39.46112,-4.53662],[39.45288,-4.5321],[39.44849,-4.53802],[39.44531,-4.55859],[39.42651,-4.55811],[39.43347,-4.56293],[39.43707,-4.58459],[39.44092,-4.58911],[39.45453,-4.57147],[39.45349,-4.55878]]],[[[39.36469,-4.65503],[39.36029,-4.66357],[39.38428,-4.66351],[39.39948,-4.6709],[39.40393,-4.66681],[39.39868,-4.65491],[39.39288,-4.65869],[39.36469,-4.65503]]],[[[39.30969,-4.5744],[39.29871,-4.5752],[39.30249,-4.59009],[39.30969,-4.5744]]]]},"properties":{"shapeName":"Kwale","shapeISO":"KE-19","shapeID":"32016919B50438423394723","shapeGroup":"KEN","shapeType":"ADM1","name":"Kwale","code":"KE-19"}},{"type":"Feature","geometry":{"type":"MultiPolygon","coordinates":[[[[39.64771,-3.95068],[39.65271,-3.95538],[39.66211,-3.94769],[39.66028,-3.97162],[39.66748,-3.97089],[39.67108,-4.00513],[39.66052,-4.01178],[39.66052,-4.01941],[39.66888,-4.02039],[39.67493,-4.02948],[39.67609,-4.0365],[39.6731,-4.0412],[39.68011,-4.04199],[39.68011,-4.05298],[39.68829,-4.06171],[39.7027,-4.05511],[39.72229,-4.02429],[39.73029,-4.01801],[39.72528,-4.00781],[39.73328,-3.99078],[39.75189,-3.96741],[39.76392,-3.95782],[39.74548,-3.95398],[39.73633,-3.94812],[39.71472,-3.95111],[39.70972,-3.94678],[39.69873,-3.95398],[39.68909,-3.94489],[39.69647,-3.94],[39.69568,-3.92328],[39.68408,-3.92249],[39.67047,-3.9187],[39.64191,-3.9231],[39.6499,-3.93402],[39.64771,-3.95068]]],[[[39.56738,-3.99278],[39.56671,-4.0108],[39.57312,-4.02362],[39.58771,-4.02399],[39.58411,-4.04053],[39.60272,-4.04199],[39.63788,-4.04102],[39.64032,-4.01569],[39.63568,-4.01202],[39.63428,-3.98828],[39.6239,-3.98993],[39.61151,-3.98071],[39.59668,-3.98523],[39.60773,-3.9754],[39.60229,-3.96503],[39.60529,-3.95251],[39.59808,-3.94733],[39.58331,-3.96722],[39.57013,-3.97223],[39.57391,-3.98541],[39.56738,-3.99278]]],[[[39.62531,-4.1449],[39.64093,-4.15503],[39.65491,-4.12561],[39.6709,-4.09802],[39.67352,-4.08051],[39.65991,-4.07922],[39.64172,-4.06732],[39.63812,-4.04938],[39.62848,-4.06183],[39.60352,-4.0658],[39.60107,-4.06158],[39.58649,-4.07532],[39.58392,-4.0896],[39.59308,-4.10529],[39.58569,-4.11377],[39.59088,-4.11627],[39.59772,-4.10962],[39.59528,-4.10168],[39.60809,-4.08911],[39.63129,-4.12018],[39.6377,-4.12061],[39.62531,-4.1449]]],[[[39.66412,-4.02869],[39.65729,-4.0293],[39.64069,-4.0423],[39.64691,-4.05841],[39.66553,-4.0766],[39.6817,-4.0683],[39.67432,-4.05243],[39.6759,-4.04388],[39.66827,-4.03827],[39.67407,-4.03638],[39.66412,-4.02869]]],[[[39.62311,-3.95959],[39.6145,-3.96637],[39.6167,-3.97388],[39.63049,-3.97919],[39.63733,-3.96881],[39.65808,-3.98657],[39.65472,-3.96021],[39.64368,-3.9566],[39.62311,-3.95959]]]]},"properties":{"shapeName":"Mombasa","shapeISO":"KE-28","shapeID":"32016919B10079274489584","shapeGroup":"KEN","shapeType":"ADM1","name":"Mombasa","code":"KE-28"}}]}