{"type":"FeatureCollection","features":[{"type":"Feature","geometry":{"type":"MultiPolygon","coordinates":[[[[180,-16.06713],[179.41351,-16.37905],[178.59684,-16.63915],[178.72506,-17.01204],[180,-16.55522],[180,-16.06713]]],[[[178.12557,-17.50481],[177.67087,-17.38114],[177.28504,-17.72465],[177.38146,-18.16432],[177.93266,-18.28799],[178.55271,-18.15059],[178.71806,-17.62846],[178.3736,-17.33992],[178.12557,-17.50481]]],[[[-179.79332,-16.02088],[-180,-16.06713],[-180,-16.55522],[-179.79332,-16.02088]]]]},"properties":{"NAME":"Fiji","NAME_LONG":"Fiji","ADMIN":"Fiji","ABBREV":"Fiji","ISO_A2":"FJ","ISO_A3":"FJI","ISO_N3":"242","CONTINENT":"Oceania","REGION_UN":"Oceania","SUBREGION":"Melanesia","name":"Fiji","code":"FJ","iso_a2":"FJ","iso_a3":"FJI","continent":"Oceania"}},{"type":"Feature","geometry":{"type":"Polygon","coordinates":[[[33.90371,-0.95],[31.86617,-1.02736],[30.76986,-1.01455],[30.41911,-1.13466],[30.81614,-1.69891],[30.75831,-2.28725],[30.46967,-2.41385],[30.75224,-3.35931],[29.75351,-4.45239],[29.34,-4.49998],[29.51999,-5.41998],[29.41999,-5.94],[29.62003,-6.52001],[30.2,-7.07998],[30.74001,-8.34001],[31.55635,-8.76205],[32.19187,-8.93036],[32.75938,-9.2306],[33.73972,-9.41715],[34.28,-10.16],[34.55999,-11.52002],[35.3124,-11.43915],[36.51408,-11.72094],[37.47129,-11.56876],[37.82764,-11.26879],[38.42756,-11.2852],[39.521,-10.89688],[40.31659,-10.3171],[39.9496,-10.0984],[39.53574,-9.11237],[39.18652,-8.48551],[39.19469,-7.7039],[39.47,-7.1],[39.44,-6.84],[38.79977,-6.47566],[38.74054,-5.90895],[39.20222,-4.67677],[37.7669,-3.67712],[37.69869,-3.09699],[33.90371,-0.95]]]},"properties":{"NAME":"Tanzania","NAME_LONG":"Tanzania","ADMIN":"United Republic of Tanzania","ABBREV":"Tanz.","ISO_A2":"TZ","ISO_A3":"TZA","ISO_N3":"834","CONTINENT":"Africa","REGION_UN":"Africa","SUBREGION":"Eastern Africa","name":"Tanzania","code":"TZ","iso_a2":"TZ","iso_a3":"TZA","continent":"Africa"}},{"type":"Feature","geometry":{"type":"Polygon","coordinates":[[[-8.66559,27.65643],[-8.79488,27.1207],[-9.41304,27.08848],[-9.73534,26.86095],[-10.55126,26.99081],[-11.39255,26.88342],[-11.71822,26.10409],[-12.03076,26.03087],[-12.50096,24.77012],[-13.89111,23.69101],[-14.22117,22.31016],[-14.63083,21.86094],[-14.75095,21.5006],[-17.02043,21.42231],[-17.06342,20.99975],[-16.84519,21.33332],[-12.9291,21.32707],[-13.11875,22.77122],[-12.87422,23.28483],[-11.93722,23.37459],[-11.96942,25.93335],[-8.68729,25.88106],[-8.6844,27.39574],[-8.66559,27.65643]]]},"properties":{"NAME":"W. Sahara","NAME_LONG":"Western Sahara","ADMIN":"Western Sahara","ABBREV":"W. Sah.","ISO_A2":"EH","ISO_A3":"ESH","ISO_N3":"732","CONTINENT":"Africa","REGION_UN":"Africa","SUBREGION":"Northern Africa","name":"W. Sahara","code":"EH","iso_a2":"EH","iso_a3":"ESH","continent":"Africa"}},{"type":"Feature","geometry":{"type":"MultiPolygon","coordinates":[[[[-122.84,49],[-120,49],[-116.04818,49],[-113,49],[-110.05,49],[-107.05,49],[-104.04826,48.99986],[-100.65,49],[-97.22872,49.0007],[-95.15907,49],[-95.15609,49.38425],[-94.81758,49.38905],[-94.64,48.84],[-94.32914,48.67074],[-92.61,48.45],[-91.64,48.14],[-90.83,48.27],[-89.6,48.01],[-88.37811,48.30292],[-84.87608,46.90008],[-84.77924,46.6371],[-84.14212,46.51223],[-83.59285,45.81689],[-82.55093,45.34752],[-82.13764,43.57109],[-82.43,42.98],[-83.12,42.08],[-83.02981,41.8328],[-82.43928,41.67511],[-81.27775,42.20903],[-80.24745,42.3662],[-78.93936,42.86361],[-79.17167,43.46634],[-78.72028,43.62509],[-76.82003,43.62878],[-76.5,44.01846],[-75.31821,44.81645],[-74.867,45.00048],[-71.50506,45.0082],[-71.405,45.255],[-70.66,45.46],[-70.305,45.915],[-69.99997,46.69307],[-69.23722,47.44778],[-68.905,47.185],[-68.23444,47.35486],[-67.79046,47.06636],[-67.79134,45.70281],[-67.13741,45.13753],[-66.02605,45.25931],[-64.42549,45.29204],[-66.16173,44.46512],[-66.1234,43.61867],[-65.36406,43.54523],[-64.24656,44.26553],[-63.25471,44.67014],[-61.03988,45.26525],[-59.80287,45.9204],[-60.4486,46.28264],[-60.51815,47.00793],[-61.52072,45.88377],[-63.17329,45.73902],[-64.47219,46.23849],[-64.79854,46.99297],[-65.11545,48.07085],[-64.17099,48.74248],[-65.05626,49.23278],[-66.55243,49.1331],[-68.65,48.3],[-70.25522,46.98606],[-71.10458,46.82171],[-69.95362,47.74488],[-68.51114,49.06836],[-67.23631,49.51156],[-66.39905,50.22897],[-63.86251,50.29099],[-61.72366,50.08046],[-60.03309,50.24277],[-58.77482,51.0643],[-57.12691,51.41972],[-55.68338,52.14664],[-55.75632,53.27036],[-56.15811,53.64749],[-56.93689,53.78032],[-57.3332,54.6265],[-57.97508,54.94549],[-59.56962,55.20407],[-60.46853,55.77548],[-61.79866,56.33945],[-61.39655,56.96745],[-63.80475,59.4426],[-64.58352,60.33558],[-65.24517,59.87071],[-66.20178,58.76731],[-67.64976,58.21206],[-68.37455,58.80106],[-69.2879,58.95736],[-69.62033,60.22125],[-69.59042,61.06141],[-71.37369,61.13717],[-71.67708,61.52535],[-73.83988,62.4438],[-74.6682,62.18111],[-77.41067,62.55053],[-78.10687,62.31964],[-77.77272,60.75788],[-77.33676,59.85261],[-78.51688,58.80458],[-77.30226,58.05209],[-76.62319,57.20263],[-76.54137,56.53423],[-77.0956,55.83741],[-78.22874,55.13645],[-79.82958,54.66772],[-79.12421,54.14145],[-78.60191,52.56208],[-79.14301,51.53393],[-79.91289,51.20842],[-81.40075,52.15788],[-82.12502,53.27703],[-82.4362,54.28227],[-82.27285,55.14832],[-85.01181,55.3026],[-86.07121,55.72383],[-87.32421,55.99914],[-88.03978,56.47162],[-89.03953,56.85172],[-90.89769,57.28468],[-92.29703,57.08709],[-93.21502,58.78212],[-94.6846,58.94882],[-94.62931,60.11021],[-94.24153,60.89865],[-93.15698,62.02469],[-91.93342,62.83508],[-90.77004,62.96021],[-90.70398,63.61017],[-89.91444,64.03273],[-88.48296,64.09897],[-87.32324,64.77563],[-86.0676,66.05625],[-85.76943,66.55833],[-84.73542,66.2573],[-83.34456,66.41154],[-81.38653,67.11078],[-81.25928,67.59716],[-81.96436,68.13253],[-81.2202,68.66567],[-81.28043,69.16202],[-82.62258,69.65826],[-85.52197,69.88211],[-85.57664,68.78456],[-86.30607,67.92146],[-87.35017,67.19872],[-88.31749,67.87338],[-88.01966,68.61508],[-89.21515,69.25873],[-90.55151,68.47499],[-90.5471,69.49766],[-92.40692,69.69997],[-91.51964,70.19129],[-92.87818,71.31869],[-93.88997,71.76015],[-95.2088,71.92053],[-96.39115,71.19482],[-96.47131,70.08976],[-95.30408,69.68571],[-94.23282,69.06903],[-94.685,68.06383],[-95.48943,68.0907],[-96.12588,67.29338],[-96.11991,68.23939],[-97.66948,68.57864],[-98.5586,68.40394],[-98.4432,67.78165],[-99.90195,67.80566],[-101.45433,67.64689],[-103.22115,68.09775],[-104.33791,68.018],[-106.15,68.8],[-108.16721,68.65392],[-108.81299,68.31164],[-107.79239,67.88736],[-108.8802,67.38144],[-109.94619,67.98104],[-110.798,67.80612],[-113.49727,67.68815],[-115.30489,67.90261],[-113.89794,68.3989],[-115.2469,68.90591],[-116.22643,68.84151],[-119.94288,69.37786],[-121.47226,69.79778],[-122.6835,69.85553],[-123.06108,69.56372],[-124.28968,69.39969],[-124.42483,70.1584],[-125.75632,69.48058],[-127.44712,70.37721],[-128.13817,70.48384],[-128.36156,70.01286],[-129.10773,69.77927],[-129.79471,70.19369],[-131.43136,69.94451],[-132.92925,69.50534],[-134.41464,69.62743],[-136.50358,68.89804],[-137.54636,68.99002],[-139.12052,69.47102],[-140.98599,69.712],[-140.9925,66.00003],[-140.99778,60.30639],[-140.013,60.27682],[-139.039,60],[-137.4525,58.905],[-136.47972,59.46389],[-135.47583,59.78778],[-134.945,59.27056],[-133.35556,58.41028],[-131.70781,56.55212],[-130.00778,55.91583],[-129.98,55.285],[-130.53611,54.80275],[-130.51497,54.28757],[-129.30523,53.56159],[-129.12979,52.75538],[-127.85032,52.32961],[-127.99276,51.71583],[-127.43561,50.83061],[-125.62461,50.41656],[-124.91024,49.98456],[-122.97421,49.00254],[-122.84,49]]],[[[-83.99367,62.4528],[-83.77462,62.18231],[-83.06857,62.15922],[-81.89825,62.7108],[-81.87699,62.90458],[-83.25048,62.91409],[-83.99367,62.4528]]],[[[-79.77583,72.8029],[-76.2514,72.82639],[-76.34,73.10268],[-78.06444,73.65193],[-80.35306,73.75972],[-80.8761,73.33318],[-79.77583,72.8029]]],[[[-80.31539,62.08557],[-79.65752,61.63308],[-79.26582,62.15868],[-79.92939,62.3856],[-80.31539,62.08557]]],[[[-93.61276,74.98],[-94.85082,75.64722],[-96.28859,75.37783],[-96.82093,74.92762],[-94.15691,74.59235],[-93.61276,74.98]]],[[[-93.84,77.52],[-94.42258,77.82],[-96.4363,77.83463],[-96.16965,77.55511],[-93.84,77.52]]],[[[-96.7544,78.76581],[-98.63198,78.87193],[-98.12429,78.08286],[-97.30984,77.8506],[-95.83029,78.05694],[-95.55928,78.41832],[-96.7544,78.76581]]],[[[-88.15035,74.39231],[-86.09745,74.41003],[-83.22889,74.56403],[-81.94884,74.44246],[-79.83393,74.92313],[-80.05751,75.33685],[-81.12853,75.71398],[-84.78962,75.6992],[-86.37919,75.48242],[-89.18708,75.61017],[-90.96966,76.07401],[-90.74185,76.4496],[-91.60502,76.77852],[-93.57392,76.7763],[-94.68409,77.09788],[-96.74512,77.16139],[-97.12138,76.75108],[-95.96246,76.44138],[-93.89382,76.31924],[-92.88991,75.88266],[-92.42244,74.83776],[-88.15035,74.39231]]],[[[-111.26444,78.15296],[-113.53428,77.73221],[-112.05119,77.40923],[-110.18694,77.69701],[-109.85445,77.99633],[-111.26444,78.15296]]],[[[-110.96366,78.80444],[-112.54209,78.4079],[-109.66315,78.60197],[-110.96366,78.80444]]],[[[-55.60022,51.31708],[-55.87098,51.63209],[-56.73865,51.28744],[-57.35869,50.71827],[-58.3918,49.12558],[-59.23162,48.52319],[-58.79659,48.25153],[-59.41949,47.89945],[-59.26601,47.60335],[-57.32523,47.57281],[-56.2508,47.63255],[-55.29122,47.38956],[-55.99748,46.91972],[-55.40077,46.88499],[-54.24048,47.75228],[-53.96187,47.62521],[-54.17894,46.80707],[-53.06916,46.6555],[-52.6481,47.53555],[-53.08613,48.6878],[-53.78601,48.51678],[-53.47655,49.24914],[-54.47377,49.55669],[-54.93514,49.31301],[-55.8224,49.58713],[-55.47149,49.93582],[-56.1431,50.15012],[-56.79588,49.81231],[-55.60022,51.31708]]],[[[-83.88263,65.10962],[-84.46401,65.37177],[-84.97576,65.21752],[-85.16131,65.65729],[-85.88385,65.73878],[-86.35276,64.03583],[-87.22198,63.54124],[-85.86677,63.63725],[-85.5234,63.05238],[-84.10042,63.56971],[-83.1088,64.10188],[-82.54718,63.65172],[-80.99102,63.41125],[-80.10345,63.72598],[-80.81736,64.05749],[-81.55344,63.97961],[-81.64201,64.45514],[-83.88263,65.10962]]],[[[-78.77064,72.35217],[-80.74894,72.06191],[-80.60009,72.71654],[-82.31559,73.75095],[-84.85011,73.34028],[-85.77437,72.53413],[-86.56218,73.15745],[-85.82615,73.80382],[-88.40824,73.53789],[-89.43658,73.12946],[-90.20516,72.23507],[-89.88815,71.22255],[-88.46772,71.21819],[-89.51342,70.76204],[-88.68171,70.41074],[-84.94471,69.96663],[-81.30547,69.74319],[-79.49246,69.87181],[-78.95724,70.16688],[-78.16863,69.82649],[-77.28737,69.76954],[-76.22865,69.14777],[-76.8691,68.89474],[-74.84331,68.55463],[-73.31162,68.06944],[-72.65117,67.28458],[-73.94491,66.31058],[-74.29388,65.81177],[-73.95979,65.45476],[-76.01827,65.32697],[-77.89728,65.30919],[-78.55595,64.57291],[-77.70998,64.22954],[-74.8185,64.38909],[-74.83442,64.67908],[-71.88628,63.67999],[-72.23538,63.39784],[-71.02344,62.91071],[-68.87737,62.33015],[-66.16557,61.9309],[-66.3283,62.28008],[-68.78319,63.74567],[-66.27505,62.9451],[-65.0138,62.67419],[-64.66941,63.39293],[-65.32017,64.38274],[-67.08965,65.10846],[-68.14129,65.68979],[-68.01502,66.26273],[-66.72122,66.38804],[-65.14886,65.42603],[-63.91844,64.99867],[-62.16318,66.16025],[-61.85198,66.86212],[-63.42493,66.92847],[-64.86231,67.84754],[-66.44987,68.06716],[-68.80512,68.7202],[-66.96903,69.18609],[-67.91497,70.12195],[-68.78605,70.52502],[-71.20001,70.92001],[-72.24223,71.55693],[-74.09914,71.33084],[-74.22862,71.76714],[-75.60584,72.24368],[-77.82462,72.74962],[-78.77064,72.35217]]],[[[-94.50366,74.13491],[-95.49579,73.86242],[-96.03374,72.94028],[-95.40986,72.06188],[-94.26905,72.0246],[-93.1963,72.77199],[-92.00396,72.96624],[-90.50979,73.85673],[-92.42001,74.10003],[-94.50366,74.13491]]],[[[-122.85492,76.11654],[-121.49999,75.90002],[-119.89932,76.05321],[-116.33581,76.87696],[-116.19859,77.64529],[-119.10394,77.51222],[-122.85492,76.11654]]],[[[-132.71001,54.04001],[-133.18,54.16998],[-133.05461,53.41147],[-131.57783,52.18237],[-131.17904,52.18043],[-132.04948,52.98462],[-131.74999,54.12],[-132.71001,54.04001]]],[[[-105.49229,79.30159],[-105.41958,78.91834],[-104.21043,78.67742],[-105.17613,78.38033],[-102.94981,78.34323],[-99.67094,77.90755],[-100.82516,78.80046],[-105.49229,79.30159]]],[[[-123.51,48.51001],[-123.92251,49.06248],[-124.92077,49.47528],[-125.75501,50.29502],[-126.695,50.4009],[-128.35841,50.77065],[-128.44458,50.53914],[-128.05934,49.99496],[-127.02999,49.815],[-126.85,49.53],[-125.95499,49.18],[-125.65501,48.82501],[-124.01289,48.37085],[-123.51,48.51001]]],[[[-121.53788,74.44893],[-124.91775,74.29275],[-123.94,73.68],[-125.92895,71.86869],[-123.62,71.34],[-123.09219,70.90164],[-120.46,71.3836],[-120.46,71.82],[-119.22,72.52],[-115.51081,73.47519],[-117.55564,74.18577],[-120.10978,74.24135],[-121.53788,74.44893]]],[[[-107.81943,75.84552],[-108.54859,76.67832],[-109.5811,76.79417],[-110.49726,76.42982],[-109.0671,75.47321],[-110.81422,75.54919],[-112.59056,76.14134],[-115.40487,76.47887],[-116.34602,76.19903],[-117.7104,75.2222],[-116.31221,75.04343],[-111.79421,75.1625],[-113.87135,74.72029],[-113.74381,74.39427],[-112.22307,74.41696],[-109.7,74.85],[-106.31347,75.00527],[-105.70498,75.47951],[-105.881,75.9694],[-107.81943,75.84552]]],[[[-106.52259,73.07601],[-108.39639,73.08953],[-107.68599,72.06548],[-108.18835,71.65089],[-109.00654,72.63335],[-109.92035,72.96113],[-111.05039,72.4504],[-112.44102,72.9554],[-114.66634,72.65277],[-114.16717,73.12145],[-115.18909,73.31459],[-117.86642,72.70594],[-119.40199,71.55859],[-117.65568,71.2952],[-116.11311,71.30918],[-118.43238,70.9092],[-117.9048,70.54056],[-114.35,70.6],[-112.4161,70.36638],[-113.72141,70.19237],[-115.13112,70.2373],[-117.34,69.96],[-116.10794,69.16821],[-115.22,69.28],[-113.85496,69.00744],[-113.3132,68.53554],[-109,68.78],[-107.12254,69.11922],[-105.96,69.18],[-104.24,68.91],[-102.43024,68.75282],[-102.09329,69.11962],[-102.73116,69.50402],[-101.08929,69.58447],[-100.98078,70.02432],[-104.46476,70.99297],[-105.40246,72.67259],[-106.52259,73.07601]]],[[[-100.43836,72.70588],[-102.48,72.83],[-102.5,72.51],[-100.01482,71.73827],[-99.32286,71.35639],[-98.35966,71.27285],[-96.72,71.66],[-96.54,72.56],[-98.05359,72.99052],[-97.12,73.47],[-97.38,73.76],[-99.16387,73.63339],[-100.35642,73.84389],[-101.54,73.36],[-100.43836,72.70588]]],[[[-106.6,73.6],[-106.94,73.46],[-105.38,72.76],[-104.5,73.42],[-105.26,73.64],[-106.6,73.6]]],[[[-98.5,76.72],[-99.98349,76.64634],[-101.48973,76.30537],[-102.56552,76.3366],[-102.50209,75.5638],[-100.86292,75.64075],[-100.88366,75.05736],[-99.80874,74.89744],[-98.16,75],[-97.73558,76.25656],[-98.5,76.72]]],[[[-96.01644,80.60233],[-96.70972,80.15777],[-94.974,79.37248],[-93.14524,79.3801],[-93.95116,78.75099],[-92.87669,78.34333],[-89.03535,78.28723],[-85.81435,79.3369],[-87.02,79.66],[-87.81,80.32],[-91.13289,80.72345],[-92.40984,81.25739],[-94.73542,81.20646],[-94.29843,80.97727],[-96.01644,80.60233]]],[[[-91.58702,81.89429],[-91.36786,81.5531],[-89.36663,80.85569],[-87.59895,80.51627],[-81.84823,80.46442],[-83.4087,80.1],[-86.93179,80.25145],[-86.50734,79.73624],[-85.09495,79.34543],[-85.37868,78.9969],[-87.15198,78.75867],[-87.96192,78.37181],[-86.34,78.18],[-84.97634,77.53873],[-87.65,77.97022],[-88.26,77.9],[-87.76739,77.17833],[-89.6161,76.95213],[-89.49068,76.47239],[-86.11184,76.29901],[-83.17439,76.45403],[-80.56125,76.17812],[-77.88911,76.77796],[-77.91089,77.02205],[-79.61965,76.98336],[-77.88851,77.89991],[-75.39345,78.52581],[-76.90773,79.32309],[-73.88,79.43016],[-71.18,79.8],[-69.4697,80.61683],[-65.48031,81.50657],[-67.65755,81.50141],[-61.89388,82.36165],[-63.68,82.9],[-72.83153,83.23324],[-75.71878,83.06404],[-79.30664,83.13056],[-82.42,82.86],[-83.18,82.32],[-85.5,82.65227],[-86.97024,82.27961],[-91.58702,81.89429]]],[[[-75.21597,67.44425],[-75.1145,68.01036],[-75.89521,68.28721],[-76.81166,68.14856],[-77.2364,67.58809],[-76.98687,67.09873],[-75.86588,67.14886],[-75.21597,67.44425]]],[[[-96.2574,69.49003],[-98.21826,70.14354],[-99.7974,69.40003],[-98.4318,68.9507],[-97.6174,69.06003],[-96.26952,68.75704],[-95.64768,69.10769],[-96.2574,69.49003]]],[[[-64.51912,49.87304],[-63.58926,49.40069],[-62.29318,49.08717],[-61.83558,49.28855],[-62.85829,49.70641],[-64.17322,49.95718],[-64.51912,49.87304]]],[[[-64.01486,47.03601],[-64.39261,46.72747],[-64.1428,46.39265],[-62.87433,45.96818],[-62.01208,46.44314],[-62.9393,46.41587],[-63.6645,46.55001],[-64.01486,47.03601]]]]},"properties":{"NAME":"Canada","NAME_LONG":"Canada","ADMIN":"Canada","ABBREV":"Can.","ISO_A2":"CA","ISO_A3":"CAN","ISO_N3":"124","CONTINENT":"North America","REGION_UN":"Americas","SUBREGION":"Northern America","name":"Canada","code":"CA","iso_a2":"CA","iso_a3":"CAN","continent":"North America"}},{"type":"Feature","geometry":{"type":"MultiPolygon","coordinates":[[[[-122.84,49],[-122.5,48.18],[-122.34,47.36],[-122.58736,47.096],[-123.12,48.04],[-124.5661,48.37972],[-124.68721,48.18443],[-124.07963,46.86475],[-123.89893,45.52341],[-124.14214,43.70838],[-124.53284,42.76599],[-124.2137,41.99964],[-124.17886,41.14202],[-124.39807,40.3132],[-123.86517,39.76699],[-123.7272,38.95166],[-122.95319,38.11371],[-122.51201,37.78339],[-122.54747,37.55176],[-121.71457,36.16153],[-120.74433,35.15686],[-120.62286,34.60855],[-120.36778,34.44711],[-119.43884,34.34848],[-119.081,34.078],[-118.51989,34.02778],[-118.4106,33.74091],[-117.944,33.62124],[-117.29594,33.04623],[-117.12776,32.53534],[-114.72139,32.72083],[-114.815,32.52528],[-113.30498,32.03914],[-111.02361,31.33472],[-108.24194,31.34222],[-108.24,31.75485],[-106.50759,31.75452],[-106.1429,31.39995],[-105.03737,30.64402],[-104.45697,29.57196],[-103.94,29.27],[-103.11,28.97],[-102.48,29.76],[-101.6624,29.7793],[-100.9576,29.38071],[-100.11,28.11],[-99.52,27.54],[-99.02,26.37],[-97.53,25.84],[-97.14,25.87],[-97.33,26.21],[-97.37,27.38],[-97.14,27.83],[-96.59404,28.30748],[-95.60026,28.73863],[-94.69,29.48],[-93.22637,29.78375],[-92.49906,29.5523],[-91.62678,29.677],[-90.88022,29.14854],[-90.15463,29.11743],[-89.77928,29.30714],[-89.40823,29.15961],[-89.41373,29.89419],[-89.59383,30.15999],[-88.41782,30.3849],[-87.53036,30.27433],[-86.4,30.4],[-85.7731,30.15261],[-85.10882,29.63615],[-84.1,30.09],[-83.70959,29.93656],[-82.93,29.1],[-82.65,28.55],[-82.85526,27.88624],[-82.70515,27.49504],[-81.71,25.87],[-81.33,25.64],[-81.17213,25.20126],[-80.68,25.08],[-80.38103,25.20616],[-80.13156,25.81678],[-80.05654,26.88],[-80.53,28.04],[-80.53558,28.47213],[-80.98,29.18],[-81.49042,30.72999],[-81.33629,31.44049],[-80.86498,32.0333],[-80.30133,32.50936],[-79.20357,33.15839],[-79.06067,33.49395],[-78.55435,33.86133],[-78.05496,33.92547],[-77.39763,34.51201],[-76.36318,34.80854],[-75.72749,35.55074],[-75.9718,36.89726],[-76.25874,36.9664],[-76.30162,37.91795],[-76.54272,38.71762],[-76.35,39.15],[-76.23287,38.31922],[-75.72205,37.93705],[-75.94023,37.21689],[-75.05673,38.40412],[-75.52805,39.4985],[-74.98041,39.1964],[-74.90604,38.93954],[-74.17838,39.70926],[-73.982,40.628],[-73.345,40.63],[-71.945,40.93],[-72.24126,41.11948],[-73.71,40.9311],[-72.87643,41.22065],[-71.86,41.32],[-69.96503,41.63717],[-70.495,41.805],[-70.825,42.335],[-70.81489,42.8653],[-70.11617,43.68405],[-68.03252,44.3252],[-66.96466,44.8097],[-67.13741,45.13753],[-67.79134,45.70281],[-67.79046,47.06636],[-68.23444,47.35486],[-68.905,47.185],[-69.23722,47.44778],[-69.99997,46.69307],[-70.305,45.915],[-70.66,45.46],[-71.405,45.255],[-71.50506,45.0082],[-74.867,45.00048],[-75.31821,44.81645],[-76.5,44.01846],[-76.82003,43.62878],[-78.72028,43.62509],[-79.17167,43.46634],[-78.93936,42.86361],[-80.24745,42.3662],[-81.27775,42.20903],[-82.43928,41.67511],[-83.02981,41.8328],[-83.12,42.08],[-82.43,42.98],[-82.13764,43.57109],[-82.55093,45.34752],[-83.59285,45.81689],[-84.14212,46.51223],[-84.77924,46.6371],[-84.87608,46.90008],[-88.37811,48.30292],[-89.6,48.01],[-90.83,48.27],[-91.64,48.14],[-92.61,48.45],[-94.32914,48.67074],[-94.64,48.84],[-94.81758,49.38905],[-95.15609,49.38425],[-95.15907,49],[-97.22872,49.0007],[-100.65,49],[-104.04826,48.99986],[-107.05,49],[-110.05,49],[-113,49],[-116.04818,49],[-120,49],[-122.84,49]]],[[[-155.40214,20.07975],[-155.86108,20.26721],[-156.07347,19.70294],[-155.93665,19.05939],[-155.54211,19.08348],[-154.83147,19.45328],[-155.40214,20.07975]]],[[[-155.99566,20.76404],[-156.61258,21.01249],[-156.41445,20.57241],[-155.99566,20.76404]]],[[[-158.0252,21.71696],[-158.29265,21.57912],[-158.12667,21.31244],[-157.65283,21.32217],[-158.0252,21.71696]]],[[[-159.36569,22.21494],[-159.80051,22.06533],[-159.46372,21.88299],[-159.36569,22.21494]]],[[[-166.46779,60.38417],[-167.45528,60.21307],[-166.19277,59.75444],[-165.57916,59.90999],[-165.67443,60.29361],[-166.46779,60.38417]]],[[[-153.22873,57.96897],[-154.67099,57.4612],[-154.5164,56.99275],[-154.00509,56.73468],[-153.00631,57.11584],[-152.14115,57.59106],[-152.56479,57.90143],[-153.22873,57.96897]]],[[[-140.98599,69.712],[-143.58945,70.15251],[-144.92001,69.98999],[-147.61336,70.21404],[-149.72,70.53001],[-150.73999,70.43002],[-152.27,70.60001],[-152.21001,70.82999],[-153.90001,70.88999],[-154.34416,70.69641],[-155.06779,71.14778],[-156.58082,71.35776],[-158.11972,70.82472],[-159.03918,70.89164],[-161.9089,70.33333],[-162.93057,69.85806],[-163.16861,69.37112],[-164.43081,68.91554],[-166.20471,68.88303],[-166.76444,68.35888],[-165.39029,68.04277],[-163.71972,67.1164],[-162.48971,66.73556],[-161.67777,66.11612],[-163.7886,66.07721],[-163.65251,66.57666],[-164.47471,66.57666],[-168.11056,65.67],[-166.845,65.0889],[-166.42529,64.68667],[-164.96083,64.44695],[-163.54639,64.55916],[-162.75779,64.33861],[-162.45305,64.55945],[-160.77778,64.7886],[-161.51807,64.40279],[-160.95833,64.2228],[-160.77251,63.76611],[-161.53445,63.45582],[-162.26056,63.54194],[-163.06722,63.05946],[-164.56251,63.14638],[-164.91918,62.63308],[-165.73445,62.075],[-166.12138,61.50002],[-165.35083,61.0739],[-165.34639,60.5075],[-163.81834,59.79806],[-162.51806,59.98972],[-161.87417,59.63362],[-161.96889,58.67167],[-161.355,58.67084],[-160.35527,59.07112],[-159.98129,58.57255],[-159.71167,58.93139],[-159.05861,58.42419],[-158.51722,58.78778],[-158.19473,58.6158],[-157.04167,58.91889],[-157.55027,58.32833],[-157.72277,57.57],[-158.68444,57.01668],[-160.07056,56.41806],[-160.5636,56.00806],[-161.80417,55.89499],[-162.87,55.34804],[-164.94223,54.57223],[-164.78557,54.40417],[-163.06945,54.68974],[-160.28972,55.64358],[-159.60333,55.56669],[-158.43332,55.99415],[-158.11722,56.46361],[-156.5561,56.97999],[-156.30833,57.42277],[-154.23249,58.14637],[-153.28751,58.86473],[-154.01917,59.35028],[-152.57833,60.06166],[-151.89584,60.7272],[-150.62111,61.28443],[-150.34694,61.03359],[-151.40972,60.7258],[-151.85943,59.74498],[-151.71639,59.15582],[-150.60824,59.36821],[-149.72786,59.70566],[-148.01807,59.97833],[-148.22431,60.67299],[-147.11437,60.88466],[-145.92556,60.45861],[-143.95888,59.99918],[-142.57444,60.08445],[-139.86779,59.53776],[-137.80001,58.5],[-136.62806,58.21221],[-134.07806,58.12307],[-133.53918,57.17889],[-132.25001,56.37],[-131.96721,55.49778],[-131.08582,55.17891],[-130.53611,54.80275],[-129.98,55.285],[-130.00778,55.91583],[-131.70781,56.55212],[-133.35556,58.41028],[-134.945,59.27056],[-135.47583,59.78778],[-136.47972,59.46389],[-137.4525,58.905],[-139.039,60],[-140.013,60.27682],[-140.99778,60.30639],[-140.9925,66.00003],[-140.98599,69.712]]],[[[-171.73166,63.78252],[-171.79111,63.40585],[-170.67139,63.37582],[-169.52944,62.97693],[-168.68944,63.29751],[-170.49111,63.69498],[-171.73166,63.78252]]]]},"properties":{"NAME":"United States of America","NAME_LONG":"United States","ADMIN":"United States of America","ABBREV":"U.S.A.","ISO_A2":"US","ISO_A3":"USA","ISO_N3":"840","CONTINENT":"North America","REGION_UN":"Americas","SUBREGION":"Northern America","name":"United States of America","code":"US","iso_a2":"US","iso_a3":"USA","continent":"North America"}},{"type":"Feature","geometry":{"type":"Polygon","coordinates":[[[87.35997,49.21498],[86.82936,49.82668],[85.54127,49.69286],[85.11556,50.1173],[84.41638,50.3114],[83.93512,50.88925],[83.383,51.06918],[81.94599,50.8122],[80.56845,51.38834],[80.03556,50.86475],[77.80092,53.40442],[76.52518,54.177],[76.8911,54.49052],[74.38482,53.54685],[73.42568,53.48981],[73.50852,54.03562],[72.22415,54.37666],[71.18013,54.13329],[70.86527,55.16973],[69.06817,55.38525],[68.1691,54.97039],[65.66687,54.60125],[65.17853,54.35423],[61.4366,54.00625],[60.97807,53.66499],[61.69999,52.98],[60.73999,52.71999],[60.92727,52.44755],[59.96753,51.96042],[61.588,51.27266],[61.33742,50.79907],[59.93281,50.84219],[59.64228,50.54544],[58.36332,51.06364],[56.77798,51.04355],[55.71694,50.62171],[52.32872,51.71865],[50.76665,51.69276],[48.70238,50.60513],[48.57784,49.87476],[47.54948,50.4547],[46.7516,49.35601],[47.04367,49.15204],[46.46645,48.39415],[47.31524,47.71585],[48.05725,47.74377],[48.69473,47.07563],[48.59325,46.56104],[49.10116,46.39933],[50.03408,46.60899],[51.19195,47.04871],[52.04202,46.80464],[53.04274,46.85301],[53.22087,46.23465],[53.04088,45.25905],[52.16739,45.40839],[51.3169,45.246],[51.2785,44.51485],[50.30564,44.60984],[50.33913,44.28402],[50.89129,44.03103],[51.34243,43.13298],[52.50143,42.7923],[52.69211,42.4439],[52.50246,41.78332],[52.94429,42.11603],[54.07942,42.32411],[54.75535,42.04397],[55.45525,41.25986],[55.96819,41.30864],[55.92892,44.99586],[58.50313,45.5868],[61.05832,44.40582],[62.0133,43.50448],[63.18579,43.65008],[64.90082,43.72808],[66.09801,42.99766],[66.02339,41.99465],[66.51065,41.98764],[66.71405,41.16844],[67.98586,41.13599],[68.2599,40.66233],[68.63248,40.66868],[69.07003,41.38424],[70.38897,42.08131],[70.96232,42.26615],[71.18628,42.70429],[71.84464,42.8454],[73.48976,42.50089],[73.6453,43.09127],[74.21287,43.29834],[75.63697,42.8779],[76.00035,42.98802],[79.14218,42.85609],[79.64365,42.49668],[80.25999,42.35],[80.18015,42.92007],[80.86621,43.18036],[79.96611,44.91752],[81.94707,45.31703],[82.45893,45.53965],[83.18048,47.33003],[85.16429,47.00096],[85.72048,47.45297],[85.76823,48.45575],[86.59878,48.54918],[87.35997,49.21498]]]},"properties":{"NAME":"Kazakhstan","NAME_LONG":"Kazakhstan","ADMIN":"Kazakhstan","ABBREV":"Kaz.","ISO_A2":"KZ","ISO_A3":"KAZ","ISO_N3":"398","CONTINENT":"Asia","REGION_UN":"Asia","SUBREGION":"Central Asia","name":"Kazakhstan","code":"KZ","iso_a2":"KZ","iso_a3":"KAZ","continent":"Asia"}},{"type":"Feature","geometry":{"type":"Polygon","coordinates":[[[55.96819,41.30864],[57.09639,41.32231],[56.93222,41.82603],[57.78653,42.17055],[58.62901,42.75155],[59.97642,42.22308],[60.08334,41.42515],[60.46595,41.22033],[61.54718,41.26637],[61.88271,41.08486],[62.37426,40.05389],[64.17022,38.89241],[65.216,38.4027],[66.54615,37.97469],[66.51861,37.36278],[67.07578,37.35614],[67.83,37.14499],[68.39203,38.15702],[68.17603,38.90155],[67.44222,39.14014],[67.70143,39.58048],[68.53642,39.53345],[69.01163,40.08616],[69.32949,40.72782],[70.66662,40.96021],[70.45816,40.4965],[70.60141,40.21853],[71.0142,40.24437],[71.77487,40.14584],[73.05542,40.86603],[71.87012,41.3929],[71.15786,41.14359],[70.42002,41.52],[71.25925,42.16771],[70.96232,42.26615],[70.38897,42.08131],[69.07003,41.38424],[68.63248,40.66868],[68.2599,40.66233],[67.98586,41.13599],[66.71405,41.16844],[66.51065,41.98764],[66.02339,41.99465],[66.09801,42.99766],[64.90082,43.72808],[63.18579,43.65008],[62.0133,43.50448],[61.05832,44.40582],[58.50313,45.5868],[55.92892,44.99586],[55.96819,41.30864]]]},"properties":{"NAME":"Uzbekistan","NAME_LONG":"Uzbekistan","ADMIN":"Uzbekistan","ABBREV":"Uzb.","ISO_A2":"UZ","ISO_A3":"UZB","ISO_N3":"860","CONTINENT":"Asia","REGION_UN":"Asia","SUBREGION":"Central Asia","name":"Uzbekistan","code":"UZ","iso_a2":"UZ","iso_a3":"UZB","continent":"Asia"}},{"type":"Feature","geometry":{"type":"MultiPolygon","coordinates":[[[[141.00021,-2.60015],[141.01706,-5.85902],[141.03385,-9.11789],[142.06826,-9.1596],[142.62843,-9.32682],[143.41391,-8.98307],[143.28638,-8.24549],[143.89709,-7.91533],[144.74417,-7.63013],[146.04848,-8.06741],[146.56788,-8.94255],[147.91302,-10.13044],[149.78231,-10.39327],[150.02839,-10.65248],[150.69058,-10.58271],[150.80163,-10.29369],[149.7388,-9.87294],[150.03873,-9.68432],[149.26663,-9.51441],[149.30684,-9.07144],[148.73411,-9.10466],[148.08464,-8.04411],[147.19187,-7.38802],[146.9709,-6.72166],[147.89111,-6.61401],[147.64807,-6.08366],[145.98192,-5.46561],[145.82979,-4.8765],[144.58397,-3.86142],[142.73525,-3.28915],[141.00021,-2.60015]]],[[[152.64002,-3.65998],[152.23999,-3.24001],[150.93997,-2.5],[150.66205,-2.74149],[151.38428,-3.03542],[152.40603,-3.78974],[152.82729,-4.76643],[153.14004,-4.49998],[153.01999,-3.98001],[152.64002,-3.65998]]],[[[151.30139,-5.84073],[151.45911,-5.56028],[151.9828,-5.47806],[152.31869,-4.86766],[152.33874,-4.31297],[152.13679,-4.14879],[151.53786,-4.16781],[151.64788,-4.75707],[151.08967,-5.11369],[150.80747,-5.45584],[150.23691,-5.53222],[150.13976,-5.00135],[149.84556,-5.5055],[149.29841,-5.58374],[148.40183,-5.43776],[148.31894,-5.74714],[149.70996,-6.31651],[150.2412,-6.31775],[151.30139,-5.84073]]],[[[154.75999,-5.33998],[154.51411,-5.13912],[154.72919,-5.90083],[155.16699,-6.53593],[155.59999,-6.91999],[156.01997,-6.54001],[155.54775,-6.20065],[154.75999,-5.33998]]]]},"properties":{"NAME":"Papua New Guinea","NAME_LONG":"Papua New Guinea","ADMIN":"Papua New Guinea","ABBREV":"P.N.G.","ISO_A2":"PG","ISO_A3":"PNG","ISO_N3":"598","CONTINENT":"Oceania","REGION_UN":"Oceania","SUBREGION":"Melanesia","name":"Papua New Guinea","code":"PG","iso_a2":"PG","iso_a3":"PNG","continent":"Oceania"}},{"type":"Feature","geometry":{"type":"MultiPolygon","coordinates":[[[[141.00021,-2.60015],[139.92668,-2.40905],[138.32973,-1.70269],[137.44074,-1.70351],[136.29331,-2.30704],[135.4576,-3.36775],[134.42263,-2.76918],[134.14337,-1.15187],[133.98555,-0.78021],[132.38012,-0.36954],[131.86754,-0.69546],[130.51956,-0.93772],[130.94284,-1.43252],[131.83622,-1.61716],[132.23237,-2.21253],[133.69621,-2.21454],[133.78003,-2.47985],[133.06685,-2.46042],[131.9898,-2.82055],[132.75379,-3.31179],[132.75694,-3.74628],[132.98396,-4.11298],[133.36771,-4.02482],[133.66288,-3.53885],[135.1646,-4.46293],[135.98925,-4.54654],[137.92784,-5.39337],[138.40791,-6.23285],[138.66862,-7.32022],[138.0391,-7.59788],[137.61447,-8.41168],[138.88148,-8.38093],[139.12777,-8.09604],[140.14342,-8.29717],[141.03385,-9.11789],[141.01706,-5.85902],[141.00021,-2.60015]]],[[[124.96868,-8.89279],[123.98001,-9.29003],[123.55001,-9.90002],[123.57998,-10.35999],[124.43595,-10.14],[125.08852,-9.39317],[124.96868,-8.89279]]],[[[134.21013,-6.89524],[134.72462,-6.2144],[134.727,-5.73758],[134.49963,-5.44504],[134.11278,-6.14247],[134.21013,-6.89524]]],[[[117.88204,4.13755],[117.01521,4.30609],[115.86552,4.30656],[115.51908,3.16924],[115.13404,2.82148],[114.62136,1.43069],[113.80585,1.21755],[112.85981,1.49779],[112.38025,1.41012],[111.79755,0.90444],[111.15914,0.97648],[110.51406,0.77313],[109.83023,1.33814],[109.66326,2.00647],[109.06914,1.34193],[108.95266,0.41538],[109.09187,-0.45951],[109.57195,-1.31491],[110.07094,-1.59287],[110.22385,-2.93403],[111.04824,-3.04943],[111.70329,-2.99444],[112.06813,-3.47839],[113.25699,-3.11878],[113.75567,-3.43917],[114.46865,-3.4957],[114.8648,-4.10698],[116.00086,-3.65704],[116.14808,-4.01273],[116.5338,-2.48352],[116.56005,-1.48766],[117.52164,-0.80372],[117.47834,0.10248],[117.81186,0.78424],[118.99675,0.90222],[117.87563,1.82764],[118.04833,2.28769],[117.31323,3.23443],[117.88204,4.13755]]],[[[129.371,-2.80215],[128.13588,-2.84365],[127.89889,-3.39344],[129.15525,-3.36264],[129.99055,-3.4463],[130.83484,-3.85847],[130.47134,-3.09376],[129.371,-2.80215]]],[[[126.87492,-3.79098],[127.24922,-3.45906],[127.00065,-3.12932],[125.98903,-3.17727],[126.1838,-3.60738],[126.87492,-3.79098]]],[[[127.93238,2.1746],[127.60051,1.81069],[127.39949,1.01172],[127.69648,-0.2666],[128.10002,-0.9],[128.38,-0.78],[127.96803,-0.25208],[128.12017,0.35641],[128.63595,0.25849],[128.68825,1.13239],[128.59456,1.54081],[128.00416,1.62853],[127.93238,2.1746]]],[[[122.92757,0.87519],[121.66682,1.01394],[120.88578,1.30922],[120.0357,0.56648],[119.826,0.15425],[119.32339,-1.35315],[119.18097,-2.1471],[118.76777,-2.802],[119.07834,-3.48702],[119.49884,-3.49441],[119.65361,-4.45942],[119.36691,-5.37988],[119.79654,-5.6734],[120.43072,-5.52824],[120.30545,-2.9316],[120.97239,-2.62764],[120.89818,-3.6021],[121.61917,-4.18848],[121.48946,-4.57455],[121.73823,-4.85133],[122.71957,-4.46417],[122.23639,-5.28293],[122.62852,-5.63459],[123.16233,-5.3406],[123.17096,-4.68369],[122.2719,-3.5295],[122.45457,-3.18606],[121.50827,-1.90448],[122.38853,-1.51686],[122.82272,-0.93095],[123.2584,-1.07621],[123.34057,-0.61567],[121.47582,-0.95596],[120.93591,-1.40891],[120.04087,-0.51966],[120.18308,0.23725],[121.05673,0.38122],[122.72308,0.43114],[123.68551,0.23559],[124.43704,0.42788],[125.2405,1.41984],[125.06599,1.64326],[124.07752,0.9171],[122.92757,0.87519]]],[[[120.29501,-10.25865],[120.71561,-10.23958],[120.7755,-9.96967],[119.90031,-9.36134],[118.96781,-9.55797],[120.29501,-10.25865]]],[[[121.34167,-8.53674],[120.71509,-8.23696],[119.92093,-8.44486],[119.92439,-8.81042],[121.25449,-8.93367],[122.75698,-8.64981],[122.90354,-8.09423],[122.00737,-8.46062],[121.34167,-8.53674]]],[[[118.26062,-8.36238],[117.90002,-8.09568],[117.63202,-8.4493],[117.08374,-8.45716],[116.74014,-9.03294],[117.27773,-9.0409],[119.12651,-8.70583],[118.87846,-8.28068],[118.26062,-8.36238]]],[[[108.48685,-6.42198],[108.07209,-6.34576],[107.26501,-5.95498],[106.05165,-5.89592],[105.36549,-6.85142],[106.28062,-6.9249],[106.4541,-7.3549],[108.27776,-7.76666],[108.69366,-7.6416],[109.42767,-7.74066],[110.58615,-8.1226],[111.52206,-8.30213],[112.55967,-8.37618],[113.46473,-8.34895],[114.56451,-8.75182],[115.70553,-8.37081],[114.47894,-7.77653],[112.97877,-7.59421],[112.61481,-6.94604],[110.75958,-6.46519],[110.53923,-6.87736],[108.62348,-6.77767],[108.48685,-6.42198]]],[[[104.36999,-1.08484],[104.01079,-1.05921],[103.43765,-0.71195],[103.8384,0.10454],[103.07684,0.56136],[102.49827,1.3987],[101.65801,2.0837],[100.64143,2.09938],[99.694,3.17433],[98.36917,4.26837],[97.48488,5.24632],[95.29303,5.47982],[95.38088,4.97078],[96.42402,3.86886],[97.17694,3.30879],[97.6996,2.45318],[98.60135,1.82351],[98.97001,1.04288],[99.26374,0.18314],[100.14198,-0.65035],[100.9025,-2.05026],[101.39911,-2.79978],[102.15617,-3.61415],[102.58426,-4.22026],[103.86821,-5.03732],[104.71038,-5.87328],[105.81766,-5.85236],[105.85745,-4.30552],[106.10859,-3.06178],[105.62211,-2.42884],[104.88789,-2.34043],[104.53949,-1.78237],[104.36999,-1.08484]]]]},"properties":{"NAME":"Indonesia","NAME_LONG":"Indonesia","ADMIN":"Indonesia","ABBREV":"Indo.","ISO_A2":"ID","ISO_A3":"IDN","ISO_N3":"360","CONTINENT":"Asia","REGION_UN":"Asia","SUBREGION":"South-Eastern Asia","name":"Indonesia","code":"ID","iso_a2":"ID","iso_a3":"IDN","continent":"Asia"}},{"type":"Feature","geometry":{"type":"MultiPolygon","coordinates":[[[[-68.63401,-52.63637],[-68.63335,-54.8695],[-66.95992,-54.89681],[-66.45,-55.25],[-65.5,-55.2],[-65.05,-54.7],[-66.45,-54.45],[-67.75,-53.85],[-68.63401,-52.63637]]],[[[-57.62513,-30.21629],[-56.2909,-28.85276],[-55.16229,-27.88191],[-53.64873,-26.92347],[-53.62835,-26.12486],[-54.13005,-25.54764],[-54.62529,-25.73925],[-54.78879,-26.62179],[-55.69585,-27.38784],[-56.4867,-27.5485],[-57.60976,-27.3959],[-58.61817,-27.12372],[-57.63366,-25.60366],[-57.77722,-25.16234],[-58.80713,-24.77146],[-60.02897,-24.0328],[-60.84656,-23.88071],[-62.68506,-22.24903],[-62.84647,-22.03498],[-63.98684,-21.99364],[-64.37702,-22.79809],[-64.96489,-22.07586],[-66.27334,-21.83231],[-67.10667,-22.73592],[-66.98523,-22.98635],[-67.32844,-24.0253],[-68.41765,-24.51855],[-68.386,-26.18502],[-68.5948,-26.50691],[-68.29554,-26.89934],[-69.00123,-27.52121],[-69.65613,-28.45914],[-70.01355,-29.36792],[-69.91901,-30.33634],[-70.53507,-31.36501],[-70.0744,-33.09121],[-69.81478,-33.27389],[-69.81731,-34.19357],[-70.38805,-35.16969],[-70.36477,-36.00509],[-71.12188,-36.65812],[-71.11862,-37.57683],[-70.81466,-38.553],[-71.41352,-38.91602],[-71.91573,-40.83234],[-71.7468,-42.05139],[-72.1489,-42.25489],[-71.91542,-43.40856],[-71.46406,-43.78761],[-71.79362,-44.20717],[-71.3298,-44.40752],[-71.22278,-44.78424],[-71.65932,-44.97369],[-71.55201,-45.56073],[-71.91726,-46.88484],[-72.44735,-47.73853],[-72.33116,-48.24424],[-72.64825,-48.87862],[-73.41544,-49.31844],[-73.32805,-50.37878],[-72.97575,-50.74145],[-72.30997,-50.67701],[-72.3294,-51.42596],[-71.9148,-52.00902],[-69.49836,-52.14276],[-68.57154,-52.29944],[-68.14999,-52.34998],[-68.81556,-51.7711],[-69.13854,-50.73251],[-68.72874,-50.26422],[-67.81609,-49.86967],[-67.16618,-48.69734],[-65.98509,-48.13329],[-65.64103,-47.23613],[-66.59707,-47.03392],[-67.58055,-46.30177],[-67.29379,-45.5519],[-66.50997,-45.03963],[-65.56527,-45.03679],[-65.32882,-44.50137],[-65.1818,-43.49538],[-64.3788,-42.87356],[-63.45806,-42.56314],[-63.75595,-42.04369],[-64.30341,-42.35902],[-64.97856,-42.058],[-65.11804,-41.06431],[-64.73209,-40.80268],[-63.77049,-41.16679],[-62.7458,-41.02876],[-62.14599,-40.6769],[-62.33053,-40.17259],[-62.12576,-39.4241],[-62.33596,-38.82771],[-61.23744,-38.92842],[-59.23186,-38.72022],[-57.74916,-38.18387],[-56.78828,-36.90157],[-56.73749,-36.41313],[-57.36236,-35.97739],[-57.22583,-35.28803],[-58.49544,-34.43149],[-58.42707,-33.90945],[-58.34961,-33.26319],[-58.13265,-33.04057],[-58.14244,-32.0445],[-57.62513,-30.21629]]]]},"properties":{"NAME":"Argentina","NAME_LONG":"Argentina","ADMIN":"Argentina","ABBREV":"Arg.","ISO_A2":"AR","ISO_A3":"ARG","ISO_N3":"032","CONTINENT":"South America","REGION_UN":"Americas","SUBREGION":"South America","name":"Argentina","code":"AR","iso_a2":"AR","iso_a3":"ARG","continent":"South America"}},{"type":"Feature","geometry":{"type":"MultiPolygon","coordinates":[[[[-68.63401,-52.63637],[-69.34565,-52.5183],[-70.26748,-52.93123],[-70.59178,-53.61583],[-71.10773,-54.07433],[-72.43418,-53.7154],[-73.8381,-53.04743],[-74.66253,-52.83749],[-73.2852,-53.95752],[-71.00568,-55.05383],[-69.95809,-55.19843],[-69.2321,-55.49906],[-68.14863,-55.61183],[-67.29103,-55.30124],[-66.95992,-54.89681],[-68.63335,-54.8695],[-68.63401,-52.63637]]],[[[-69.59042,-17.58001],[-69.85844,-18.09269],[-70.37257,-18.34798],[-70.16442,-19.75647],[-70.09125,-21.39332],[-70.40397,-23.629],[-70.72495,-25.70592],[-70.90512,-27.64038],[-71.48989,-28.86144],[-71.37008,-30.09568],[-71.66872,-30.92064],[-71.43845,-32.4189],[-71.86173,-33.90909],[-72.55314,-35.50884],[-73.16672,-37.12378],[-73.58806,-37.15628],[-73.50556,-38.28288],[-73.21759,-39.25869],[-73.6771,-39.94221],[-74.01796,-41.79481],[-74.33194,-43.22496],[-73.70134,-43.36578],[-73.3889,-42.11753],[-72.7178,-42.38336],[-73.24036,-44.45496],[-74.35171,-44.10304],[-74.69215,-45.76398],[-75.64439,-46.64764],[-74.12658,-46.93925],[-75.18277,-47.71192],[-75.60801,-48.67377],[-75.47975,-50.37837],[-74.97663,-51.0434],[-75.26003,-51.62935],[-74.94676,-52.26275],[-73.70276,-52.83507],[-72.55794,-53.53141],[-71.42979,-53.85645],[-71.00633,-53.83325],[-70.8451,-52.8992],[-69.46128,-52.29195],[-68.57154,-52.29944],[-69.49836,-52.14276],[-71.9148,-52.00902],[-72.3294,-51.42596],[-72.30997,-50.67701],[-72.97575,-50.74145],[-73.32805,-50.37878],[-73.41544,-49.31844],[-72.64825,-48.87862],[-72.33116,-48.24424],[-72.44735,-47.73853],[-71.91726,-46.88484],[-71.55201,-45.56073],[-71.65932,-44.97369],[-71.22278,-44.78424],[-71.3298,-44.40752],[-71.79362,-44.20717],[-71.46406,-43.78761],[-71.91542,-43.40856],[-72.1489,-42.25489],[-71.7468,-42.05139],[-71.91573,-40.83234],[-71.41352,-38.91602],[-70.81466,-38.553],[-71.11862,-37.57683],[-71.12188,-36.65812],[-70.36477,-36.00509],[-70.38805,-35.16969],[-69.81731,-34.19357],[-69.81478,-33.27389],[-70.0744,-33.09121],[-70.53507,-31.36501],[-69.91901,-30.33634],[-70.01355,-29.36792],[-69.65613,-28.45914],[-69.00123,-27.52121],[-68.29554,-26.89934],[-68.5948,-26.50691],[-68.386,-26.18502],[-68.41765,-24.51855],[-67.32844,-24.0253],[-66.98523,-22.98635],[-67.10667,-22.73592],[-67.82818,-22.87292],[-68.21991,-21.49435],[-68.75717,-20.37266],[-68.44222,-19.40507],[-68.96682,-18.98168],[-69.10025,-18.26012],[-69.59042,-17.58001]]]]},"properties":{"NAME":"Chile","NAME_LONG":"Chile","ADMIN":"Chile","ABBREV":"Chile","ISO_A2":"CL","ISO_A3":"CHL","ISO_N3":"152","CONTINENT":"South America","REGION_UN":"Americas","SUBREGION":"South America","name":"Chile","code":"CL","iso_a2":"CL","iso_a3":"CHL","continent":"South America"}},{"type":"Feature","geometry":{"type":"Polygon","coordinates":[[[29.34,-4.49998],[29.27638,-3.29391],[29.02493,-2.83926],[29.25484,-2.21511],[29.29189,-1.62006],[29.57947,-1.34131],[29.58784,-0.58741],[29.8195,-0.20531],[29.87578,0.59738],[30.46851,1.58381],[31.17415,2.20447],[30.77335,2.33988],[30.83385,3.50917],[29.9535,4.1737],[29.716,4.60081],[29.15908,4.38927],[28.69668,4.45508],[28.42899,4.28716],[27.97998,4.40841],[27.37423,5.23394],[27.04407,5.12785],[25.65046,5.25609],[24.80503,4.89725],[24.41053,5.10878],[23.29721,4.60969],[22.70412,4.63305],[22.40512,4.02916],[20.92759,4.32279],[20.29068,4.69168],[19.46778,5.03153],[18.93231,4.70951],[18.54298,4.20179],[18.45306,3.50439],[18.39379,2.90044],[17.89883,1.74183],[17.77419,0.85566],[17.82654,0.28892],[17.52372,-0.74383],[16.86531,-1.22582],[16.40709,-1.74093],[15.9728,-2.71239],[16.00629,-3.53513],[14.5826,-4.97024],[14.20904,-4.79309],[14.14496,-4.51001],[13.60024,-4.50014],[13.25824,-4.88296],[12.99552,-4.7811],[12.468,-5.24836],[12.43669,-5.6843],[12.18234,-5.78993],[12.32243,-6.10009],[13.3756,-5.86424],[16.32653,-5.87747],[16.86019,-7.2223],[17.47297,-8.06855],[18.46418,-7.84701],[19.01675,-7.98825],[19.4175,-7.15543],[20.03772,-7.11636],[20.09162,-6.94309],[20.60182,-6.93932],[20.51475,-7.29961],[21.72811,-7.29087],[21.74646,-7.92008],[21.94913,-8.3059],[21.8018,-8.90871],[21.87518,-9.52371],[22.20875,-9.8948],[22.15527,-11.0848],[23.45679,-10.86786],[23.91222,-10.92683],[24.25716,-10.95199],[24.31452,-11.26283],[25.41812,-11.33094],[25.75231,-11.78496],[26.55309,-11.92444],[27.16442,-11.60875],[27.3888,-12.13275],[28.15511,-12.27248],[28.93429,-13.24896],[29.69961,-13.25723],[29.616,-12.17889],[29.34155,-12.36074],[28.37225,-11.79365],[28.67368,-9.60592],[28.44987,-9.16492],[28.73487,-8.52656],[29.00291,-8.40703],[30.34609,-8.23826],[30.74001,-8.34001],[30.2,-7.07998],[29.62003,-6.52001],[29.41999,-5.94],[29.51999,-5.41998],[29.34,-4.49998]]]},"properties":{"NAME":"Dem. Rep. Congo","NAME_LONG":"Democratic Republic of the Congo","ADMIN":"Democratic Republic of the Congo","ABBREV":"D.R.C.","ISO_A2":"CD","ISO_A3":"COD","ISO_N3":"180","CONTINENT":"Africa","REGION_UN":"Africa","SUBREGION":"Middle Africa","name":"Dem. Rep. Congo","code":"CD","iso_a2":"CD","iso_a3":"COD","continent":"Africa"}},{"type":"Feature","geometry":{"type":"Polygon","coordinates":[[[41.58513,-1.68325],[42.04157,-0.91916],[43.13597,0.2922],[44.06815,1.05283],[45.56399,2.04576],[46.56476,2.85529],[47.74079,4.2194],[48.59455,5.33911],[49.4527,6.80466],[50.07092,8.08173],[50.55239,9.19874],[50.83418,10.27972],[51.04531,10.6409],[51.1112,12.02464],[50.73202,12.0219],[50.25878,11.67957],[48.94821,11.41062],[48.93813,9.45175],[47.78942,8.003],[44.9636,5.00162],[43.66087,4.95755],[42.76967,4.25259],[42.12861,4.23413],[41.85508,3.91891],[40.98105,2.78452],[40.993,-0.85829],[41.58513,-1.68325]]]},"properties":{"NAME":"Somalia","NAME_LONG":"Somalia","ADMIN":"Somalia","ABBREV":"Som.","ISO_A2":"SO","ISO_A3":"SOM","ISO_N3":"706","CONTINENT":"Africa","REGION_UN":"Africa","SUBREGION":"Eastern Africa","name":"Somalia","code":"SO","iso_a2":"SO","iso_a3":"SOM","continent":"Africa"}},{"type":"Feature","geometry":{"type":"Polygon","coordinates":[[[39.20222,-4.67677],[39.60489,-4.34653],[39.80006,-3.68116],[40.12119,-3.27768],[40.26304,-2.57309],[40.63785,-2.49979],[40.88477,-2.08255],[41.58513,-1.68325],[40.993,-0.85829],[40.98105,2.78452],[41.85508,3.91891],[41.1718,3.91909],[40.76848,4.25702],[39.85494,3.83879],[39.55938,3.42206],[38.67114,3.61607],[38.12091,3.59861],[36.85509,4.44786],[36.15908,4.44786],[35.81745,4.77697],[35.81745,5.33823],[35.29801,5.506],[34.005,4.24989],[34.47913,3.5556],[34.59607,3.05374],[35.03599,1.90584],[34.6721,1.17694],[33.89357,0.10981],[33.90371,-0.95],[37.69869,-3.09699],[37.7669,-3.67712],[39.20222,-4.67677]]]},"properties":{"NAME":"Kenya","NAME_LONG":"Kenya","ADMIN":"Kenya","ABBREV":"Ken.","ISO_A2":"KE","ISO_A3":"KEN","ISO_N3":"404","CONTINENT":"Africa","REGION_UN":"Africa","SUBREGION":"Eastern Africa","name":"Kenya","code":"KE","iso_a2":"KE","iso_a3":"KEN","continent":"Africa"}},{"type":"Feature","geometry":{"type":"Polygon","coordinates":[[[24.56737,8.22919],[23.88698,8.61973],[24.53742,8.91754],[24.79493,9.81024],[25.0696,10.27376],[25.79063,10.4111],[26.47733,9.55273],[27.83355,9.60423],[27.97089,9.39822],[28.9666,9.39822],[29.00093,9.60423],[29.51595,9.79307],[29.61896,10.08492],[29.99664,10.29093],[30.83784,9.70724],[31.35286,9.81024],[31.85072,10.53127],[32.40007,11.08063],[32.31423,11.68148],[32.07389,11.97333],[32.67475,12.02483],[32.74342,12.24801],[33.20694,12.17934],[33.08677,11.44114],[33.20694,10.72011],[33.72196,10.32526],[33.82496,9.48406],[33.96339,9.46429],[33.97498,8.68456],[33.96162,9.58358],[34.25745,10.63009],[34.73115,10.91017],[34.83163,11.31896],[35.26049,12.08286],[35.86363,12.57828],[36.27022,13.56333],[36.42951,14.42211],[36.32322,14.82249],[36.75389,16.29186],[36.85253,16.95655],[37.16747,17.26314],[37.904,17.42754],[38.41009,17.99831],[37.48179,18.61409],[37.1147,19.80796],[36.96941,20.83744],[37.18872,21.01885],[36.86623,22],[32.9,22],[29.02,22],[25,22],[25,20.00304],[23.85,20],[23.83766,19.58047],[23.88689,15.61084],[23.02459,15.68072],[22.30351,14.32682],[22.51202,14.09318],[22.18329,13.78648],[22.29658,13.37232],[21.93681,12.58818],[22.28801,12.64605],[22.49762,12.26024],[22.50869,11.67936],[22.87622,11.38461],[22.86417,11.1424],[22.97754,10.71446],[23.5543,10.08926],[23.39478,9.26507],[23.45901,8.95429],[23.80581,8.66632],[24.56737,8.22919]]]},"properties":{"NAME":"Sudan","NAME_LONG":"Sudan","ADMIN":"Sudan","ABBREV":"Sudan","ISO_A2":"SD","ISO_A3":"SDN","ISO_N3":"729","CONTINENT":"Africa","REGION_UN":"Africa","SUBREGION":"Northern Africa","name":"Sudan","code":"SD","iso_a2":"SD","iso_a3":"SDN","continent":"Africa"}},{"type":"Feature","geometry":{"type":"Polygon","coordinates":[[[23.83766,19.58047],[19.84926,21.49509],[15.86085,23.40972],[14.8513,22.86295],[15.09689,21.30852],[15.47106,21.04845],[15.48715,20.73042],[15.90325,20.38762],[15.68574,19.95718],[15.30044,17.92795],[15.24773,16.62731],[13.97217,15.68437],[13.54039,14.36713],[13.9567,13.99669],[13.95448,13.35345],[14.59578,13.33043],[14.49579,12.8594],[14.89336,12.21905],[14.92357,10.89133],[15.46787,9.98234],[14.6272,9.92092],[14.17147,10.02138],[13.95422,9.5495],[14.54447,8.96586],[14.98,8.7961],[15.43609,7.69281],[15.27946,7.42193],[16.10623,7.49709],[16.29056,7.75431],[16.70599,7.50833],[17.96493,7.89091],[18.91102,8.6309],[18.81201,8.98292],[19.09401,9.07485],[20.05969,9.01271],[21.00087,9.47599],[21.72382,10.56706],[22.23113,10.97189],[22.86417,11.1424],[22.87622,11.38461],[22.50869,11.67936],[22.49762,12.26024],[22.28801,12.64605],[21.93681,12.58818],[22.29658,13.37232],[22.18329,13.78648],[22.51202,14.09318],[22.30351,14.32682],[23.02459,15.68072],[23.88689,15.61084],[23.83766,19.58047]]]},"properties":{"NAME":"Chad","NAME_LONG":"Chad","ADMIN":"Chad","ABBREV":"Chad","ISO_A2":"TD","ISO_A3":"TCD","ISO_N3":"148","CONTINENT":"Africa","REGION_UN":"Africa","SUBREGION":"Middle Africa","name":"Chad","code":"TD","iso_a2":"TD","iso_a3":"TCD","continent":"Africa"}},{"type":"Feature","geometry":{"type":"Polygon","coordinates":[[[-71.71236,19.71446],[-73.18979,19.91568],[-73.41502,19.63955],[-72.7841,19.48359],[-72.79165,19.10162],[-72.33488,18.66842],[-72.69494,18.4458],[-74.36992,18.66491],[-74.45803,18.34255],[-73.92243,18.03099],[-73.45455,18.21791],[-72.37248,18.21496],[-71.7083,18.045],[-71.94511,18.6169],[-71.7013,18.78542],[-71.71236,19.71446]]]},"properties":{"NAME":"Haiti","NAME_LONG":"Haiti","ADMIN":"Haiti","ABBREV":"Haiti","ISO_A2":"HT","ISO_A3":"HTI","ISO_N3":"332","CONTINENT":"North America","REGION_UN":"Americas","SUBREGION":"Caribbean","name":"Haiti","code":"HT","iso_a2":"HT","iso_a3":"HTI","continent":"North America"}},{"type":"Feature","geometry":{"type":"Polygon","coordinates":[[[-71.7083,18.045],[-71.40021,17.59856],[-70.99995,18.28333],[-70.6693,18.42689],[-70.51714,18.18429],[-69.95293,18.42831],[-69.16495,18.42265],[-68.68932,18.20514],[-68.31794,18.6122],[-68.80941,18.97907],[-69.25435,19.0152],[-69.22213,19.31321],[-69.76925,19.29327],[-69.95082,19.648],[-70.80671,19.88029],[-71.5873,19.88491],[-71.71236,19.71446],[-71.7013,18.78542],[-71.94511,18.6169],[-71.7083,18.045]]]},"properties":{"NAME":"Dominican Rep.","NAME_LONG":"Dominican Republic","ADMIN":"Dominican Republic","ABBREV":"Dom. Rep.","ISO_A2":"DO","ISO_A3":"DOM","ISO_N3":"214","CONTINENT":"North America","REGION_UN":"Americas","SUBREGION":"Caribbean","name":"Dominican Rep.","code":"DO","iso_a2":"DO","iso_a3":"DOM","continent":"North America"}},{"type":"Feature","geometry":{"type":"MultiPolygon","coordinates":[[[[178.7253,71.0988],[178.90343,70.78114],[180,70.8322],[180,71.51571],[178.7253,71.0988]]],[[[49.10116,46.39933],[48.59325,46.56104],[48.69473,47.07563],[48.05725,47.74377],[47.31524,47.71585],[46.46645,48.39415],[47.04367,49.15204],[46.7516,49.35601],[47.54948,50.4547],[48.57784,49.87476],[48.70238,50.60513],[50.76665,51.69276],[52.32872,51.71865],[55.71694,50.62171],[56.77798,51.04355],[58.36332,51.06364],[59.64228,50.54544],[59.93281,50.84219],[61.33742,50.79907],[61.588,51.27266],[59.96753,51.96042],[60.92727,52.44755],[60.73999,52.71999],[61.69999,52.98],[60.97807,53.66499],[61.4366,54.00625],[65.17853,54.35423],[65.66687,54.60125],[68.1691,54.97039],[69.06817,55.38525],[70.86527,55.16973],[71.18013,54.13329],[72.22415,54.37666],[73.50852,54.03562],[73.42568,53.48981],[74.38482,53.54685],[76.8911,54.49052],[76.52518,54.177],[77.80092,53.40442],[80.03556,50.86475],[80.56845,51.38834],[81.94599,50.8122],[83.383,51.06918],[83.93512,50.88925],[84.41638,50.3114],[85.11556,50.1173],[85.54127,49.69286],[86.82936,49.82668],[87.35997,49.21498],[87.75126,49.2972],[88.80557,49.47052],[90.71367,50.33181],[92.23471,50.80217],[93.10421,50.49529],[94.14757,50.48054],[94.81595,50.01343],[95.81402,49.97746],[97.25976,49.72605],[98.23176,50.4224],[97.82574,51.011],[98.86149,52.04737],[99.98173,51.63401],[102.06521,51.25991],[102.25589,50.51056],[103.67655,50.08997],[105.88659,50.40602],[106.8888,50.2743],[107.86818,49.79371],[108.47517,49.28255],[109.40245,49.29296],[110.66201,49.13013],[111.58123,49.37797],[112.89774,49.54357],[114.36246,50.2483],[114.96211,50.14025],[115.4857,49.80518],[116.6788,49.88853],[117.87924,49.51098],[119.28846,50.14288],[119.27939,50.58292],[120.18208,51.64355],[120.7382,51.96411],[120.72579,52.51623],[120.17709,52.75389],[121.00309,53.2514],[122.24575,53.43173],[123.57147,53.4588],[125.06821,53.16105],[125.94635,52.7928],[127.28746,50.7398],[127.6574,49.76027],[129.39782,49.4406],[130.58229,48.72969],[130.98726,47.79013],[132.50669,47.78896],[133.3736,48.18344],[135.02631,48.47823],[134.50081,47.57845],[134.11235,47.21248],[133.76964,46.11693],[133.09712,45.14409],[131.88345,45.32116],[131.02519,44.96796],[131.28856,44.11152],[131.14469,42.92999],[130.63387,42.90302],[130.64,42.39502],[130.77999,42.22001],[130.78,42.22001],[130.93587,42.55274],[132.27807,43.28456],[132.90627,42.79849],[133.53687,42.81147],[134.86939,43.39821],[136.86232,45.1435],[138.21971,46.30795],[138.55472,46.99965],[140.06193,48.44671],[140.51308,50.04553],[140.59742,51.23967],[141.37923,52.23877],[141.34531,53.08957],[139.90151,54.18968],[138.80463,54.25455],[138.1647,53.75501],[137.19342,53.97732],[136.70171,54.60355],[135.12619,54.72959],[138.95848,57.08805],[142.19782,59.03998],[145.48722,59.33637],[148.54481,59.16448],[149.78371,59.65573],[151.33815,59.50396],[151.26573,58.78089],[152.81185,58.88385],[155.04375,59.14495],[154.21806,59.75818],[156.72068,61.43442],[159.30232,61.77396],[160.12148,60.54423],[162.65791,61.6425],[163.25842,62.46627],[164.47355,62.55061],[163.66969,61.1409],[161.87204,60.343],[160.15064,59.31477],[158.36433,58.05575],[156.81035,57.83204],[156.75815,57.3647],[155.91442,56.76792],[155.43366,55.38103],[155.99182,53.15895],[156.42,51.7],[156.78979,51.01105],[158.23118,51.94269],[158.53094,52.95868],[160.02173,53.20257],[160.36877,54.34433],[162.11749,54.85514],[161.70146,55.28568],[162.12958,56.12219],[163.05794,56.15924],[163.19191,57.61503],[162.05297,57.83912],[162.01733,58.24328],[163.21711,59.21101],[163.53929,59.86871],[164.87674,59.7316],[165.84,60.16],[166.29498,59.78855],[168.90046,60.57355],[170.33085,59.88177],[170.6985,60.33618],[173.68013,61.65261],[174.56929,61.76915],[177.3643,62.5219],[179.22825,62.3041],[179.37034,62.98262],[178.90825,63.25197],[178.313,64.07593],[177.41128,64.60821],[178.7072,64.53493],[180,64.97971],[180,68.96364],[178.6,69.4],[175.72403,69.87725],[173.64391,69.81743],[170.45345,70.09703],[170.0082,69.65276],[170.81688,69.01363],[169.57763,68.6938],[167.83567,69.58269],[165.94037,69.47199],[164.05248,69.66823],[162.27907,69.64204],[160.94053,69.43728],[159.70866,69.72198],[159.83031,70.45324],[158.99779,70.86672],[157.00688,71.03141],[152.9689,70.84222],[150.35118,71.60643],[149.5,72.2],[140.46817,72.84941],[139.14791,72.41619],[139.86983,71.48783],[138.23409,71.62803],[137.49755,71.34763],[135.56193,71.65525],[133.85766,71.38642],[132.2535,71.8363],[131.28858,70.78699],[129.71599,71.19304],[128.46,71.98],[129.05157,72.39872],[128.59126,73.03871],[126.97644,73.56549],[125.38,73.56],[123.25777,73.73503],[123.20066,72.97122],[119.02,73.12],[118.77633,73.58772],[115.56782,73.75285],[113.96881,73.59488],[113.52958,73.33505],[113.01954,73.97693],[112.11919,73.78774],[109.4,74.18],[110.15125,74.47673],[113.88539,75.32779],[114.13417,75.84764],[113.33151,76.22224],[111.07726,76.71],[108.1538,76.72335],[107.24,76.48],[106.97013,76.97419],[104.705,77.1274],[106.06664,77.37389],[104.3516,77.69792],[101.99084,77.28754],[100.75967,76.43028],[98.92254,76.44689],[96.67821,75.91548],[95.86,76.14],[93.23421,76.0472],[92.90058,75.77333],[90.26,75.64],[88.31571,75.14393],[87.16682,75.11643],[86.00956,74.45967],[86.8223,73.93688],[84.65526,73.80591],[82.25,73.85],[80.51109,73.6482],[80.61071,72.58285],[81.5,71.75],[79.65202,72.32011],[77.57665,72.26717],[75.90313,71.87401],[76.35911,71.15287],[75.28898,71.33556],[75.68351,72.30056],[75.15801,72.85497],[74.65926,72.83227],[74.89082,72.12119],[73.1011,71.44717],[74.3998,70.63175],[73.60187,69.62763],[73.84236,69.07146],[74.93584,68.98918],[74.46926,68.32899],[75.052,67.76047],[74.18651,67.28429],[73.92099,66.78946],[72.82077,66.53267],[72.42301,66.17267],[71.28,66.32],[73.2387,67.7404],[73.66787,68.4079],[72.5647,69.02085],[72.79188,70.39114],[72.47011,71.09019],[71.84811,71.40898],[72.79603,72.22006],[72.58754,72.77629],[69.94,73.04],[69.19636,72.84336],[68.54006,71.9345],[66.69466,71.02897],[67.25976,69.92873],[66.93008,69.45461],[68.13522,69.35649],[69.18068,68.61563],[68.51216,68.09233],[64.88812,69.23484],[63.504,69.54739],[60.55,69.85],[60.03,69.52],[61.07784,68.94069],[59.94142,68.27844],[58.802,68.88082],[57.31702,68.46628],[55.44268,68.43866],[54.72628,68.09702],[53.48582,68.20131],[54.47171,68.80815],[53.71743,68.85738],[50.22766,67.99867],[48.13876,67.52238],[47.89416,66.88455],[46.34915,66.66767],[45.56202,67.01005],[45.55517,67.56652],[46.82134,67.68997],[46.25,68.25],[43.45282,68.57079],[44.18795,67.95051],[43.69839,67.35245],[44.53226,66.75634],[43.94975,66.06908],[43.01604,66.41858],[42.09309,66.47623],[39.7626,65.49682],[40.4356,64.76446],[39.59345,64.52079],[37.17604,65.14322],[36.53958,64.76446],[37.14197,64.33471],[37.01273,63.84983],[34.94391,64.41437],[34.81477,65.90015],[33.18444,66.63253],[33.91871,66.75961],[38.38295,65.99953],[40.01583,66.26618],[41.12595,66.79158],[41.05987,67.45713],[40.29234,67.9324],[36.51396,69.06342],[33.77547,69.30142],[32.13272,69.90595],[31.10104,69.5581],[28.59193,69.06478],[28.44594,68.36461],[29.97743,67.6983],[29.05459,66.94429],[30.21765,65.80598],[29.54443,64.94867],[30.44469,64.20445],[30.03587,63.55281],[31.51609,62.86769],[31.13999,62.35769],[28.07,60.50352],[29.1177,60.02805],[27.98113,59.47537],[28.1317,59.30083],[27.42015,58.72457],[27.71669,57.7919],[27.28819,57.47453],[27.77002,57.24426],[28.17671,56.16913],[30.87391,55.55098],[30.75753,54.81177],[31.73127,53.79403],[32.69364,53.35142],[32.30452,53.13273],[31.3052,53.074],[31.78599,52.10168],[33.7527,52.33508],[34.39173,51.76888],[34.22482,51.25599],[35.02218,51.20757],[35.35612,50.5772],[36.62617,50.22559],[37.39346,50.38395],[38.01063,49.91566],[38.59499,49.92646],[40.06904,49.60105],[39.67465,48.78382],[39.89562,48.23241],[39.73828,47.89894],[38.77057,47.82562],[38.25511,47.5464],[38.22354,47.10219],[39.1212,47.26336],[39.14767,47.04475],[37.67372,46.63657],[38.23295,46.24087],[37.40317,45.40451],[36.67546,45.24469],[37.53912,44.65721],[38.68,44.28],[39.95501,43.435],[40.07697,43.5531],[40.92219,43.38215],[42.3944,43.2203],[43.75599,42.74083],[43.93121,42.55496],[44.53762,42.71199],[45.47028,42.50278],[45.7764,42.09244],[46.40495,41.86068],[46.68607,41.82714],[47.37332,41.21973],[47.81567,41.15142],[48.58435,41.80887],[47.49252,42.98658],[47.59094,43.66016],[46.68201,44.6092],[47.67591,45.64149],[48.64541,45.80629],[49.10116,46.39933]]],[[[93.77766,81.0246],[91.18107,80.34146],[92.5454,80.14379],[93.31288,79.4265],[94.97259,79.04475],[97.75794,78.7562],[99.93976,78.88094],[100.18666,79.78014],[95.9409,81.2504],[93.77766,81.0246]]],[[[102.83782,79.28129],[101.2649,79.23399],[99.43814,77.921],[105.07547,78.30689],[105.37243,78.71334],[102.83782,79.28129]]],[[[138.83108,76.13676],[137.51176,75.94917],[136.97439,75.26167],[138.95544,74.61148],[140.61381,74.84768],[144.3,74.82],[145.08629,75.56263],[141.47162,76.09289],[138.83108,76.13676]]],[[[148.22223,75.34585],[146.35849,75.49682],[146.11919,75.17298],[147.97747,74.77836],[149.57593,74.68892],[150.73167,75.08406],[148.22223,75.34585]]],[[[139.86312,73.36983],[142.08763,73.20544],[143.60385,73.21244],[143.48283,73.47525],[142.06207,73.85758],[140.81171,73.76506],[139.86312,73.36983]]],[[[44.84696,80.58981],[47.07246,80.55942],[47.58612,80.01018],[51.52293,80.69973],[50.03977,80.91889],[44.84696,80.58981]]],[[[22.7311,54.32754],[22.75776,54.85657],[21.26845,55.19048],[19.88848,54.86616],[19.66064,54.42608],[20.89225,54.31253],[22.7311,54.32754]]],[[[53.50829,73.74981],[54.42761,73.62755],[52.44417,72.77473],[52.47828,72.22944],[51.45575,72.01488],[51.6019,71.47476],[53.41202,71.20666],[53.67738,70.76266],[56.94498,70.63274],[57.53569,70.72046],[55.62284,71.5406],[55.41934,72.37127],[58.47708,74.30906],[61.58351,75.26089],[68.18057,76.23364],[68.85221,76.54481],[68.15706,76.9397],[66.21098,76.80978],[64.49837,76.43906],[61.17004,76.25188],[55.63193,75.08141],[55.90246,74.62749],[53.50829,73.74981]]],[[[142.91462,53.70458],[142.65479,54.36588],[142.20975,54.22548],[142.60693,53.76215],[141.68255,53.30197],[141.59408,51.93544],[142.17998,50.95234],[142.1358,49.61516],[141.90445,48.85919],[142.01844,47.78013],[141.90693,46.80593],[142.09203,45.96676],[142.7477,46.74077],[143.50528,46.13791],[143.53349,46.83673],[142.55867,47.86158],[143.17393,49.30655],[144.65415,48.97639],[143.64801,50.7476],[143.23527,51.75666],[143.26085,52.74076],[142.91462,53.70458]]],[[[-174.92825,67.20589],[-180,68.96364],[-180,64.97971],[-179.43268,65.40411],[-179.88377,65.87456],[-178.68611,66.11211],[-178.90332,65.74044],[-178.35993,65.39052],[-177.22266,65.52024],[-176.20716,65.35667],[-175.98353,64.92288],[-174.65392,64.63125],[-173.89184,64.2826],[-172.95533,64.25269],[-172.555,64.46079],[-172.53025,65.43791],[-170.89107,65.54139],[-169.89958,65.97724],[-171.85731,66.91308],[-174.57182,67.06219],[-174.33983,66.33556],[-175.01425,66.58435],[-174.92825,67.20589]]],[[[-178.69378,70.89302],[-177.57794,71.26948],[-179.02433,71.55553],[-180,71.51571],[-180,70.8322],[-178.69378,70.89302]]],[[[33.43599,45.97192],[33.58816,45.85157],[32.6308,45.51919],[32.45417,45.32747],[33.54692,45.03477],[33.32642,44.56488],[33.88251,44.36148],[35.24,44.94],[36.33471,45.11322],[36.53,45.46999],[35.51001,45.40999],[35.01266,45.73773],[34.73202,45.96567],[33.69946,46.21957],[33.43599,45.97192]]]]},"properties":{"NAME":"Russia","NAME_LONG":"Russian Federation","ADMIN":"Russia","ABBREV":"Rus.","ISO_A2":"RU","ISO_A3":"RUS","ISO_N3":"643","CONTINENT":"Europe","REGION_UN":"Europe","SUBREGION":"Eastern Europe","name":"Russia","code":"RU","iso_a2":"RU","iso_a3":"RUS","continent":"Europe"}},{"type":"Feature","geometry":{"type":"MultiPolygon","coordinates":[[[[-78.98,26.79],[-78.91,26.42],[-77.82,26.58],[-77.85,26.84],[-78.98,26.79]]],[[[-77.79,27.04],[-77.34,26.53],[-77.35641,26.00735],[-77.17255,25.87918],[-77,26.59],[-77.79,27.04]]],[[[-78.19087,25.2103],[-78.40848,24.57564],[-78.03405,24.28615],[-77.78,23.71],[-77.53466,23.75975],[-77.54,24.34],[-77.89,25.17],[-78.19087,25.2103]]]]},"properties":{"NAME":"Bahamas","NAME_LONG":"Bahamas","ADMIN":"The Bahamas","ABBREV":"Bhs.","ISO_A2":"BS","ISO_A3":"BHS","ISO_N3":"044","CONTINENT":"North America","REGION_UN":"Americas","SUBREGION":"Caribbean","name":"Bahamas","code":"BS","iso_a2":"BS","iso_a3":"BHS","continent":"North America"}},{"type":"Feature","geometry":{"type":"Polygon","coordinates":[[[-61.2,-51.85],[-60.7,-52.3],[-59.85,-51.85],[-59.4,-52.2],[-58.05,-51.9],[-57.75,-51.55],[-58.55,-51.1],[-59.15,-51.5],[-60,-51.25],[-61.2,-51.85]]]},"properties":{"NAME":"Falkland Is.","NAME_LONG":"Falkland Islands / Malvinas","ADMIN":"Falkland Islands","ABBREV":"Flk. Is.","ISO_A2":"FK","ISO_A3":"FLK","ISO_N3":"238","CONTINENT":"South America","REGION_UN":"Americas","SUBREGION":"South America","name":"Falkland Is.","code":"FK","iso_a2":"FK","iso_a3":"FLK","continent":"South America"}},{"type":"Feature","geometry":{"type":"MultiPolygon","coordinates":[[[[15.14282,79.67431],[13.71852,79.66039],[13.17077,80.01046],[10.44453,79.65239],[11.22231,78.8693],[13.1706,78.02493],[14.66956,77.73565],[13.76259,77.38035],[15.91315,76.77045],[17.1182,76.80941],[17.59441,77.63796],[18.47172,77.82669],[19.02737,78.5626],[21.54383,78.95611],[16.99085,80.05086],[15.14282,79.67431]]],[[[31.10104,69.5581],[30.00544,70.18626],[31.29342,70.45379],[28.16555,71.18547],[26.37005,70.98626],[24.54654,71.0305],[23.02374,70.20207],[21.37842,70.25517],[19.18403,69.81744],[16.43593,68.56321],[14.76115,67.81064],[12.35835,65.87973],[10.52771,64.48604],[8.55341,63.45401],[5.9129,62.61447],[4.99208,61.971],[5.30823,59.66323],[5.66584,58.58816],[7.04875,58.07888],[8.382,58.31329],[10.35656,59.46981],[11.02737,58.85615],[12.30037,60.11793],[12.63115,61.29357],[11.99206,61.80036],[11.93057,63.12832],[12.57994,64.06622],[13.57192,64.04911],[13.91991,64.44542],[13.55569,64.78703],[15.10841,66.19387],[16.76888,68.01394],[17.72918,68.01055],[17.99387,68.56739],[19.87856,68.40719],[20.02527,69.06514],[20.64559,69.10625],[21.24494,69.37044],[22.35624,68.84174],[23.66205,68.89125],[24.73568,68.64956],[25.68921,69.09211],[26.17962,69.8253],[27.73229,70.16419],[29.01557,69.76649],[28.59193,69.06478],[31.10104,69.5581]]],[[[27.40751,80.05641],[22.91925,80.65714],[21.90795,80.35768],[20.45599,80.59816],[17.36802,80.3189],[20.07519,79.56682],[23.02447,79.40001],[25.92465,79.51783],[27.40751,80.05641]]],[[[24.72412,77.85385],[23.28134,78.07954],[22.88426,78.45494],[20.8119,78.25463],[20.72601,77.67704],[22.49032,77.44493],[24.72412,77.85385]]]]},"properties":{"NAME":"Norway","NAME_LONG":"Norway","ADMIN":"Norway","ABBREV":"Nor.","ISO_A2":"-99","ISO_A3":"-99","ISO_N3":"-99","CONTINENT":"Europe","REGION_UN":"Europe","SUBREGION":"Northern Europe","name":"Norway","code":"NO","iso_a2":"NO","iso_a3":"NOR","continent":"Europe"}},{"type":"Feature","geometry":{"type":"Polygon","coordinates":[[[-46.76379,82.62796],[-46.9007,82.19979],[-44.523,81.6607],[-50.39061,82.43883],[-53.04328,81.88833],[-54.13442,82.19962],[-57.20744,82.19074],[-62.65116,81.77042],[-62.23444,81.3211],[-63.68925,81.21396],[-67.15129,80.51582],[-68.02298,80.11721],[-65.3239,79.75814],[-65.7107,79.39436],[-73.15938,78.43271],[-73.297,78.04419],[-71.04293,77.63595],[-66.76397,77.37595],[-68.77671,77.32312],[-71.40257,77.00857],[-68.50438,76.06141],[-63.39165,76.1752],[-61.26861,76.10238],[-58.58516,75.51727],[-58.59679,75.09861],[-57.32363,74.71026],[-55.32634,72.95861],[-54.71819,72.58625],[-55.83468,71.65444],[-55,71.40654],[-54.00422,71.54719],[-51.39014,70.56978],[-53.43131,70.83576],[-54.35884,70.82132],[-54.75001,70.28932],[-54.68336,69.61003],[-53.45629,69.28363],[-50.87122,69.9291],[-51.47536,68.72958],[-52.9804,68.35759],[-53.96911,67.18899],[-53.30161,66.8365],[-53.66166,66.09957],[-52.27659,65.1767],[-52.14014,64.27842],[-51.63325,63.62691],[-49.90039,62.38336],[-49.23308,61.40681],[-48.26294,60.85843],[-46.26364,60.85328],[-44.7875,60.03676],[-43.3784,60.09772],[-42.41666,61.90093],[-42.81938,62.68233],[-41.1887,63.48246],[-40.68281,64.13902],[-40.66899,64.83997],[-39.81222,65.45848],[-36.35284,65.9789],[-34.20196,66.67974],[-32.81105,67.73547],[-31.77665,68.12078],[-30.67371,68.12503],[-27.74737,68.47046],[-25.02927,69.2588],[-22.34902,70.12946],[-26.36276,70.22646],[-25.20135,70.75226],[-25.54341,71.43094],[-23.53603,70.471],[-21.75356,70.66369],[-22.13281,71.46898],[-23.44296,72.08016],[-24.79296,72.3302],[-24.27834,72.59788],[-22.29954,72.18409],[-22.31311,72.62928],[-23.56593,73.30663],[-20.76234,73.46436],[-20.43454,73.81713],[-21.59422,74.22382],[-19.37281,74.29561],[-20.66818,75.15585],[-19.59896,75.24838],[-19.83407,76.09808],[-21.67944,76.62795],[-20.03503,76.94434],[-18.47285,76.98565],[-19.67353,77.63859],[-19.70499,78.75128],[-17.73035,80.12912],[-20.04624,80.17708],[-16.85,80.35],[-12.20855,81.29154],[-12.77018,81.71885],[-15.76818,81.91245],[-20.62363,81.52462],[-23.16961,81.15271],[-22.07175,81.73449],[-22.90328,82.09317],[-24.84448,81.78697],[-27.85666,82.13178],[-31.39646,82.02154],[-31.9,82.2],[-22.69182,82.34165],[-20.84539,82.72669],[-27.10046,83.51966],[-35.08787,83.64513],[-38.62214,83.54905],[-39.89753,83.18018],[-43.40644,83.22516],[-46.76379,82.62796]]]},"properties":{"NAME":"Greenland","NAME_LONG":"Greenland","ADMIN":"Greenland","ABBREV":"Grlnd.","ISO_A2":"GL","ISO_A3":"GRL","ISO_N3":"304","CONTINENT":"North America","REGION_UN":"Americas","SUBREGION":"Northern America","name":"Greenland","code":"GL","iso_a2":"GL","iso_a3":"GRL","continent":"North America"}},{"type":"Feature","geometry":{"type":"Polygon","coordinates":[[[68.935,-48.625],[68.72,-49.2425],[68.745,-49.775],[70.28,-49.71],[70.525,-49.065],[69.58,-48.94],[68.935,-48.625]]]},"properties":{"NAME":"Fr. S. Antarctic Lands","NAME_LONG":"French Southern and Antarctic Lands","ADMIN":"French Southern and Antarctic Lands","ABBREV":"Fr. S.A.L.","ISO_A2":"TF","ISO_A3":"ATF","ISO_N3":"260","CONTINENT":"Seven seas (open ocean)","REGION_UN":"Africa","SUBREGION":"Seven seas (open ocean)","name":"Fr. S. Antarctic Lands","code":"TF","iso_a2":"TF","iso_a3":"ATF","continent":"Seven seas (open ocean)"}},{"type":"Feature","geometry":{"type":"Polygon","coordinates":[[[124.96868,-8.89279],[125.08852,-9.39317],[126.96799,-8.66826],[127.33593,-8.39732],[126.95724,-8.27335],[125.94707,-8.43209],[125.08625,-8.65689],[124.96868,-8.89279]]]},"properties":{"NAME":"Timor-Leste","NAME_LONG":"Timor-Leste","ADMIN":"East Timor","ABBREV":"T.L.","ISO_A2":"TL","ISO_A3":"TLS","ISO_N3":"626","CONTINENT":"Asia","REGION_UN":"Asia","SUBREGION":"South-Eastern Asia","name":"Timor-Leste","code":"TL","iso_a2":"TL","iso_a3":"TLS","continent":"Asia"}},{"type":"Feature","geometry":{"type":"Polygon","coordinates":[[[16.34498,-28.5767],[17.56692,-30.72572],[18.22176,-31.66163],[18.24791,-32.42913],[17.92519,-32.61129],[18.25008,-33.28143],[18.2445,-33.86775],[18.85532,-34.44431],[19.19328,-34.4626],[19.61641,-34.81917],[20.07126,-34.79514],[20.68905,-34.41717],[21.5428,-34.25884],[22.57416,-33.86408],[23.59404,-33.79447],[24.67785,-33.98718],[25.17286,-33.79685],[25.78063,-33.94465],[25.90966,-33.66704],[26.41945,-33.61495],[27.46461,-33.22696],[28.21976,-32.77195],[30.05572,-31.14027],[31.32556,-29.40198],[32.20339,-28.7524],[32.46213,-28.30101],[32.58026,-27.47016],[32.83012,-26.74219],[32.07167,-26.73382],[31.86806,-27.17793],[31.28277,-27.28588],[30.68596,-26.74384],[30.67661,-26.39808],[31.04408,-25.73145],[31.83778,-25.84333],[31.75241,-25.48428],[31.93059,-24.36942],[31.19141,-22.25151],[30.65987,-22.15157],[30.32288,-22.27161],[29.43219,-22.09131],[28.01724,-22.82775],[27.11941,-23.57432],[26.48575,-24.61633],[25.94165,-24.69637],[25.66467,-25.48682],[25.02517,-25.71967],[24.21127,-25.67022],[23.3121,-25.26869],[22.82427,-25.50046],[22.57953,-25.97945],[21.6059,-26.72653],[20.88961,-26.82854],[20.66647,-26.47745],[20.75861,-25.86814],[20.16573,-24.91796],[19.89577,-24.76779],[19.89473,-28.4611],[19.00213,-28.97244],[18.4649,-29.04546],[17.3875,-28.78351],[17.21893,-28.35594],[16.82402,-28.08216],[16.34498,-28.5767]],[[28.97826,-28.9556],[29.32517,-29.25739],[28.8484,-30.07005],[28.29107,-30.22622],[27.7494,-30.64511],[26.99926,-29.87595],[27.53251,-29.24271],[28.5417,-28.6475],[28.97826,-28.9556]]]},"properties":{"NAME":"South Africa","NAME_LONG":"South Africa","ADMIN":"South Africa","ABBREV":"S.Af.","ISO_A2":"ZA","ISO_A3":"ZAF","ISO_N3":"710","CONTINENT":"Africa","REGION_UN":"Africa","SUBREGION":"Southern Africa","name":"South Africa","code":"ZA","iso_a2":"ZA","iso_a3":"ZAF","continent":"Africa"}},{"type":"Feature","geometry":{"type":"Polygon","coordinates":[[[28.97826,-28.9556],[28.5417,-28.6475],[27.53251,-29.24271],[26.99926,-29.87595],[27.7494,-30.64511],[28.29107,-30.22622],[28.8484,-30.07005],[29.32517,-29.25739],[28.97826,-28.9556]]]},"properties":{"NAME":"Lesotho","NAME_LONG":"Lesotho","ADMIN":"Lesotho","ABBREV":"Les.","ISO_A2":"LS","ISO_A3":"LSO","ISO_N3":"426","CONTINENT":"Africa","REGION_UN":"Africa","SUBREGION":"Southern Africa","name":"Lesotho","code":"LS","iso_a2":"LS","iso_a3":"LSO","continent":"Africa"}},{"type":"Feature","geometry":{"type":"Polygon","coordinates":[[[-117.12776,32.53534],[-116.72153,31.63574],[-115.51865,29.55636],[-114.93184,29.27948],[-114.16202,28.56611],[-114.19933,28.115],[-114.57037,27.74149],[-115.05514,27.72273],[-114.46575,27.14209],[-113.46467,26.76819],[-112.30071,26.012],[-112.14899,25.47013],[-112.18204,24.73841],[-110.9495,24.00096],[-110.29507,23.43097],[-110.03139,22.82308],[-109.85422,22.81827],[-109.4091,23.36467],[-110.17286,24.26555],[-110.65505,24.2986],[-110.71001,24.826],[-111.28467,25.73259],[-111.61649,26.66282],[-112.24495,27.17173],[-112.76159,27.78022],[-112.9623,28.42519],[-114.33097,29.75043],[-114.6739,30.16268],[-114.9367,31.39349],[-114.77645,31.79953],[-114.20574,31.52405],[-113.87188,31.56761],[-113.14867,31.17097],[-113.16381,30.78688],[-112.80959,30.02111],[-112.27182,29.26684],[-112.22823,28.95441],[-111.17892,27.94124],[-110.64102,27.85988],[-110.39173,27.16212],[-109.80146,26.67618],[-109.29164,26.44293],[-109.44409,25.82488],[-109.2602,25.58061],[-108.4019,25.17231],[-107.91545,24.54892],[-106.90998,23.76777],[-106.02872,22.77375],[-105.60316,21.87115],[-105.26582,21.4221],[-105.50066,20.81689],[-105.39777,20.53172],[-105.7314,20.4341],[-105.49304,19.94677],[-104.99201,19.31613],[-103.91753,18.74857],[-103.50099,18.2923],[-102.47813,17.97575],[-101.91853,17.91609],[-101.66609,17.64903],[-100.8295,17.17107],[-99.6974,16.70616],[-98.94768,16.56604],[-98.01303,16.10731],[-96.55743,15.65352],[-96.05338,15.75209],[-95.25023,16.12832],[-94.69166,16.20098],[-93.87517,15.94016],[-93.35946,15.61543],[-92.22775,14.53883],[-92.08722,15.06459],[-92.22925,15.25145],[-91.74796,16.06657],[-90.46447,16.06956],[-90.43887,16.41011],[-91.45392,17.25218],[-91.00227,17.25466],[-91.00152,17.8176],[-89.14308,17.80832],[-88.84834,17.8832],[-88.49012,18.48683],[-88.30003,18.49998],[-87.83719,18.25982],[-87.43675,19.4724],[-87.62105,19.64655],[-87.38329,20.25541],[-86.84591,20.84987],[-86.81198,21.33152],[-87.05189,21.54354],[-87.65842,21.45885],[-88.54387,21.49368],[-89.60132,21.26173],[-90.27862,20.99986],[-90.45148,20.70752],[-90.53359,19.86742],[-90.77187,19.28412],[-91.4079,18.87608],[-92.78611,18.52484],[-93.54865,18.42384],[-94.42573,18.14437],[-94.83906,18.56272],[-95.90088,18.82802],[-96.29213,19.32037],[-96.52558,19.89093],[-97.18933,20.63543],[-97.38896,21.41102],[-97.87237,22.44421],[-97.77604,22.93258],[-97.70295,24.27234],[-97.52807,24.99214],[-97.14001,25.87],[-97.53,25.84],[-99.02,26.37],[-99.52,27.54],[-100.11,28.11],[-100.9576,29.38071],[-101.6624,29.7793],[-102.48,29.76],[-103.11,28.97],[-103.94,29.27],[-104.45697,29.57196],[-105.03737,30.64402],[-106.1429,31.39995],[-106.50759,31.75452],[-108.24,31.75485],[-108.24194,31.34222],[-111.02361,31.33472],[-113.30498,32.03914],[-114.815,32.52528],[-114.72139,32.72083],[-117.12776,32.53534]]]},"properties":{"NAME":"Mexico","NAME_LONG":"Mexico","ADMIN":"Mexico","ABBREV":"Mex.","ISO_A2":"MX","ISO_A3":"MEX","ISO_N3":"484","CONTINENT":"North America","REGION_UN":"Americas","SUBREGION":"Central America","name":"Mexico","code":"MX","iso_a2":"MX","iso_a3":"MEX","continent":"North America"}},{"type":"Feature","geometry":{"type":"Polygon","coordinates":[[[-57.62513,-30.21629],[-58.14244,-32.0445],[-58.13265,-33.04057],[-58.34961,-33.26319],[-58.42707,-33.90945],[-57.81786,-34.46255],[-57.13968,-34.43046],[-56.2153,-34.85984],[-55.67409,-34.75266],[-54.93587,-34.95265],[-53.80643,-34.39681],[-53.37366,-33.76838],[-53.65054,-33.202],[-53.20959,-32.72767],[-53.78795,-32.04724],[-55.60151,-30.85388],[-55.97324,-30.88308],[-56.97603,-30.10969],[-57.62513,-30.21629]]]},"properties":{"NAME":"Uruguay","NAME_LONG":"Uruguay","ADMIN":"Uruguay","ABBREV":"Ury.","ISO_A2":"UY","ISO_A3":"URY","ISO_N3":"858","CONTINENT":"South America","REGION_UN":"Americas","SUBREGION":"South America","name":"Uruguay","code":"UY","iso_a2":"UY","iso_a3":"URY","continent":"South America"}},{"type":"Feature","geometry":{"type":"Polygon","coordinates":[[[-53.37366,-33.76838],[-52.7121,-33.19658],[-52.25608,-32.24537],[-51.57623,-31.7777],[-50.69687,-30.98446],[-49.58733,-29.22447],[-48.88846,-28.67411],[-48.66152,-28.18613],[-48.47474,-27.17591],[-48.641,-26.6237],[-48.49546,-25.87702],[-47.64897,-24.8852],[-46.47209,-24.08897],[-45.35214,-23.79684],[-44.64781,-23.35196],[-43.0747,-22.96769],[-41.98828,-22.97007],[-41.75416,-22.37068],[-40.94476,-21.93732],[-40.77474,-20.90451],[-39.76082,-19.59911],[-39.58352,-18.2623],[-39.26734,-17.86775],[-38.8823,-15.66705],[-38.95328,-13.79337],[-38.67389,-13.05765],[-38.42388,-13.03812],[-37.68361,-12.17119],[-37.04652,-11.04072],[-35.63697,-9.64928],[-35.12821,-8.9964],[-34.72999,-7.34322],[-35.23539,-5.46494],[-35.5978,-5.1495],[-36.45294,-5.1094],[-37.22325,-4.82095],[-38.50038,-3.70065],[-39.97866,-2.87305],[-41.47266,-2.91202],[-43.41879,-2.38311],[-44.58159,-2.69131],[-44.41762,-2.13775],[-44.9057,-1.55174],[-46.56658,-0.94103],[-47.82496,-0.58162],[-48.5845,-1.2378],[-48.62057,-0.23549],[-50.38821,-0.07844],[-50.69925,0.22298],[-49.9471,1.04619],[-49.97408,1.73648],[-50.50887,1.90156],[-51.06977,3.6504],[-51.31715,4.20349],[-51.6578,4.15623],[-52.24934,3.24109],[-52.55642,2.50471],[-52.93966,2.12486],[-53.41846,2.05339],[-53.77852,2.3767],[-54.08806,2.10556],[-54.52475,2.31185],[-55.09759,2.52375],[-55.97332,2.51036],[-55.9957,1.81767],[-56.53939,1.89952],[-57.33582,1.94854],[-57.66097,1.68259],[-58.42948,1.46394],[-58.54001,1.26809],[-59.03086,1.3177],[-59.64604,1.78689],[-59.97452,2.75523],[-59.81541,3.6065],[-59.53804,3.9588],[-59.76741,4.4235],[-60.111,4.57497],[-59.98096,5.01406],[-60.21368,5.24449],[-60.73357,5.20028],[-60.60118,4.9181],[-60.96689,4.53647],[-62.08543,4.16212],[-62.80453,4.00697],[-63.0932,3.77057],[-64.62866,4.14848],[-64.81606,4.05645],[-64.36849,3.79721],[-64.40883,3.12679],[-64.27,2.49701],[-63.42287,2.41107],[-63.36879,2.2009],[-64.08308,1.91637],[-64.19931,1.49286],[-65.35471,1.09528],[-65.54827,0.78925],[-66.32576,0.72445],[-66.87633,1.25336],[-67.06505,1.13011],[-67.26,1.72],[-67.53781,2.03716],[-67.86856,1.69246],[-69.81697,1.71481],[-69.8046,1.08908],[-69.21864,0.98568],[-69.4524,0.70616],[-70.01557,0.54141],[-70.02066,-0.18516],[-69.57706,-0.54999],[-69.4441,-1.55629],[-69.89363,-4.29819],[-70.79477,-4.25126],[-70.92884,-4.40159],[-71.74841,-4.59398],[-72.89193,-5.27456],[-72.96451,-5.74125],[-73.21971,-6.08919],[-73.12003,-6.62993],[-73.72449,-6.91859],[-73.7234,-7.341],[-73.98723,-7.52383],[-73.57106,-8.42445],[-73.01538,-9.03283],[-73.22671,-9.46221],[-72.56303,-9.52019],[-72.18489,-10.0536],[-71.30241,-10.07944],[-70.48189,-9.49012],[-70.54869,-11.00915],[-70.09375,-11.12397],[-69.52968,-10.95173],[-68.27125,-11.01452],[-68.04819,-10.71206],[-67.1738,-10.30681],[-66.64691,-9.93133],[-65.33843,-9.76199],[-65.44484,-10.51145],[-65.3219,-10.89587],[-65.40228,-11.56627],[-64.31635,-12.46198],[-63.1965,-12.62703],[-62.80306,-13.00065],[-62.12708,-13.19878],[-61.7132,-13.4892],[-61.08412,-13.47938],[-60.5033,-13.77595],[-60.4592,-14.35401],[-60.25115,-15.07722],[-60.54297,-15.09391],[-60.15839,-16.25828],[-58.24122,-16.29957],[-58.38806,-16.87711],[-58.2808,-17.27171],[-57.73456,-17.55247],[-57.49837,-18.17419],[-57.67601,-18.96184],[-57.95,-19.4],[-57.8538,-19.96999],[-58.16639,-20.1767],[-57.87067,-20.73269],[-57.93716,-22.09018],[-56.88151,-22.28215],[-56.47332,-22.0863],[-55.79796,-22.35693],[-55.61068,-22.65562],[-55.40075,-23.95693],[-54.65283,-23.83958],[-54.29296,-24.02101],[-54.29348,-24.5708],[-54.62529,-25.73925],[-54.13005,-25.54764],[-53.62835,-26.12486],[-53.64873,-26.92347],[-55.16229,-27.88191],[-56.2909,-28.85276],[-57.62513,-30.21629],[-56.97603,-30.10969],[-55.97324,-30.88308],[-55.60151,-30.85388],[-53.78795,-32.04724],[-53.20959,-32.72767],[-53.65054,-33.202],[-53.37366,-33.76838]]]},"properties":{"NAME":"Brazil","NAME_LONG":"Brazil","ADMIN":"Brazil","ABBREV":"Brazil","ISO_A2":"BR","ISO_A3":"BRA","ISO_N3":"076","CONTINENT":"South America","REGION_UN":"Americas","SUBREGION":"South America","name":"Brazil","code":"BR","iso_a2":"BR","iso_a3":"BRA","continent":"South America"}},{"type":"Feature","geometry":{"type":"Polygon","coordinates":[[[-69.52968,-10.95173],[-68.66508,-12.5613],[-68.88008,-12.89973],[-68.94889,-14.45364],[-69.33953,-14.95319],[-69.16035,-15.32397],[-69.38976,-15.66013],[-68.95964,-16.5007],[-69.59042,-17.58001],[-69.10025,-18.26012],[-68.96682,-18.98168],[-68.44222,-19.40507],[-68.75717,-20.37266],[-68.21991,-21.49435],[-67.82818,-22.87292],[-67.10667,-22.73592],[-66.27334,-21.83231],[-64.96489,-22.07586],[-64.37702,-22.79809],[-63.98684,-21.99364],[-62.84647,-22.03498],[-62.68506,-22.24903],[-62.29118,-21.05163],[-62.26596,-20.51373],[-61.78633,-19.63374],[-60.04356,-19.34275],[-59.11504,-19.35691],[-58.18347,-19.8684],[-58.16639,-20.1767],[-57.8538,-19.96999],[-57.95,-19.4],[-57.67601,-18.96184],[-57.49837,-18.17419],[-57.73456,-17.55247],[-58.2808,-17.27171],[-58.38806,-16.87711],[-58.24122,-16.29957],[-60.15839,-16.25828],[-60.54297,-15.09391],[-60.25115,-15.07722],[-60.4592,-14.35401],[-60.5033,-13.77595],[-61.08412,-13.47938],[-61.7132,-13.4892],[-62.12708,-13.19878],[-62.80306,-13.00065],[-63.1965,-12.62703],[-64.31635,-12.46198],[-65.40228,-11.56627],[-65.3219,-10.89587],[-65.44484,-10.51145],[-65.33843,-9.76199],[-66.64691,-9.93133],[-67.1738,-10.30681],[-68.04819,-10.71206],[-68.27125,-11.01452],[-69.52968,-10.95173]]]},"properties":{"NAME":"Bolivia","NAME_LONG":"Bolivia","ADMIN":"Bolivia","ABBREV":"Bolivia","ISO_A2":"BO","ISO_A3":"BOL","ISO_N3":"068","CONTINENT":"South America","REGION_UN":"Americas","SUBREGION":"South America","name":"Bolivia","code":"BO","iso_a2":"BO","iso_a3":"BOL","continent":"South America"}},{"type":"Feature","geometry":{"type":"Polygon","coordinates":[[[-69.89363,-4.29819],[-70.39404,-3.76659],[-70.69268,-3.74287],[-70.04771,-2.72516],[-70.81348,-2.25686],[-71.41365,-2.3428],[-71.77476,-2.16979],[-72.32579,-2.43422],[-73.07039,-2.30895],[-73.6595,-1.26049],[-74.12239,-1.00283],[-74.4416,-0.53082],[-75.10662,-0.0572],[-75.37322,-0.15203],[-75.23372,-0.91142],[-75.545,-1.56161],[-76.63539,-2.60868],[-77.83791,-3.00302],[-78.45068,-3.8731],[-78.6399,-4.54778],[-79.20529,-4.95913],[-79.62498,-4.4542],[-80.44224,-4.42572],[-80.46929,-4.05929],[-80.18401,-3.82116],[-80.30256,-3.40486],[-81.09967,-4.03639],[-81.41094,-4.73676],[-80.92635,-5.69056],[-81.25,-6.13683],[-80.53748,-6.54167],[-79.76058,-7.19434],[-79.44592,-7.93083],[-79.03695,-8.38657],[-78.09215,-10.37771],[-77.10619,-12.22272],[-76.25924,-13.53504],[-76.42347,-13.82319],[-76.0092,-14.64929],[-75.23788,-15.26568],[-73.44453,-16.35936],[-71.46204,-17.36349],[-71.37525,-17.7738],[-70.37257,-18.34798],[-69.85844,-18.09269],[-69.59042,-17.58001],[-68.95964,-16.5007],[-69.38976,-15.66013],[-69.16035,-15.32397],[-69.33953,-14.95319],[-68.94889,-14.45364],[-68.88008,-12.89973],[-68.66508,-12.5613],[-69.52968,-10.95173],[-70.09375,-11.12397],[-70.54869,-11.00915],[-70.48189,-9.49012],[-71.30241,-10.07944],[-72.18489,-10.0536],[-72.56303,-9.52019],[-73.22671,-9.46221],[-73.01538,-9.03283],[-73.57106,-8.42445],[-73.98723,-7.52383],[-73.7234,-7.341],[-73.72449,-6.91859],[-73.12003,-6.62993],[-73.21971,-6.08919],[-72.96451,-5.74125],[-72.89193,-5.27456],[-71.74841,-4.59398],[-70.92884,-4.40159],[-70.79477,-4.25126],[-69.89363,-4.29819]]]},"properties":{"NAME":"Peru","NAME_LONG":"Peru","ADMIN":"Peru","ABBREV":"Peru","ISO_A2":"PE","ISO_A3":"PER","ISO_N3":"604","CONTINENT":"South America","REGION_UN":"Americas","SUBREGION":"South America","name":"Peru","code":"PE","iso_a2":"PE","iso_a3":"PER","continent":"South America"}},{"type":"Feature","geometry":{"type":"Polygon","coordinates":[[[-66.87633,1.25336],[-67.18129,2.25064],[-67.80994,2.82066],[-67.30317,3.31845],[-67.62184,3.83948],[-67.82301,4.50394],[-67.7447,5.22113],[-67.34144,6.09547],[-67.69509,6.26732],[-68.26505,6.15327],[-68.98532,6.20681],[-69.38948,6.09986],[-70.09331,6.96038],[-70.67423,7.08779],[-71.96018,6.99162],[-72.44449,7.42379],[-72.3609,8.00264],[-72.78873,9.08503],[-73.30495,9.152],[-73.0276,9.73677],[-72.90529,10.45034],[-72.22757,11.1087],[-71.97392,11.60867],[-71.33158,11.77628],[-71.13746,12.11298],[-71.75409,12.4373],[-72.23819,11.95555],[-73.41476,11.22702],[-74.19722,11.31047],[-74.27675,11.10204],[-74.9069,11.08305],[-75.48043,10.61899],[-75.6746,9.44325],[-76.08638,9.33682],[-76.83667,8.63875],[-77.35336,8.67051],[-77.47472,8.52429],[-77.24257,7.93528],[-77.43111,7.63806],[-77.75341,7.70984],[-77.88157,7.22377],[-77.47666,6.69112],[-77.31881,5.84535],[-77.53322,5.58281],[-77.3076,4.66798],[-77.49627,4.08761],[-77.12769,3.84964],[-77.93154,2.69661],[-78.42761,2.62956],[-78.66212,2.26735],[-78.61783,1.7664],[-78.99093,1.69137],[-78.85526,1.38092],[-77.85506,0.80993],[-77.42498,0.39569],[-76.57638,0.25694],[-76.29231,0.41605],[-75.37322,-0.15203],[-75.10662,-0.0572],[-74.4416,-0.53082],[-74.12239,-1.00283],[-73.6595,-1.26049],[-73.07039,-2.30895],[-72.32579,-2.43422],[-71.77476,-2.16979],[-71.41365,-2.3428],[-70.81348,-2.25686],[-70.04771,-2.72516],[-70.69268,-3.74287],[-70.39404,-3.76659],[-69.89363,-4.29819],[-69.4441,-1.55629],[-69.57706,-0.54999],[-70.02066,-0.18516],[-70.01557,0.54141],[-69.4524,0.70616],[-69.21864,0.98568],[-69.8046,1.08908],[-69.81697,1.71481],[-67.86856,1.69246],[-67.53781,2.03716],[-67.26,1.72],[-67.06505,1.13011],[-66.87633,1.25336]]]},"properties":{"NAME":"Colombia","NAME_LONG":"Colombia","ADMIN":"Colombia","ABBREV":"Col.","ISO_A2":"CO","ISO_A3":"COL","ISO_N3":"170","CONTINENT":"South America","REGION_UN":"Americas","SUBREGION":"South America","name":"Colombia","code":"CO","iso_a2":"CO","iso_a3":"COL","continent":"South America"}},{"type":"Feature","geometry":{"type":"Polygon","coordinates":[[[-77.35336,8.67051],[-78.05593,9.24773],[-79.02119,9.55293],[-79.5733,9.61161],[-79.9146,9.31277],[-80.9473,8.8585],[-81.43929,8.78623],[-81.71415,9.03196],[-82.20759,8.99558],[-82.5462,9.56613],[-82.93289,9.47681],[-82.71918,8.92571],[-82.96578,8.22503],[-82.39093,8.29236],[-81.72131,8.10896],[-81.51951,7.70661],[-81.05954,7.81792],[-80.8864,7.22054],[-80.42116,7.27157],[-80.00369,7.54752],[-80.48069,8.09031],[-80.38266,8.29841],[-79.76058,8.58452],[-79.55788,8.93238],[-79.12031,8.99609],[-78.1821,8.31918],[-78.42916,8.05204],[-78.21494,7.51226],[-77.88157,7.22377],[-77.75341,7.70984],[-77.43111,7.63806],[-77.24257,7.93528],[-77.47472,8.52429],[-77.35336,8.67051]]]},"properties":{"NAME":"Panama","NAME_LONG":"Panama","ADMIN":"Panama","ABBREV":"Pan.","ISO_A2":"PA","ISO_A3":"PAN","ISO_N3":"591","CONTINENT":"North America","REGION_UN":"Americas","SUBREGION":"Central America","name":"Panama","code":"PA","iso_a2":"PA","iso_a3":"PAN","continent":"North America"}},{"type":"Feature","geometry":{"type":"Polygon","coordinates":[[[-82.5462,9.56613],[-83.40232,10.39544],[-83.65561,10.93876],[-83.89505,10.72684],[-84.67307,11.08266],[-84.903,10.9523],[-85.56185,11.21712],[-85.71254,11.08845],[-85.94172,10.89528],[-85.65931,10.75433],[-85.79744,10.13489],[-85.11092,9.55704],[-84.71335,9.90805],[-84.64764,9.61554],[-83.90989,9.2908],[-83.63264,9.05139],[-83.71147,8.65684],[-82.96578,8.22503],[-82.71918,8.92571],[-82.93289,9.47681],[-82.5462,9.56613]]]},"properties":{"NAME":"Costa Rica","NAME_LONG":"Costa Rica","ADMIN":"Costa Rica","ABBREV":"C.R.","ISO_A2":"CR","ISO_A3":"CRI","ISO_N3":"188","CONTINENT":"North America","REGION_UN":"Americas","SUBREGION":"Central America","name":"Costa Rica","code":"CR","iso_a2":"CR","iso_a3":"CRI","continent":"North America"}},{"type":"Feature","geometry":{"type":"Polygon","coordinates":[[[-83.65561,10.93876],[-83.85547,11.37331],[-83.65086,11.62903],[-83.6261,12.32085],[-83.47332,12.41909],[-83.55221,13.12705],[-83.4125,13.97008],[-83.18213,14.3107],[-83.14722,14.99583],[-83.48999,15.01627],[-84.44934,14.62161],[-84.9245,14.79049],[-85.16536,14.35437],[-85.80129,13.83606],[-86.09626,14.03819],[-86.31214,13.77136],[-86.75509,13.75485],[-86.73382,13.26309],[-87.31665,12.98469],[-87.66849,12.90991],[-86.74599,12.14396],[-86.52585,11.80688],[-85.71254,11.08845],[-85.56185,11.21712],[-84.903,10.9523],[-84.67307,11.08266],[-83.89505,10.72684],[-83.65561,10.93876]]]},"properties":{"NAME":"Nicaragua","NAME_LONG":"Nicaragua","ADMIN":"Nicaragua","ABBREV":"Nic.","ISO_A2":"NI","ISO_A3":"NIC","ISO_N3":"558","CONTINENT":"North America","REGION_UN":"Americas","SUBREGION":"Central America","name":"Nicaragua","code":"NI","iso_a2":"NI","iso_a3":"NIC","continent":"North America"}},{"type":"Feature","geometry":{"type":"Polygon","coordinates":[[[-83.14722,14.99583],[-83.41038,15.2709],[-84.36826,15.83516],[-84.98372,15.99592],[-85.444,15.88575],[-86.00195,16.00541],[-86.44095,15.78284],[-87.61568,15.8788],[-88.22502,15.72772],[-89.15481,15.06642],[-89.35333,14.42413],[-89.05851,14.34003],[-88.504,13.84549],[-88.06534,13.96463],[-87.7235,13.78505],[-87.79311,13.38448],[-87.31665,12.98469],[-86.73382,13.26309],[-86.75509,13.75485],[-86.31214,13.77136],[-86.09626,14.03819],[-85.80129,13.83606],[-85.16536,14.35437],[-84.9245,14.79049],[-84.44934,14.62161],[-83.48999,15.01627],[-83.14722,14.99583]]]},"properties":{"NAME":"Honduras","NAME_LONG":"Honduras","ADMIN":"Honduras","ABBREV":"Hond.","ISO_A2":"HN","ISO_A3":"HND","ISO_N3":"340","CONTINENT":"North America","REGION_UN":"Americas","SUBREGION":"Central America","name":"Honduras","code":"HN","iso_a2":"HN","iso_a3":"HND","continent":"North America"}},{"type":"Feature","geometry":{"type":"Polygon","coordinates":[[[-89.35333,14.42413],[-90.06468,13.88197],[-90.09555,13.73534],[-89.81239,13.52062],[-89.25674,13.45853],[-88.4833,13.16395],[-87.90411,13.14902],[-87.79311,13.38448],[-87.7235,13.78505],[-88.06534,13.96463],[-88.504,13.84549],[-89.05851,14.34003],[-89.35333,14.42413]]]},"properties":{"NAME":"El Salvador","NAME_LONG":"El Salvador","ADMIN":"El Salvador","ABBREV":"El. S.","ISO_A2":"SV","ISO_A3":"SLV","ISO_N3":"222","CONTINENT":"North America","REGION_UN":"Americas","SUBREGION":"Central America","name":"El Salvador","code":"SV","iso_a2":"SV","iso_a3":"SLV","continent":"North America"}},{"type":"Feature","geometry":{"type":"Polygon","coordinates":[[[-92.22775,14.53883],[-91.23241,13.92783],[-90.60862,13.90977],[-90.09555,13.73534],[-90.06468,13.88197],[-89.35333,14.42413],[-89.15481,15.06642],[-88.22502,15.72772],[-88.93061,15.88727],[-89.22912,15.88694],[-89.14308,17.80832],[-91.00152,17.8176],[-91.00227,17.25466],[-91.45392,17.25218],[-90.43887,16.41011],[-90.46447,16.06956],[-91.74796,16.06657],[-92.22925,15.25145],[-92.08722,15.06459],[-92.22775,14.53883]]]},"properties":{"NAME":"Guatemala","NAME_LONG":"Guatemala","ADMIN":"Guatemala","ABBREV":"Guat.","ISO_A2":"GT","ISO_A3":"GTM","ISO_N3":"320","CONTINENT":"North America","REGION_UN":"Americas","SUBREGION":"Central America","name":"Guatemala","code":"GT","iso_a2":"GT","iso_a3":"GTM","continent":"North America"}},{"type":"Feature","geometry":{"type":"Polygon","coordinates":[[[-89.14308,17.80832],[-89.22912,15.88694],[-88.93061,15.88727],[-88.35543,16.53077],[-88.19787,17.48947],[-88.28535,17.64414],[-88.10681,18.34867],[-88.30003,18.49998],[-88.49012,18.48683],[-88.84834,17.8832],[-89.14308,17.80832]]]},"properties":{"NAME":"Belize","NAME_LONG":"Belize","ADMIN":"Belize","ABBREV":"Belize","ISO_A2":"BZ","ISO_A3":"BLZ","ISO_N3":"084","CONTINENT":"North America","REGION_UN":"Americas","SUBREGION":"Central America","name":"Belize","code":"BZ","iso_a2":"BZ","iso_a3":"BLZ","continent":"North America"}},{"type":"Feature","geometry":{"type":"Polygon","coordinates":[[[-60.73357,5.20028],[-61.4103,5.95907],[-61.13941,6.2343],[-61.15934,6.69608],[-60.29567,7.04391],[-60.63797,7.415],[-60.55059,7.7796],[-59.75828,8.36704],[-60.1501,8.60276],[-60.67125,8.58017],[-60.8306,9.38134],[-61.58877,9.87307],[-62.38851,9.9482],[-62.73012,10.42027],[-61.88095,10.71563],[-64.31801,10.64142],[-64.32948,10.3896],[-64.89045,10.07722],[-65.65524,10.2008],[-66.22786,10.64863],[-67.29625,10.54587],[-68.19413,10.55465],[-68.23327,10.88574],[-68.883,11.44339],[-69.5843,11.45961],[-69.94324,12.16231],[-70.29384,11.84682],[-70.1553,11.37548],[-71.40062,10.96897],[-71.35008,10.21194],[-71.04,9.85999],[-71.26456,9.1372],[-71.69564,9.07226],[-72.07417,9.86565],[-71.63306,10.44649],[-71.62087,10.96946],[-71.94705,11.42328],[-71.36001,11.53999],[-71.33158,11.77628],[-71.97392,11.60867],[-72.22757,11.1087],[-72.90529,10.45034],[-73.0276,9.73677],[-73.30495,9.152],[-72.78873,9.08503],[-72.3609,8.00264],[-72.44449,7.42379],[-71.96018,6.99162],[-70.67423,7.08779],[-70.09331,6.96038],[-69.38948,6.09986],[-68.98532,6.20681],[-68.26505,6.15327],[-67.69509,6.26732],[-67.34144,6.09547],[-67.7447,5.22113],[-67.82301,4.50394],[-67.62184,3.83948],[-67.30317,3.31845],[-67.80994,2.82066],[-67.18129,2.25064],[-66.87633,1.25336],[-66.32576,0.72445],[-65.54827,0.78925],[-65.35471,1.09528],[-64.19931,1.49286],[-64.08308,1.91637],[-63.36879,2.2009],[-63.42287,2.41107],[-64.27,2.49701],[-64.40883,3.12679],[-64.36849,3.79721],[-64.81606,4.05645],[-64.62866,4.14848],[-63.0932,3.77057],[-62.80453,4.00697],[-62.08543,4.16212],[-60.96689,4.53647],[-60.60118,4.9181],[-60.73357,5.20028]]]},"properties":{"NAME":"Venezuela","NAME_LONG":"Venezuela","ADMIN":"Venezuela","ABBREV":"Ven.","ISO_A2":"VE","ISO_A3":"VEN","ISO_N3":"862","CONTINENT":"South America","REGION_UN":"Americas","SUBREGION":"South America","name":"Venezuela","code":"VE","iso_a2":"VE","iso_a3":"VEN","continent":"South America"}},{"type":"Feature","geometry":{"type":"Polygon","coordinates":[[[-56.53939,1.89952],[-57.1501,2.76893],[-57.28143,3.33349],[-57.60157,3.33466],[-58.04469,4.06086],[-57.91429,4.81263],[-57.30725,5.07357],[-57.14744,5.97315],[-58.0781,6.80909],[-58.45488,6.83279],[-58.48296,7.34769],[-59.10168,7.9992],[-59.75828,8.36704],[-60.55059,7.7796],[-60.63797,7.415],[-60.29567,7.04391],[-61.15934,6.69608],[-61.13941,6.2343],[-61.4103,5.95907],[-60.73357,5.20028],[-60.21368,5.24449],[-59.98096,5.01406],[-60.111,4.57497],[-59.76741,4.4235],[-59.53804,3.9588],[-59.81541,3.6065],[-59.97452,2.75523],[-59.64604,1.78689],[-59.03086,1.3177],[-58.54001,1.26809],[-58.42948,1.46394],[-57.66097,1.68259],[-57.33582,1.94854],[-56.53939,1.89952]]]},"properties":{"NAME":"Guyana","NAME_LONG":"Guyana","ADMIN":"Guyana","ABBREV":"Guy.","ISO_A2":"GY","ISO_A3":"GUY","ISO_N3":"328","CONTINENT":"South America","REGION_UN":"Americas","SUBREGION":"South America","name":"Guyana","code":"GY","iso_a2":"GY","iso_a3":"GUY","continent":"South America"}},{"type":"Feature","geometry":{"type":"Polygon","coordinates":[[[-54.52475,2.31185],[-54.2697,2.73239],[-54.00693,3.62004],[-54.39954,4.21261],[-54.47863,4.89676],[-53.95804,5.75655],[-55.03325,6.02529],[-55.84178,5.95313],[-55.94932,5.77288],[-57.14744,5.97315],[-57.30725,5.07357],[-57.91429,4.81263],[-58.04469,4.06086],[-57.60157,3.33466],[-57.28143,3.33349],[-57.1501,2.76893],[-56.53939,1.89952],[-55.9957,1.81767],[-55.97332,2.51036],[-55.09759,2.52375],[-54.52475,2.31185]]]},"properties":{"NAME":"Suriname","NAME_LONG":"Suriname","ADMIN":"Suriname","ABBREV":"Sur.","ISO_A2":"SR","ISO_A3":"SUR","ISO_N3":"740","CONTINENT":"South America","REGION_UN":"Americas","SUBREGION":"South America","name":"Suriname","code":"SR","iso_a2":"SR","iso_a3":"SUR","continent":"South America"}},{"type":"Feature","geometry":{"type":"MultiPolygon","coordinates":[[[[-51.6578,4.15623],[-51.82334,4.56577],[-52.88214,5.40985],[-53.95804,5.75655],[-54.47863,4.89676],[-54.39954,4.21261],[-54.00693,3.62004],[-54.2697,2.73239],[-54.52475,2.31185],[-54.08806,2.10556],[-53.77852,2.3767],[-53.41846,2.05339],[-52.93966,2.12486],[-52.55642,2.50471],[-52.24934,3.24109],[-51.6578,4.15623]]],[[[6.18632,49.4638],[5.67405,49.52948],[4.79922,49.98537],[4.28602,49.9075],[3.12325,50.78036],[2.65842,50.79685],[2.51357,51.14851],[1.639,50.94661],[1.33876,50.12717],[-0.98947,49.34738],[-1.93349,49.77634],[-1.61651,48.64442],[-3.29581,48.90169],[-4.59235,48.68416],[-4.49155,47.95495],[-2.96328,47.57033],[-2.22572,47.06436],[-1.1938,46.01492],[-1.38422,44.02261],[-1.90135,43.4228],[-1.50277,43.03401],[0.33805,42.57955],[0.70159,42.79573],[1.82679,42.34339],[2.986,42.47302],[3.10041,43.0752],[4.55696,43.39965],[6.52925,43.12889],[7.43519,43.69385],[7.5496,44.1279],[7.00756,44.25477],[6.74996,45.02852],[7.09665,45.3331],[6.84359,45.99115],[6.5001,46.42967],[6.02261,46.27299],[6.03739,46.72578],[6.76871,47.28771],[6.73657,47.5418],[7.46676,47.62058],[7.59368,48.33302],[8.09928,49.01778],[6.65823,49.20196],[6.18632,49.4638]]],[[[8.74601,42.62812],[8.54421,42.25652],[8.77572,41.58361],[9.22975,41.38001],[9.56002,42.15249],[9.39,43.00999],[8.74601,42.62812]]]]},"properties":{"NAME":"France","NAME_LONG":"France","ADMIN":"France","ABBREV":"Fr.","ISO_A2":"-99","ISO_A3":"-99","ISO_N3":"-99","CONTINENT":"Europe","REGION_UN":"Europe","SUBREGION":"Western Europe","name":"France","code":"FR","iso_a2":"FR","iso_a3":"FRA","continent":"Europe"}},{"type":"Feature","geometry":{"type":"Polygon","coordinates":[[[-75.37322,-0.15203],[-76.29231,0.41605],[-76.57638,0.25694],[-77.42498,0.39569],[-77.85506,0.80993],[-78.85526,1.38092],[-80.09061,0.76843],[-80.0209,0.36034],[-80.39932,-0.2837],[-80.58337,-0.90666],[-80.93366,-1.05745],[-80.76481,-1.96505],[-80.96776,-2.24694],[-80.36878,-2.68516],[-79.98656,-2.22079],[-79.77029,-2.65751],[-80.30256,-3.40486],[-80.18401,-3.82116],[-80.46929,-4.05929],[-80.44224,-4.42572],[-79.62498,-4.4542],[-79.20529,-4.95913],[-78.6399,-4.54778],[-78.45068,-3.8731],[-77.83791,-3.00302],[-76.63539,-2.60868],[-75.545,-1.56161],[-75.23372,-0.91142],[-75.37322,-0.15203]]]},"properties":{"NAME":"Ecuador","NAME_LONG":"Ecuador","ADMIN":"Ecuador","ABBREV":"Ecu.","ISO_A2":"EC","ISO_A3":"ECU","ISO_N3":"218","CONTINENT":"South America","REGION_UN":"Americas","SUBREGION":"South America","name":"Ecuador","code":"EC","iso_a2":"EC","iso_a3":"ECU","continent":"South America"}},{"type":"Feature","geometry":{"type":"Polygon","coordinates":[[[-66.28243,18.51476],[-67.10068,18.5206],[-67.18416,17.94655],[-65.84716,17.97591],[-65.591,18.22803],[-66.28243,18.51476]]]},"properties":{"NAME":"Puerto Rico","NAME_LONG":"Puerto Rico","ADMIN":"Puerto Rico","ABBREV":"P.R.","ISO_A2":"PR","ISO_A3":"PRI","ISO_N3":"630","CONTINENT":"North America","REGION_UN":"Americas","SUBREGION":"Caribbean","name":"Puerto Rico","code":"PR","iso_a2":"PR","iso_a3":"PRI","continent":"North America"}},{"type":"Feature","geometry":{"type":"Polygon","coordinates":[[[-77.5696,18.49053],[-78.21773,18.45453],[-78.33772,18.22597],[-77.76602,17.8616],[-77.20634,17.70112],[-76.90256,17.86824],[-76.19966,17.88687],[-76.36536,18.1607],[-76.89662,18.40087],[-77.5696,18.49053]]]},"properties":{"NAME":"Jamaica","NAME_LONG":"Jamaica","ADMIN":"Jamaica","ABBREV":"Jam.","ISO_A2":"JM","ISO_A3":"JAM","ISO_N3":"388","CONTINENT":"North America","REGION_UN":"Americas","SUBREGION":"Caribbean","name":"Jamaica","code":"JM","iso_a2":"JM","iso_a3":"JAM","continent":"North America"}},{"type":"Feature","geometry":{"type":"Polygon","coordinates":[[[-82.26815,23.18861],[-83.26755,22.98304],[-84.23036,22.56576],[-84.44706,22.20495],[-84.97491,21.89603],[-84.54703,21.80123],[-84.05215,21.91058],[-83.9088,22.15457],[-83.49446,22.16852],[-82.7759,22.68815],[-81.795,22.63697],[-82.16999,22.38711],[-81.82094,22.19206],[-80.51753,22.03708],[-80.21747,21.82732],[-79.285,21.55918],[-78.71987,21.59811],[-78.48283,21.02861],[-78.13729,20.73995],[-77.49265,20.67311],[-77.08511,20.41335],[-77.75548,19.85548],[-76.32366,19.95289],[-75.63468,19.87377],[-74.29665,20.05038],[-74.17803,20.28463],[-74.9339,20.69391],[-75.67106,20.73509],[-75.59822,21.01662],[-76.52382,21.20682],[-78.34743,22.51217],[-79.28149,22.3992],[-79.67952,22.7653],[-80.61877,23.10598],[-82.26815,23.18861]]]},"properties":{"NAME":"Cuba","NAME_LONG":"Cuba","ADMIN":"Cuba","ABBREV":"Cuba","ISO_A2":"CU","ISO_A3":"CUB","ISO_N3":"192","CONTINENT":"North America","REGION_UN":"Americas","SUBREGION":"Caribbean","name":"Cuba","code":"CU","iso_a2":"CU","iso_a3":"CUB","continent":"North America"}},{"type":"Feature","geometry":{"type":"Polygon","coordinates":[[[31.19141,-22.25151],[32.24499,-21.11649],[32.77271,-19.71559],[32.61199,-19.41938],[32.65489,-18.67209],[32.84986,-17.97906],[32.84764,-16.7134],[32.32824,-16.39207],[31.85204,-16.31942],[31.17306,-15.86094],[30.33896,-15.88084],[30.27426,-15.50779],[29.51683,-15.64468],[28.94746,-16.04305],[28.82587,-16.38975],[28.46791,-16.4684],[27.59824,-17.29083],[27.04443,-17.93803],[25.26423,-17.73654],[25.64916,-18.53603],[26.16479,-19.29309],[27.29651,-20.39152],[27.72475,-20.49906],[27.72723,-20.8518],[28.02137,-21.48597],[28.79466,-21.63945],[29.43219,-22.09131],[30.32288,-22.27161],[30.65987,-22.15157],[31.19141,-22.25151]]]},"properties":{"NAME":"Zimbabwe","NAME_LONG":"Zimbabwe","ADMIN":"Zimbabwe","ABBREV":"Zimb.","ISO_A2":"ZW","ISO_A3":"ZWE","ISO_N3":"716","CONTINENT":"Africa","REGION_UN":"Africa","SUBREGION":"Eastern Africa","name":"Zimbabwe","code":"ZW","iso_a2":"ZW","iso_a3":"ZWE","continent":"Africa"}},{"type":"Feature","geometry":{"type":"Polygon","coordinates":[[[29.43219,-22.09131],[28.79466,-21.63945],[28.02137,-21.48597],[27.72723,-20.8518],[27.72475,-20.49906],[27.29651,-20.39152],[26.16479,-19.29309],[25.64916,-18.53603],[25.26423,-17.73654],[25.08444,-17.66182],[24.21737,-17.88935],[23.57901,-18.28126],[23.19686,-17.86904],[21.65504,-18.21915],[20.91064,-18.25222],[20.88113,-21.81433],[19.89546,-21.84916],[19.89577,-24.76779],[20.16573,-24.91796],[20.75861,-25.86814],[20.66647,-26.47745],[20.88961,-26.82854],[21.6059,-26.72653],[22.57953,-25.97945],[22.82427,-25.50046],[23.3121,-25.26869],[24.21127,-25.67022],[25.02517,-25.71967],[25.66467,-25.48682],[25.94165,-24.69637],[26.48575,-24.61633],[27.11941,-23.57432],[28.01724,-22.82775],[29.43219,-22.09131]]]},"properties":{"NAME":"Botswana","NAME_LONG":"Botswana","ADMIN":"Botswana","ABBREV":"Bwa.","ISO_A2":"BW","ISO_A3":"BWA","ISO_N3":"072","CONTINENT":"Africa","REGION_UN":"Africa","SUBREGION":"Southern Africa","name":"Botswana","code":"BW","iso_a2":"BW","iso_a3":"BWA","continent":"Africa"}},{"type":"Feature","geometry":{"type":"Polygon","coordinates":[[[19.89577,-24.76779],[19.89546,-21.84916],[20.88113,-21.81433],[20.91064,-18.25222],[21.65504,-18.21915],[23.19686,-17.86904],[23.57901,-18.28126],[24.21737,-17.88935],[25.08444,-17.66182],[24.68235,-17.35341],[24.03386,-17.29584],[23.21505,-17.52312],[21.37718,-17.93064],[18.95619,-17.78909],[18.26331,-17.30995],[14.20971,-17.3531],[14.0585,-17.42338],[13.46236,-16.97121],[12.81408,-16.94134],[11.7342,-17.30189],[11.79492,-18.06913],[12.60856,-19.04535],[13.3525,-20.87283],[13.86864,-21.69904],[14.25771,-22.11121],[14.38572,-22.65665],[14.40814,-23.85301],[14.74321,-25.39292],[15.21047,-27.09096],[15.60182,-27.82125],[16.34498,-28.5767],[16.82402,-28.08216],[17.21893,-28.35594],[17.3875,-28.78351],[18.4649,-29.04546],[19.00213,-28.97244],[19.89473,-28.4611],[19.89577,-24.76779]]]},"properties":{"NAME":"Namibia","NAME_LONG":"Namibia","ADMIN":"Namibia","ABBREV":"Nam.","ISO_A2":"NA","ISO_A3":"NAM","ISO_N3":"516","CONTINENT":"Africa","REGION_UN":"Africa","SUBREGION":"Southern Africa","name":"Namibia","code":"NA","iso_a2":"NA","iso_a3":"NAM","continent":"Africa"}},{"type":"Feature","geometry":{"type":"Polygon","coordinates":[[[-16.71373,13.59496],[-15.6246,13.62359],[-15.08173,13.87649],[-14.68703,13.63036],[-14.04699,13.79407],[-13.84496,13.50504],[-14.2777,13.28059],[-15.14116,13.50951],[-15.9313,13.13028],[-16.84152,13.15139],[-16.67745,12.38485],[-15.54848,12.62817],[-13.70048,12.58618],[-13.21782,12.57587],[-12.49905,12.33209],[-12.20356,12.46565],[-11.51394,12.44299],[-11.5534,13.14121],[-11.92772,13.42208],[-12.12489,13.99473],[-12.17075,14.61683],[-13.43574,16.03938],[-14.57735,16.59826],[-15.13574,16.58728],[-15.62367,16.36934],[-16.12069,16.45566],[-16.4631,16.13504],[-17.18517,14.91948],[-17.62504,14.72954],[-17.12611,14.37352],[-16.71373,13.59496]]]},"properties":{"NAME":"Senegal","NAME_LONG":"Senegal","ADMIN":"Senegal","ABBREV":"Sen.","ISO_A2":"SN","ISO_A3":"SEN","ISO_N3":"686","CONTINENT":"Africa","REGION_UN":"Africa","SUBREGION":"Western Africa","name":"Senegal","code":"SN","iso_a2":"SN","iso_a3":"SEN","continent":"Africa"}},{"type":"Feature","geometry":{"type":"Polygon","coordinates":[[[-11.51394,12.44299],[-11.45617,12.07683],[-11.03656,12.21125],[-10.59322,11.92398],[-10.16521,11.84408],[-9.32762,12.33429],[-9.12747,12.30806],[-8.3763,11.39365],[-8.62032,10.81089],[-8.28236,10.7926],[-8.33538,10.49481],[-8.02994,10.20654],[-6.85051,10.13899],[-6.66646,10.43081],[-6.20522,10.52406],[-6.05045,10.09636],[-5.40434,10.37074],[-5.47056,10.95127],[-5.19784,11.37515],[-5.22094,11.71386],[-4.42717,12.54265],[-4.2804,13.22844],[-4.00639,13.47249],[-3.5228,13.33766],[-2.96769,13.79815],[-2.19182,14.24642],[-2.00103,14.55901],[-1.06636,14.97382],[-0.51585,15.11616],[-0.26626,14.92431],[0.37489,14.92891],[1.01578,14.96818],[1.38553,15.32356],[2.74999,15.40953],[3.63826,15.56812],[3.72342,16.18428],[4.27021,16.85223],[4.26742,19.15527],[3.15813,19.05736],[3.14666,19.69358],[2.06099,20.14223],[1.82323,20.61081],[-1.55005,22.79267],[-4.92334,24.97457],[-6.45379,24.95659],[-5.97113,20.64083],[-5.48852,16.3251],[-5.31528,16.20185],[-5.53774,15.50169],[-9.55024,15.4865],[-9.70025,15.26411],[-10.08685,15.33049],[-10.65079,15.13275],[-11.34909,15.41126],[-11.66608,15.38821],[-11.83421,14.7991],[-12.17075,14.61683],[-12.12489,13.99473],[-11.92772,13.42208],[-11.5534,13.14121],[-11.51394,12.44299]]]},"properties":{"NAME":"Mali","NAME_LONG":"Mali","ADMIN":"Mali","ABBREV":"Mali","ISO_A2":"ML","ISO_A3":"MLI","ISO_N3":"466","CONTINENT":"Africa","REGION_UN":"Africa","SUBREGION":"Western Africa","name":"Mali","code":"ML","iso_a2":"ML","iso_a3":"MLI","continent":"Africa"}},{"type":"Feature","geometry":{"type":"Polygon","coordinates":[[[-17.06342,20.99975],[-16.53632,20.56787],[-16.27784,20.09252],[-16.37765,19.59382],[-16.14635,18.10848],[-16.27055,17.16696],[-16.54971,16.67389],[-16.4631,16.13504],[-16.12069,16.45566],[-15.62367,16.36934],[-15.13574,16.58728],[-14.57735,16.59826],[-13.43574,16.03938],[-12.17075,14.61683],[-11.83421,14.7991],[-11.66608,15.38821],[-11.34909,15.41126],[-10.65079,15.13275],[-10.08685,15.33049],[-9.70025,15.26411],[-9.55024,15.4865],[-5.53774,15.50169],[-5.31528,16.20185],[-5.48852,16.3251],[-5.97113,20.64083],[-6.45379,24.95659],[-4.92334,24.97457],[-8.6844,27.39574],[-8.68729,25.88106],[-11.96942,25.93335],[-11.93722,23.37459],[-12.87422,23.28483],[-13.11875,22.77122],[-12.9291,21.32707],[-16.84519,21.33332],[-17.06342,20.99975]]]},"properties":{"NAME":"Mauritania","NAME_LONG":"Mauritania","ADMIN":"Mauritania","ABBREV":"Mrt.","ISO_A2":"MR","ISO_A3":"MRT","ISO_N3":"478","CONTINENT":"Africa","REGION_UN":"Africa","SUBREGION":"Western Africa","name":"Mauritania","code":"MR","iso_a2":"MR","iso_a3":"MRT","continent":"Africa"}},{"type":"Feature","geometry":{"type":"Polygon","coordinates":[[[2.6917,6.25882],[2.72379,8.50685],[2.91231,9.13761],[3.70544,10.06321],[3.60007,10.33219],[3.79711,10.73475],[3.57222,11.32794],[3.61118,11.66017],[2.84864,12.23564],[2.49016,12.23305],[2.15447,11.94015],[1.93599,11.64115],[1.44718,11.54772],[1.24347,11.11051],[0.89956,10.99734],[0.77234,10.47081],[1.42506,9.8254],[1.46304,9.33462],[1.66448,9.12859],[1.61895,6.83204],[1.86524,6.14216],[2.6917,6.25882]]]},"properties":{"NAME":"Benin","NAME_LONG":"Benin","ADMIN":"Benin","ABBREV":"Benin","ISO_A2":"BJ","ISO_A3":"BEN","ISO_N3":"204","CONTINENT":"Africa","REGION_UN":"Africa","SUBREGION":"Western Africa","name":"Benin","code":"BJ","iso_a2":"BJ","iso_a3":"BEN","continent":"Africa"}},{"type":"Feature","geometry":{"type":"Polygon","coordinates":[[[14.8513,22.86295],[14.14387,22.49129],[13.58143,23.04051],[11.99951,23.47167],[8.57289,21.56566],[5.67757,19.60121],[4.26742,19.15527],[4.27021,16.85223],[3.72342,16.18428],[3.63826,15.56812],[2.74999,15.40953],[1.38553,15.32356],[1.01578,14.96818],[0.37489,14.92891],[0.29565,14.44424],[0.42993,13.98873],[0.99305,13.33575],[1.0241,12.85183],[2.17711,12.62502],[2.15447,11.94015],[2.49016,12.23305],[2.84864,12.23564],[3.61118,11.66017],[3.68063,12.5529],[3.96728,12.95611],[4.10795,13.53122],[4.36834,13.74748],[5.44306,13.86592],[6.44543,13.49277],[6.82044,13.11509],[7.33075,13.09804],[7.80467,13.34353],[9.01493,12.82666],[9.52493,12.8511],[10.11481,13.27725],[10.70103,13.24692],[10.98959,13.38732],[11.5278,13.32898],[12.30207,13.03719],[13.08399,13.59615],[13.3187,13.55636],[13.99535,12.46157],[14.18134,12.48366],[14.21353,12.80204],[14.49579,12.8594],[14.59578,13.33043],[13.95448,13.35345],[13.9567,13.99669],[13.54039,14.36713],[13.97217,15.68437],[15.24773,16.62731],[15.30044,17.92795],[15.68574,19.95718],[15.90325,20.38762],[15.48715,20.73042],[15.47106,21.04845],[15.09689,21.30852],[14.8513,22.86295]]]},"properties":{"NAME":"Niger","NAME_LONG":"Niger","ADMIN":"Niger","ABBREV":"Niger","ISO_A2":"NE","ISO_A3":"NER","ISO_N3":"562","CONTINENT":"Africa","REGION_UN":"Africa","SUBREGION":"Western Africa","name":"Niger","code":"NE","iso_a2":"NE","iso_a3":"NER","continent":"Africa"}},{"type":"Feature","geometry":{"type":"Polygon","coordinates":[[[2.6917,6.25882],[4.32561,6.27065],[5.03357,5.6118],[5.36281,4.88797],[5.89817,4.26245],[6.69807,4.24059],[7.0826,4.46469],[7.46211,4.41211],[8.50029,4.77198],[8.75753,5.47967],[9.23316,6.44449],[9.52271,6.45348],[10.11828,7.03877],[10.49738,7.05536],[11.05879,6.64443],[11.74577,6.98138],[12.21887,8.30582],[12.75367,8.71776],[12.95547,9.41777],[13.1676,9.64063],[13.57295,10.79857],[14.41538,11.57237],[14.57718,12.08536],[14.18134,12.48366],[13.99535,12.46157],[13.3187,13.55636],[13.08399,13.59615],[12.30207,13.03719],[11.5278,13.32898],[10.98959,13.38732],[10.70103,13.24692],[10.11481,13.27725],[9.52493,12.8511],[9.01493,12.82666],[7.80467,13.34353],[7.33075,13.09804],[6.82044,13.11509],[6.44543,13.49277],[5.44306,13.86592],[4.36834,13.74748],[4.10795,13.53122],[3.96728,12.95611],[3.68063,12.5529],[3.61118,11.66017],[3.57222,11.32794],[3.79711,10.73475],[3.60007,10.33219],[3.70544,10.06321],[2.91231,9.13761],[2.72379,8.50685],[2.6917,6.25882]]]},"properties":{"NAME":"Nigeria","NAME_LONG":"Nigeria","ADMIN":"Nigeria","ABBREV":"Nigeria","ISO_A2":"NG","ISO_A3":"NGA","ISO_N3":"566","CONTINENT":"Africa","REGION_UN":"Africa","SUBREGION":"Western Africa","name":"Nigeria","code":"NG","iso_a2":"NG","iso_a3":"NGA","continent":"Africa"}},{"type":"Feature","geometry":{"type":"Polygon","coordinates":[[[14.49579,12.8594],[14.21353,12.80204],[14.18134,12.48366],[14.57718,12.08536],[14.41538,11.57237],[13.57295,10.79857],[13.1676,9.64063],[12.95547,9.41777],[12.75367,8.71776],[12.21887,8.30582],[11.74577,6.98138],[11.05879,6.64443],[10.49738,7.05536],[10.11828,7.03877],[9.52271,6.45348],[9.23316,6.44449],[8.75753,5.47967],[8.50029,4.77198],[8.94812,3.90413],[9.40437,3.73453],[9.7952,3.0734],[9.64916,2.28387],[11.27645,2.26105],[11.75167,2.32676],[12.35938,2.19281],[13.07582,2.2671],[14.33781,2.22788],[15.94092,1.72767],[16.01285,2.26764],[15.86273,3.01354],[15.4054,3.3353],[15.03622,3.85137],[14.95095,4.21039],[14.47837,4.73261],[14.53656,6.22696],[14.77655,6.4085],[15.27946,7.42193],[15.43609,7.69281],[14.98,8.7961],[14.54447,8.96586],[13.95422,9.5495],[14.17147,10.02138],[14.6272,9.92092],[15.46787,9.98234],[14.92357,10.89133],[14.89336,12.21905],[14.49579,12.8594]]]},"properties":{"NAME":"Cameroon","NAME_LONG":"Cameroon","ADMIN":"Cameroon","ABBREV":"Cam.","ISO_A2":"CM","ISO_A3":"CMR","ISO_N3":"120","CONTINENT":"Africa","REGION_UN":"Africa","SUBREGION":"Middle Africa","name":"Cameroon","code":"CM","iso_a2":"CM","iso_a3":"CMR","continent":"Africa"}},{"type":"Feature","geometry":{"type":"Polygon","coordinates":[[[0.89956,10.99734],[0.0238,11.01868],[-0.04978,10.70692],[0.36758,10.19121],[0.46119,8.67722],[0.71203,8.31247],[0.49096,7.41174],[0.57038,6.91436],[1.06012,5.92884],[1.86524,6.14216],[1.61895,6.83204],[1.66448,9.12859],[1.46304,9.33462],[1.42506,9.8254],[0.77234,10.47081],[0.89956,10.99734]]]},"properties":{"NAME":"Togo","NAME_LONG":"Togo","ADMIN":"Togo","ABBREV":"Togo","ISO_A2":"TG","ISO_A3":"TGO","ISO_N3":"768","CONTINENT":"Africa","REGION_UN":"Africa","SUBREGION":"Western Africa","name":"Togo","code":"TG","iso_a2":"TG","iso_a3":"TGO","continent":"Africa"}},{"type":"Feature","geometry":{"type":"Polygon","coordinates":[[[0.0238,11.01868],[-0.4387,11.09834],[-0.76158,10.93693],[-1.20336,11.00982],[-2.94041,10.96269],[-2.9639,10.39533],[-2.8275,9.64246],[-2.56219,8.21963],[-2.98358,7.37971],[-3.24437,6.25047],[-2.8107,5.38905],[-2.85612,4.99448],[-1.96471,4.71046],[-1.06362,5.00055],[-0.50764,5.34347],[1.06012,5.92884],[0.57038,6.91436],[0.49096,7.41174],[0.71203,8.31247],[0.46119,8.67722],[0.36758,10.19121],[-0.04978,10.70692],[0.0238,11.01868]]]},"properties":{"NAME":"Ghana","NAME_LONG":"Ghana","ADMIN":"Ghana","ABBREV":"Ghana","ISO_A2":"GH","ISO_A3":"GHA","ISO_N3":"288","CONTINENT":"Africa","REGION_UN":"Africa","SUBREGION":"Western Africa","name":"Ghana","code":"GH","iso_a2":"GH","iso_a3":"GHA","continent":"Africa"}},{"type":"Feature","geometry":{"type":"Polygon","coordinates":[[[-8.02994,10.20654],[-8.30962,9.78953],[-7.8321,8.5757],[-8.2035,8.45545],[-8.2807,7.68718],[-8.4393,7.68604],[-8.38545,6.9118],[-8.60288,6.46756],[-7.99369,6.12619],[-7.57015,5.70735],[-7.71216,4.36457],[-7.51894,4.33829],[-5.8345,4.9937],[-4.64992,5.16826],[-4.00882,5.17981],[-3.31108,4.9843],[-2.85612,4.99448],[-2.8107,5.38905],[-3.24437,6.25047],[-2.98358,7.37971],[-2.56219,8.21963],[-2.8275,9.64246],[-3.5119,9.90033],[-3.98045,9.86234],[-4.33025,9.61084],[-4.77988,9.82199],[-4.95465,10.15271],[-5.40434,10.37074],[-6.05045,10.09636],[-6.20522,10.52406],[-6.66646,10.43081],[-6.85051,10.13899],[-8.02994,10.20654]]]},"properties":{"NAME":"Côte d'Ivoire","NAME_LONG":"Côte d'Ivoire","ADMIN":"Ivory Coast","ABBREV":"I.C.","ISO_A2":"CI","ISO_A3":"CIV","ISO_N3":"384","CONTINENT":"Africa","REGION_UN":"Africa","SUBREGION":"Western Africa","name":"Côte d'Ivoire","code":"CI","iso_a2":"CI","iso_a3":"CIV","continent":"Africa"}},{"type":"Feature","geometry":{"type":"Polygon","coordinates":[[[-13.70048,12.58618],[-13.74316,11.81127],[-14.38219,11.50927],[-14.68569,11.52782],[-15.13031,11.04041],[-14.83955,10.87657],[-14.5797,10.21447],[-14.07404,9.88617],[-13.24655,8.90305],[-12.71196,9.34271],[-12.42593,9.83583],[-11.91728,10.04698],[-11.11748,10.04587],[-10.62239,9.26791],[-10.50548,8.3489],[-10.23009,8.40621],[-9.75534,8.54106],[-9.33728,7.92853],[-9.40335,7.52691],[-8.92606,7.30904],[-8.72212,7.71167],[-8.4393,7.68604],[-8.2807,7.68718],[-8.2035,8.45545],[-7.8321,8.5757],[-8.30962,9.78953],[-8.02994,10.20654],[-8.33538,10.49481],[-8.28236,10.7926],[-8.62032,10.81089],[-8.3763,11.39365],[-9.12747,12.30806],[-9.32762,12.33429],[-10.16521,11.84408],[-10.59322,11.92398],[-11.03656,12.21125],[-11.45617,12.07683],[-11.51394,12.44299],[-12.20356,12.46565],[-12.49905,12.33209],[-13.21782,12.57587],[-13.70048,12.58618]]]},"properties":{"NAME":"Guinea","NAME_LONG":"Guinea","ADMIN":"Guinea","ABBREV":"Gin.","ISO_A2":"GN","ISO_A3":"GIN","ISO_N3":"324","CONTINENT":"Africa","REGION_UN":"Africa","SUBREGION":"Western Africa","name":"Guinea","code":"GN","iso_a2":"GN","iso_a3":"GIN","continent":"Africa"}},{"type":"Feature","geometry":{"type":"Polygon","coordinates":[[[-16.67745,12.38485],[-16.08521,11.52459],[-15.66418,11.45847],[-15.13031,11.04041],[-14.68569,11.52782],[-14.38219,11.50927],[-13.74316,11.81127],[-13.70048,12.58618],[-15.54848,12.62817],[-16.67745,12.38485]]]},"properties":{"NAME":"Guinea-Bissau","NAME_LONG":"Guinea-Bissau","ADMIN":"Guinea-Bissau","ABBREV":"GnB.","ISO_A2":"GW","ISO_A3":"GNB","ISO_N3":"624","CONTINENT":"Africa","REGION_UN":"Africa","SUBREGION":"Western Africa","name":"Guinea-Bissau","code":"GW","iso_a2":"GW","iso_a3":"GNB","continent":"Africa"}},{"type":"Feature","geometry":{"type":"Polygon","coordinates":[[[-8.4393,7.68604],[-8.72212,7.71167],[-8.92606,7.30904],[-9.40335,7.52691],[-9.33728,7.92853],[-9.75534,8.54106],[-10.23009,8.40621],[-11.1467,7.39671],[-11.43878,6.78592],[-10.76538,6.14071],[-9.91342,5.59356],[-9.00479,4.83242],[-7.97411,4.35576],[-7.71216,4.36457],[-7.57015,5.70735],[-7.99369,6.12619],[-8.60288,6.46756],[-8.38545,6.9118],[-8.4393,7.68604]]]},"properties":{"NAME":"Liberia","NAME_LONG":"Liberia","ADMIN":"Liberia","ABBREV":"Liberia","ISO_A2":"LR","ISO_A3":"LBR","ISO_N3":"430","CONTINENT":"Africa","REGION_UN":"Africa","SUBREGION":"Western Africa","name":"Liberia","code":"LR","iso_a2":"LR","iso_a3":"LBR","continent":"Africa"}},{"type":"Feature","geometry":{"type":"Polygon","coordinates":[[[-13.24655,8.90305],[-12.94905,7.79865],[-12.4281,7.26294],[-11.43878,6.78592],[-11.1467,7.39671],[-10.23009,8.40621],[-10.50548,8.3489],[-10.62239,9.26791],[-11.11748,10.04587],[-11.91728,10.04698],[-12.42593,9.83583],[-12.71196,9.34271],[-13.24655,8.90305]]]},"properties":{"NAME":"Sierra Leone","NAME_LONG":"Sierra Leone","ADMIN":"Sierra Leone","ABBREV":"S.L.","ISO_A2":"SL","ISO_A3":"SLE","ISO_N3":"694","CONTINENT":"Africa","REGION_UN":"Africa","SUBREGION":"Western Africa","name":"Sierra Leone","code":"SL","iso_a2":"SL","iso_a3":"SLE","continent":"Africa"}},{"type":"Feature","geometry":{"type":"Polygon","coordinates":[[[-5.40434,10.37074],[-4.95465,10.15271],[-4.77988,9.82199],[-4.33025,9.61084],[-3.98045,9.86234],[-3.5119,9.90033],[-2.8275,9.64246],[-2.9639,10.39533],[-2.94041,10.96269],[-1.20336,11.00982],[-0.76158,10.93693],[-0.4387,11.09834],[0.0238,11.01868],[0.89956,10.99734],[1.24347,11.11051],[1.44718,11.54772],[1.93599,11.64115],[2.15447,11.94015],[2.17711,12.62502],[1.0241,12.85183],[0.99305,13.33575],[0.42993,13.98873],[0.29565,14.44424],[0.37489,14.92891],[-0.26626,14.92431],[-0.51585,15.11616],[-1.06636,14.97382],[-2.00103,14.55901],[-2.19182,14.24642],[-2.96769,13.79815],[-3.5228,13.33766],[-4.00639,13.47249],[-4.2804,13.22844],[-4.42717,12.54265],[-5.22094,11.71386],[-5.19784,11.37515],[-5.47056,10.95127],[-5.40434,10.37074]]]},"properties":{"NAME":"Burkina Faso","NAME_LONG":"Burkina Faso","ADMIN":"Burkina Faso","ABBREV":"B.F.","ISO_A2":"BF","ISO_A3":"BFA","ISO_N3":"854","CONTINENT":"Africa","REGION_UN":"Africa","SUBREGION":"Western Africa","name":"Burkina Faso","code":"BF","iso_a2":"BF","iso_a3":"BFA","continent":"Africa"}},{"type":"Feature","geometry":{"type":"Polygon","coordinates":[[[27.37423,5.23394],[27.21341,5.55095],[26.46591,5.94672],[26.21342,6.5466],[25.12413,7.50009],[25.11493,7.8251],[24.56737,8.22919],[23.80581,8.66632],[23.45901,8.95429],[23.39478,9.26507],[23.5543,10.08926],[22.97754,10.71446],[22.86417,11.1424],[22.23113,10.97189],[21.72382,10.56706],[21.00087,9.47599],[20.05969,9.01271],[19.09401,9.07485],[18.81201,8.98292],[18.91102,8.6309],[17.96493,7.89091],[16.70599,7.50833],[16.29056,7.75431],[16.10623,7.49709],[15.27946,7.42193],[14.77655,6.4085],[14.53656,6.22696],[14.47837,4.73261],[14.95095,4.21039],[15.03622,3.85137],[15.4054,3.3353],[15.86273,3.01354],[16.01285,2.26764],[16.53706,3.19826],[17.13304,3.7282],[18.45306,3.50439],[18.54298,4.20179],[18.93231,4.70951],[19.46778,5.03153],[20.29068,4.69168],[20.92759,4.32279],[22.40512,4.02916],[22.70412,4.63305],[23.29721,4.60969],[24.41053,5.10878],[24.80503,4.89725],[25.65046,5.25609],[27.04407,5.12785],[27.37423,5.23394]]]},"properties":{"NAME":"Central African Rep.","NAME_LONG":"Central African Republic","ADMIN":"Central African Republic","ABBREV":"C.A.R.","ISO_A2":"CF","ISO_A3":"CAF","ISO_N3":"140","CONTINENT":"Africa","REGION_UN":"Africa","SUBREGION":"Middle Africa","name":"Central African Rep.","code":"CF","iso_a2":"CF","iso_a3":"CAF","continent":"Africa"}},{"type":"Feature","geometry":{"type":"Polygon","coordinates":[[[18.45306,3.50439],[17.13304,3.7282],[16.53706,3.19826],[16.01285,2.26764],[15.94092,1.72767],[14.33781,2.22788],[13.07582,2.2671],[13.00311,1.8309],[13.28263,1.31418],[14.02667,1.39568],[14.27627,1.19693],[13.84332,0.03876],[14.31642,-0.55263],[14.42546,-1.33341],[14.29921,-1.99828],[13.99241,-2.4708],[13.10962,-2.42874],[12.57528,-1.94851],[12.4957,-2.39169],[11.82096,-2.51416],[11.47804,-2.76562],[11.85512,-3.42687],[11.09377,-3.97883],[11.91496,-5.03799],[12.62076,-4.43802],[12.99552,-4.7811],[13.25824,-4.88296],[13.60024,-4.50014],[14.14496,-4.51001],[14.20904,-4.79309],[14.5826,-4.97024],[16.00629,-3.53513],[15.9728,-2.71239],[16.40709,-1.74093],[16.86531,-1.22582],[17.52372,-0.74383],[17.82654,0.28892],[17.77419,0.85566],[17.89883,1.74183],[18.39379,2.90044],[18.45306,3.50439]]]},"properties":{"NAME":"Congo","NAME_LONG":"Republic of the Congo","ADMIN":"Republic of the Congo","ABBREV":"Rep. Congo","ISO_A2":"CG","ISO_A3":"COG","ISO_N3":"178","CONTINENT":"Africa","REGION_UN":"Africa","SUBREGION":"Middle Africa","name":"Congo","code":"CG","iso_a2":"CG","iso_a3":"COG","continent":"Africa"}},{"type":"Feature","geometry":{"type":"Polygon","coordinates":[[[11.27645,2.26105],[11.28508,1.05766],[9.83028,1.06789],[9.49289,1.01012],[8.798,-1.1113],[9.40525,-2.14431],[10.06613,-2.96948],[11.09377,-3.97883],[11.85512,-3.42687],[11.47804,-2.76562],[11.82096,-2.51416],[12.4957,-2.39169],[12.57528,-1.94851],[13.10962,-2.42874],[13.99241,-2.4708],[14.29921,-1.99828],[14.42546,-1.33341],[14.31642,-0.55263],[13.84332,0.03876],[14.27627,1.19693],[14.02667,1.39568],[13.28263,1.31418],[13.00311,1.8309],[13.07582,2.2671],[12.35938,2.19281],[11.75167,2.32676],[11.27645,2.26105]]]},"properties":{"NAME":"Gabon","NAME_LONG":"Gabon","ADMIN":"Gabon","ABBREV":"Gabon","ISO_A2":"GA","ISO_A3":"GAB","ISO_N3":"266","CONTINENT":"Africa","REGION_UN":"Africa","SUBREGION":"Middle Africa","name":"Gabon","code":"GA","iso_a2":"GA","iso_a3":"GAB","continent":"Africa"}},{"type":"Feature","geometry":{"type":"Polygon","coordinates":[[[9.64916,2.28387],[9.30561,1.16091],[9.49289,1.01012],[9.83028,1.06789],[11.28508,1.05766],[11.27645,2.26105],[9.64916,2.28387]]]},"properties":{"NAME":"Eq. Guinea","NAME_LONG":"Equatorial Guinea","ADMIN":"Equatorial Guinea","ABBREV":"Eq. G.","ISO_A2":"GQ","ISO_A3":"GNQ","ISO_N3":"226","CONTINENT":"Africa","REGION_UN":"Africa","SUBREGION":"Middle Africa","name":"Eq. Guinea","code":"GQ","iso_a2":"GQ","iso_a3":"GNQ","continent":"Africa"}},{"type":"Feature","geometry":{"type":"Polygon","coordinates":[[[30.74001,-8.34001],[30.34609,-8.23826],[29.00291,-8.40703],[28.73487,-8.52656],[28.44987,-9.16492],[28.67368,-9.60592],[28.37225,-11.79365],[29.34155,-12.36074],[29.616,-12.17889],[29.69961,-13.25723],[28.93429,-13.24896],[28.15511,-12.27248],[27.3888,-12.13275],[27.16442,-11.60875],[26.55309,-11.92444],[25.75231,-11.78496],[25.41812,-11.33094],[24.31452,-11.26283],[24.25716,-10.95199],[23.91222,-10.92683],[24.01789,-11.2373],[23.90415,-11.72228],[24.07991,-12.1913],[24.01614,-12.91105],[21.93389,-12.89844],[21.88784,-16.08031],[22.56248,-16.89845],[23.21505,-17.52312],[24.03386,-17.29584],[24.68235,-17.35341],[25.08444,-17.66182],[25.26423,-17.73654],[27.04443,-17.93803],[27.59824,-17.29083],[28.46791,-16.4684],[28.82587,-16.38975],[28.94746,-16.04305],[29.51683,-15.64468],[30.27426,-15.50779],[30.17948,-14.7961],[33.21403,-13.97186],[32.68817,-13.71286],[32.99176,-12.78387],[33.30642,-12.43578],[33.11429,-11.6072],[33.48569,-10.52556],[33.23139,-9.67672],[32.75938,-9.2306],[32.19187,-8.93036],[31.55635,-8.76205],[30.74001,-8.34001]]]},"properties":{"NAME":"Zambia","NAME_LONG":"Zambia","ADMIN":"Zambia","ABBREV":"Zambia","ISO_A2":"ZM","ISO_A3":"ZMB","ISO_N3":"894","CONTINENT":"Africa","REGION_UN":"Africa","SUBREGION":"Eastern Africa","name":"Zambia","code":"ZM","iso_a2":"ZM","iso_a3":"ZMB","continent":"Africa"}},{"type":"Feature","geometry":{"type":"Polygon","coordinates":[[[32.75938,-9.2306],[33.23139,-9.67672],[33.48569,-10.52556],[33.11429,-11.6072],[33.30642,-12.43578],[32.99176,-12.78387],[32.68817,-13.71286],[33.21403,-13.97186],[33.7897,-14.45183],[34.06483,-14.35995],[34.45963,-14.61301],[34.51767,-15.01371],[34.30729,-15.47864],[34.38129,-16.18356],[35.03381,-16.8013],[35.33906,-16.10744],[35.7719,-15.89686],[35.68685,-14.61105],[35.26796,-13.88783],[34.90715,-13.56542],[34.55999,-13.58],[34.28001,-12.28002],[34.55999,-11.52002],[34.28,-10.16],[33.73972,-9.41715],[32.75938,-9.2306]]]},"properties":{"NAME":"Malawi","NAME_LONG":"Malawi","ADMIN":"Malawi","ABBREV":"Mal.","ISO_A2":"MW","ISO_A3":"MWI","ISO_N3":"454","CONTINENT":"Africa","REGION_UN":"Africa","SUBREGION":"Eastern Africa","name":"Malawi","code":"MW","iso_a2":"MW","iso_a3":"MWI","continent":"Africa"}},{"type":"Feature","geometry":{"type":"Polygon","coordinates":[[[34.55999,-11.52002],[34.28001,-12.28002],[34.55999,-13.58],[34.90715,-13.56542],[35.26796,-13.88783],[35.68685,-14.61105],[35.7719,-15.89686],[35.33906,-16.10744],[35.03381,-16.8013],[34.38129,-16.18356],[34.30729,-15.47864],[34.51767,-15.01371],[34.45963,-14.61301],[34.06483,-14.35995],[33.7897,-14.45183],[33.21403,-13.97186],[30.17948,-14.7961],[30.27426,-15.50779],[30.33896,-15.88084],[31.17306,-15.86094],[31.85204,-16.31942],[32.32824,-16.39207],[32.84764,-16.7134],[32.84986,-17.97906],[32.65489,-18.67209],[32.61199,-19.41938],[32.77271,-19.71559],[32.24499,-21.11649],[31.19141,-22.25151],[31.93059,-24.36942],[31.75241,-25.48428],[31.83778,-25.84333],[32.07167,-26.73382],[32.83012,-26.74219],[32.91595,-26.21587],[32.66036,-26.14858],[32.57463,-25.72732],[33.01321,-25.35757],[35.04074,-24.47835],[35.45875,-24.12261],[35.60747,-23.70656],[35.37177,-23.53536],[35.53394,-23.07079],[35.56255,-22.09],[35.38585,-22.14],[35.17613,-21.25436],[34.70189,-20.49704],[34.78638,-19.78401],[35.1984,-19.55281],[35.8965,-18.84226],[36.28128,-18.65969],[37.41113,-17.58637],[39.45256,-16.72089],[40.08926,-16.10077],[40.77548,-14.69176],[40.59962,-14.20197],[40.56081,-12.63918],[40.43725,-11.76171],[40.47839,-10.76544],[40.31659,-10.3171],[39.521,-10.89688],[38.42756,-11.2852],[37.82764,-11.26879],[37.47129,-11.56876],[36.51408,-11.72094],[35.3124,-11.43915],[34.55999,-11.52002]]]},"properties":{"NAME":"Mozambique","NAME_LONG":"Mozambique","ADMIN":"Mozambique","ABBREV":"Moz.","ISO_A2":"MZ","ISO_A3":"MOZ","ISO_N3":"508","CONTINENT":"Africa","REGION_UN":"Africa","SUBREGION":"Eastern Africa","name":"Mozambique","code":"MZ","iso_a2":"MZ","iso_a3":"MOZ","continent":"Africa"}},{"type":"Feature","geometry":{"type":"Polygon","coordinates":[[[32.07167,-26.73382],[31.83778,-25.84333],[31.04408,-25.73145],[30.67661,-26.39808],[30.68596,-26.74384],[31.28277,-27.28588],[31.86806,-27.17793],[32.07167,-26.73382]]]},"properties":{"NAME":"eSwatini","NAME_LONG":"Kingdom of eSwatini","ADMIN":"eSwatini","ABBREV":"eSw.","ISO_A2":"SZ","ISO_A3":"SWZ","ISO_N3":"748","CONTINENT":"Africa","REGION_UN":"Africa","SUBREGION":"Southern Africa","name":"eSwatini","code":"SZ","iso_a2":"SZ","iso_a3":"SWZ","continent":"Africa"}},{"type":"Feature","geometry":{"type":"MultiPolygon","coordinates":[[[[12.99552,-4.7811],[12.62076,-4.43802],[11.91496,-5.03799],[12.18234,-5.78993],[12.43669,-5.6843],[12.468,-5.24836],[12.99552,-4.7811]]],[[[12.32243,-6.10009],[12.22735,-6.29445],[12.7283,-6.92712],[13.23643,-8.56263],[12.87537,-9.16693],[13.38733,-10.37358],[13.68638,-10.73108],[13.73873,-11.29786],[13.63372,-12.03864],[12.73848,-13.13791],[12.17562,-14.44914],[12.12358,-14.87832],[11.77854,-15.79382],[11.6401,-16.67314],[11.7342,-17.30189],[12.81408,-16.94134],[13.46236,-16.97121],[14.0585,-17.42338],[14.20971,-17.3531],[18.26331,-17.30995],[18.95619,-17.78909],[21.37718,-17.93064],[23.21505,-17.52312],[22.56248,-16.89845],[21.88784,-16.08031],[21.93389,-12.89844],[24.01614,-12.91105],[24.07991,-12.1913],[23.90415,-11.72228],[24.01789,-11.2373],[23.91222,-10.92683],[23.45679,-10.86786],[22.15527,-11.0848],[22.20875,-9.8948],[21.87518,-9.52371],[21.8018,-8.90871],[21.94913,-8.3059],[21.74646,-7.92008],[21.72811,-7.29087],[20.51475,-7.29961],[20.60182,-6.93932],[20.09162,-6.94309],[20.03772,-7.11636],[19.4175,-7.15543],[19.01675,-7.98825],[18.46418,-7.84701],[17.47297,-8.06855],[16.86019,-7.2223],[16.32653,-5.87747],[13.3756,-5.86424],[12.32243,-6.10009]]]]},"properties":{"NAME":"Angola","NAME_LONG":"Angola","ADMIN":"Angola","ABBREV":"Ang.","ISO_A2":"AO","ISO_A3":"AGO","ISO_N3":"024","CONTINENT":"Africa","REGION_UN":"Africa","SUBREGION":"Middle Africa","name":"Angola","code":"AO","iso_a2":"AO","iso_a3":"AGO","continent":"Africa"}},{"type":"Feature","geometry":{"type":"Polygon","coordinates":[[[30.46967,-2.41385],[29.93836,-2.34849],[29.63218,-2.91786],[29.02493,-2.83926],[29.27638,-3.29391],[29.34,-4.49998],[29.75351,-4.45239],[30.75224,-3.35931],[30.46967,-2.41385]]]},"properties":{"NAME":"Burundi","NAME_LONG":"Burundi","ADMIN":"Burundi","ABBREV":"Bur.","ISO_A2":"BI","ISO_A3":"BDI","ISO_N3":"108","CONTINENT":"Africa","REGION_UN":"Africa","SUBREGION":"Eastern Africa","name":"Burundi","code":"BI","iso_a2":"BI","iso_a3":"BDI","continent":"Africa"}},{"type":"Feature","geometry":{"type":"Polygon","coordinates":[[[35.71992,32.70919],[35.8211,33.27743],[35.12605,33.0909],[34.75259,32.07293],[34.26543,31.21936],[34.82324,29.76108],[34.9226,29.50133],[35.42092,31.10007],[35.39756,31.48909],[34.92741,31.35344],[35.22589,31.75434],[34.97464,31.86658],[35.18393,32.53251],[35.54567,32.39399],[35.71992,32.70919]]]},"properties":{"NAME":"Israel","NAME_LONG":"Israel","ADMIN":"Israel","ABBREV":"Isr.","ISO_A2":"IL","ISO_A3":"ISR","ISO_N3":"376","CONTINENT":"Asia","REGION_UN":"Asia","SUBREGION":"Western Asia","name":"Israel","code":"IL","iso_a2":"IL","iso_a3":"ISR","continent":"Asia"}},{"type":"Feature","geometry":{"type":"Polygon","coordinates":[[[35.8211,33.27743],[36.06646,33.82491],[36.61175,34.20179],[36.44819,34.59394],[35.9984,34.64491],[35.48221,33.90545],[35.12605,33.0909],[35.8211,33.27743]]]},"properties":{"NAME":"Lebanon","NAME_LONG":"Lebanon","ADMIN":"Lebanon","ABBREV":"Leb.","ISO_A2":"LB","ISO_A3":"LBN","ISO_N3":"422","CONTINENT":"Asia","REGION_UN":"Asia","SUBREGION":"Western Asia","name":"Lebanon","code":"LB","iso_a2":"LB","iso_a3":"LBN","continent":"Asia"}},{"type":"Feature","geometry":{"type":"Polygon","coordinates":[[[49.54352,-12.46983],[49.19465,-12.04056],[48.86351,-12.48787],[48.84506,-13.08917],[48.29383,-13.78407],[47.86905,-13.66387],[48.00522,-14.09123],[47.70513,-14.5943],[46.88218,-15.21018],[46.31224,-15.78002],[45.87299,-15.79345],[44.94494,-16.17937],[44.44652,-16.21622],[44.31247,-16.8505],[43.96308,-17.40994],[44.04298,-18.33139],[44.4644,-19.43545],[44.37433,-20.07237],[43.89637,-20.83046],[43.89368,-21.16331],[43.4333,-21.33647],[43.25419,-22.05741],[43.34565,-22.7769],[43.69778,-23.57412],[43.76377,-24.46068],[44.03972,-24.98834],[45.40951,-25.60143],[46.28248,-25.17846],[47.09576,-24.94163],[47.54772,-23.78196],[47.93075,-22.3915],[48.54854,-20.49689],[49.43562,-17.95306],[49.49861,-17.10604],[49.77456,-16.87504],[49.86334,-16.45104],[49.67261,-15.7102],[49.86061,-15.41425],[50.20028,-16.00026],[50.47654,-15.22651],[50.21743,-14.75879],[50.05651,-13.55576],[49.54352,-12.46983]]]},"properties":{"NAME":"Madagascar","NAME_LONG":"Madagascar","ADMIN":"Madagascar","ABBREV":"Mad.","ISO_A2":"MG","ISO_A3":"MDG","ISO_N3":"450","CONTINENT":"Africa","REGION_UN":"Africa","SUBREGION":"Eastern Africa","name":"Madagascar","code":"MG","iso_a2":"MG","iso_a3":"MDG","continent":"Africa"}},{"type":"Feature","geometry":{"type":"Polygon","coordinates":[[[35.39756,31.48909],[35.54567,32.39399],[35.18393,32.53251],[34.97464,31.86658],[35.22589,31.75434],[34.92741,31.35344],[35.39756,31.48909]]]},"properties":{"NAME":"Palestine","NAME_LONG":"Palestine","ADMIN":"Palestine","ABBREV":"Pal.","ISO_A2":"PS","ISO_A3":"PSE","ISO_N3":"275","CONTINENT":"Asia","REGION_UN":"Asia","SUBREGION":"Western Asia","name":"Palestine","code":"PS","iso_a2":"PS","iso_a3":"PSE","continent":"Asia"}},{"type":"Feature","geometry":{"type":"Polygon","coordinates":[[[-16.71373,13.59496],[-16.84152,13.15139],[-15.9313,13.13028],[-15.14116,13.50951],[-14.2777,13.28059],[-13.84496,13.50504],[-14.04699,13.79407],[-14.68703,13.63036],[-15.08173,13.87649],[-15.6246,13.62359],[-16.71373,13.59496]]]},"properties":{"NAME":"Gambia","NAME_LONG":"The Gambia","ADMIN":"Gambia","ABBREV":"Gambia","ISO_A2":"GM","ISO_A3":"GMB","ISO_N3":"270","CONTINENT":"Africa","REGION_UN":"Africa","SUBREGION":"Western Africa","name":"Gambia","code":"GM","iso_a2":"GM","iso_a3":"GMB","continent":"Africa"}},{"type":"Feature","geometry":{"type":"Polygon","coordinates":[[[9.48214,30.30756],[9.97002,30.53933],[9.95023,31.37607],[10.6369,31.76142],[11.43225,32.3689],[11.48879,33.137],[11.1085,33.29334],[10.85684,33.76874],[10.33966,33.78574],[10.14959,34.33077],[10.80785,34.83351],[10.93952,35.69898],[10.59329,35.94744],[10.60001,36.41],[11.10003,36.9],[11.02887,37.0921],[10.18065,36.72404],[10.21,37.23],[9.50999,37.34999],[8.42096,36.94643],[8.21782,36.43318],[8.37637,35.47988],[8.14098,34.65515],[7.52448,34.09738],[7.61264,33.34412],[8.43047,32.74834],[8.4391,32.50629],[9.0556,32.10269],[9.48214,30.30756]]]},"properties":{"NAME":"Tunisia","NAME_LONG":"Tunisia","ADMIN":"Tunisia","ABBREV":"Tun.","ISO_A2":"TN","ISO_A3":"TUN","ISO_N3":"788","CONTINENT":"Africa","REGION_UN":"Africa","SUBREGION":"Northern Africa","name":"Tunisia","code":"TN","iso_a2":"TN","iso_a3":"TUN","continent":"Africa"}},{"type":"Feature","geometry":{"type":"Polygon","coordinates":[[[-8.6844,27.39574],[-4.92334,24.97457],[-1.55005,22.79267],[1.82323,20.61081],[2.06099,20.14223],[3.14666,19.69358],[3.15813,19.05736],[4.26742,19.15527],[5.67757,19.60121],[8.57289,21.56566],[11.99951,23.47167],[11.56067,24.09791],[10.77136,24.56253],[10.30385,24.37931],[9.94826,24.93695],[9.91069,25.36546],[9.31941,26.09433],[9.71629,26.51221],[9.62906,27.14095],[9.75613,27.68826],[9.68389,28.14417],[9.86,28.95999],[9.80563,29.42464],[9.48214,30.30756],[9.0556,32.10269],[8.4391,32.50629],[8.43047,32.74834],[7.61264,33.34412],[7.52448,34.09738],[8.14098,34.65515],[8.37637,35.47988],[8.21782,36.43318],[8.42096,36.94643],[7.73708,36.88571],[7.33039,37.11838],[6.26182,37.11066],[5.32012,36.71652],[4.81576,36.86504],[3.1617,36.7839],[1.46692,36.60565],[0.50388,36.30127],[-0.12745,35.88866],[-1.2086,35.71485],[-2.16991,35.1684],[-1.79299,34.52792],[-1.73345,33.91971],[-1.38805,32.86402],[-1.12455,32.65152],[-1.3079,32.26289],[-2.6166,32.09435],[-3.06898,31.7245],[-3.6475,31.63729],[-3.69044,30.89695],[-4.85965,30.50119],[-5.24213,30.00044],[-6.06063,29.7317],[-7.05923,29.57923],[-8.67412,28.84129],[-8.66559,27.65643],[-8.6844,27.39574]]]},"properties":{"NAME":"Algeria","NAME_LONG":"Algeria","ADMIN":"Algeria","ABBREV":"Alg.","ISO_A2":"DZ","ISO_A3":"DZA","ISO_N3":"012","CONTINENT":"Africa","REGION_UN":"Africa","SUBREGION":"Northern Africa","name":"Algeria","code":"DZ","iso_a2":"DZ","iso_a3":"DZA","continent":"Africa"}},{"type":"Feature","geometry":{"type":"Polygon","coordinates":[[[35.54567,32.39399],[35.39756,31.48909],[35.42092,31.10007],[34.9226,29.50133],[34.95604,29.35656],[36.06894,29.1975],[36.74053,29.86528],[37.50358,30.00378],[37.99885,30.5085],[37.00217,31.50841],[39.00489,32.01022],[39.19547,32.16101],[38.79234,33.37869],[36.83406,32.31294],[35.71992,32.70919],[35.54567,32.39399]]]},"properties":{"NAME":"Jordan","NAME_LONG":"Jordan","ADMIN":"Jordan","ABBREV":"Jord.","ISO_A2":"JO","ISO_A3":"JOR","ISO_N3":"400","CONTINENT":"Asia","REGION_UN":"Asia","SUBREGION":"Western Asia","name":"Jordan","code":"JO","iso_a2":"JO","iso_a3":"JOR","continent":"Asia"}},{"type":"Feature","geometry":{"type":"Polygon","coordinates":[[[51.57952,24.2455],[52.00073,23.00115],[55.0068,22.49695],[55.20834,22.70833],[55.23449,23.11099],[55.52584,23.52487],[55.52863,23.9336],[55.98121,24.13054],[55.80412,24.2696],[55.88623,24.92083],[56.39685,24.92473],[56.26104,25.71461],[56.07082,26.05546],[54.008,24.12176],[52.57708,24.17744],[51.79439,24.01983],[51.57952,24.2455]]]},"properties":{"NAME":"United Arab Emirates","NAME_LONG":"United Arab Emirates","ADMIN":"United Arab Emirates","ABBREV":"U.A.E.","ISO_A2":"AE","ISO_A3":"ARE","ISO_N3":"784","CONTINENT":"Asia","REGION_UN":"Asia","SUBREGION":"Western Asia","name":"United Arab Emirates","code":"AE","iso_a2":"AE","iso_a3":"ARE","continent":"Asia"}},{"type":"Feature","geometry":{"type":"Polygon","coordinates":[[[50.81011,24.75474],[51.38961,24.62739],[51.6067,25.21567],[51.58908,25.80111],[51.28646,26.11458],[51.01335,26.00699],[50.74391,25.48242],[50.81011,24.75474]]]},"properties":{"NAME":"Qatar","NAME_LONG":"Qatar","ADMIN":"Qatar","ABBREV":"Qatar","ISO_A2":"QA","ISO_A3":"QAT","ISO_N3":"634","CONTINENT":"Asia","REGION_UN":"Asia","SUBREGION":"Western Asia","name":"Qatar","code":"QA","iso_a2":"QA","iso_a3":"QAT","continent":"Asia"}},{"type":"Feature","geometry":{"type":"Polygon","coordinates":[[[47.97452,29.97582],[47.30262,30.05907],[46.56871,29.09903],[47.45982,29.00252],[47.70885,28.52606],[48.41609,28.552],[48.09394,29.3063],[47.97452,29.97582]]]},"properties":{"NAME":"Kuwait","NAME_LONG":"Kuwait","ADMIN":"Kuwait","ABBREV":"Kwt.","ISO_A2":"KW","ISO_A3":"KWT","ISO_N3":"414","CONTINENT":"Asia","REGION_UN":"Asia","SUBREGION":"Western Asia","name":"Kuwait","code":"KW","iso_a2":"KW","iso_a3":"KWT","continent":"Asia"}},{"type":"Feature","geometry":{"type":"Polygon","coordinates":[[[39.19547,32.16101],[40.39999,31.88999],[41.88998,31.19001],[44.7095,29.17889],[46.56871,29.09903],[47.30262,30.05907],[47.97452,29.97582],[48.56797,29.92678],[48.01457,30.45246],[48.0047,30.98514],[47.68529,30.98485],[47.8492,31.70918],[47.33466,32.46916],[46.10936,33.01729],[45.41669,33.9678],[45.64846,34.74814],[46.15179,35.09326],[46.07634,35.67738],[45.42062,35.97755],[44.77268,37.17044],[44.29345,37.00151],[43.94226,37.25623],[42.77913,37.38526],[42.34959,37.22987],[41.83706,36.60585],[41.28971,36.35882],[41.38397,35.62832],[41.00616,34.41937],[38.79234,33.37869],[39.19547,32.16101]]]},"properties":{"NAME":"Iraq","NAME_LONG":"Iraq","ADMIN":"Iraq","ABBREV":"Iraq","ISO_A2":"IQ","ISO_A3":"IRQ","ISO_N3":"368","CONTINENT":"Asia","REGION_UN":"Asia","SUBREGION":"Western Asia","name":"Iraq","code":"IQ","iso_a2":"IQ","iso_a3":"IRQ","continent":"Asia"}},{"type":"Feature","geometry":{"type":"MultiPolygon","coordinates":[[[[55.20834,22.70833],[55.66666,22],[54.99998,19.99999],[52.00001,19],[53.10857,16.65105],[53.57051,16.70766],[54.23925,17.04498],[54.791,16.9507],[55.2749,17.22835],[55.26994,17.63231],[55.66149,17.88413],[56.28352,17.87607],[56.51219,18.08711],[56.60965,18.57427],[57.23426,18.94799],[57.7887,19.06757],[57.66576,19.736],[58.03432,20.48144],[58.48799,20.42899],[58.86114,21.11404],[59.28241,21.43389],[59.80615,22.31053],[58.72921,23.56567],[57.40345,23.87859],[56.84514,24.24167],[56.39685,24.92473],[55.88623,24.92083],[55.80412,24.2696],[55.98121,24.13054],[55.52863,23.9336],[55.52584,23.52487],[55.23449,23.11099],[55.20834,22.70833]]],[[[56.26104,25.71461],[56.48568,26.30912],[56.07082,26.05546],[56.26104,25.71461]]]]},"properties":{"NAME":"Oman","NAME_LONG":"Oman","ADMIN":"Oman","ABBREV":"Oman","ISO_A2":"OM","ISO_A3":"OMN","ISO_N3":"512","CONTINENT":"Asia","REGION_UN":"Asia","SUBREGION":"Western Asia","name":"Oman","code":"OM","iso_a2":"OM","iso_a3":"OMN","continent":"Asia"}},{"type":"Feature","geometry":{"type":"MultiPolygon","coordinates":[[[[167.2168,-15.89185],[167.18001,-16.15999],[167.51518,-16.59785],[167.84488,-16.46633],[167.2168,-15.89185]]],[[[166.79316,-15.66881],[167.27003,-15.74002],[167.10771,-14.93392],[166.62914,-14.6265],[166.64986,-15.3927],[166.79316,-15.66881]]]]},"properties":{"NAME":"Vanuatu","NAME_LONG":"Vanuatu","ADMIN":"Vanuatu","ABBREV":"Van.","ISO_A2":"VU","ISO_A3":"VUT","ISO_N3":"548","CONTINENT":"Oceania","REGION_UN":"Oceania","SUBREGION":"Melanesia","name":"Vanuatu","code":"VU","iso_a2":"VU","iso_a3":"VUT","continent":"Oceania"}},{"type":"Feature","geometry":{"type":"Polygon","coordinates":[[[102.58493,12.1866],[103.09069,11.15366],[103.49728,10.63256],[104.33434,10.48654],[105.19992,10.88931],[106.24967,10.96181],[105.81052,11.56762],[107.4914,12.33721],[107.61455,13.53553],[107.38273,14.20244],[106.49637,14.57058],[106.04395,13.88109],[105.21878,14.27321],[104.28142,14.41674],[102.98842,14.22572],[102.3481,13.39425],[102.58493,12.1866]]]},"properties":{"NAME":"Cambodia","NAME_LONG":"Cambodia","ADMIN":"Cambodia","ABBREV":"Camb.","ISO_A2":"KH","ISO_A3":"KHM","ISO_N3":"116","CONTINENT":"Asia","REGION_UN":"Asia","SUBREGION":"South-Eastern Asia","name":"Cambodia","code":"KH","iso_a2":"KH","iso_a3":"KHM","continent":"Asia"}},{"type":"Feature","geometry":{"type":"Polygon","coordinates":[[[105.21878,14.27321],[105.54434,14.72393],[105.58904,15.57032],[104.77932,16.44187],[104.71695,17.42886],[103.95648,18.24095],[103.20019,18.30963],[102.99871,17.9617],[102.41301,17.93278],[102.11359,18.1091],[101.05955,17.5125],[101.03593,18.40893],[101.28202,19.46259],[100.60629,19.50834],[100.54888,20.10924],[100.11599,20.41785],[99.54331,20.1866],[98.95968,19.75298],[98.25372,19.7082],[97.79778,18.62708],[97.3759,18.44544],[97.85912,17.56795],[98.49376,16.83784],[98.90335,16.17782],[98.53738,15.3085],[98.19207,15.1237],[98.43082,14.62203],[99.09776,13.8275],[99.19635,12.80475],[99.58729,11.89276],[99.03812,10.96055],[98.55355,9.93296],[98.15001,8.35001],[98.33966,7.79451],[98.50379,8.38231],[99.51964,7.34345],[99.69069,6.84821],[100.08576,6.46449],[100.2596,6.64283],[101.07552,6.20487],[101.15422,5.69138],[101.81428,5.81081],[102.14119,6.22164],[101.62308,6.74062],[101.01733,6.85687],[100.45927,7.42957],[100.27965,8.29515],[99.87383,9.20786],[99.2224,9.23926],[99.15377,9.96306],[100.01873,12.307],[100.0978,13.40686],[100.97847,13.41272],[100.83181,12.62709],[101.68716,12.64574],[102.58493,12.1866],[102.3481,13.39425],[102.98842,14.22572],[104.28142,14.41674],[105.21878,14.27321]]]},"properties":{"NAME":"Thailand","NAME_LONG":"Thailand","ADMIN":"Thailand","ABBREV":"Thai.","ISO_A2":"TH","ISO_A3":"THA","ISO_N3":"764","CONTINENT":"Asia","REGION_UN":"Asia","SUBREGION":"South-Eastern Asia","name":"Thailand","code":"TH","iso_a2":"TH","iso_a3":"THA","continent":"Asia"}},{"type":"Feature","geometry":{"type":"Polygon","coordinates":[[[107.38273,14.20244],[107.56453,15.20217],[107.31271,15.90854],[106.55601,16.60428],[105.0946,18.66698],[103.89653,19.26518],[104.18339,19.62467],[104.82257,19.88664],[104.435,20.75873],[103.20386,20.76656],[102.7549,21.67514],[102.17044,22.46475],[101.65202,22.3182],[101.80312,21.17437],[101.27003,21.20165],[101.18001,21.43657],[100.3291,20.78612],[100.11599,20.41785],[100.54888,20.10924],[100.60629,19.50834],[101.28202,19.46259],[101.03593,18.40893],[101.05955,17.5125],[102.11359,18.1091],[102.41301,17.93278],[102.99871,17.9617],[103.20019,18.30963],[103.95648,18.24095],[104.71695,17.42886],[104.77932,16.44187],[105.58904,15.57032],[105.54434,14.72393],[105.21878,14.27321],[106.04395,13.88109],[106.49637,14.57058],[107.38273,14.20244]]]},"properties":{"NAME":"Laos","NAME_LONG":"Lao PDR","ADMIN":"Laos","ABBREV":"Laos","ISO_A2":"LA","ISO_A3":"LAO","ISO_N3":"418","CONTINENT":"Asia","REGION_UN":"Asia","SUBREGION":"South-Eastern Asia","name":"Laos","code":"LA","iso_a2":"LA","iso_a3":"LAO","continent":"Asia"}},{"type":"Feature","geometry":{"type":"Polygon","coordinates":[[[100.11599,20.41785],[100.3291,20.78612],[101.18001,21.43657],[101.15003,21.84998],[100.41654,21.55884],[99.2409,22.11831],[99.53199,22.94904],[98.89875,23.14272],[98.66026,24.06329],[97.60472,23.89741],[97.72461,25.08364],[98.67184,25.9187],[98.68269,27.50881],[98.24623,27.74722],[97.91199,28.33595],[97.32711,28.26158],[97.40256,27.88254],[97.05199,27.69906],[97.134,27.08377],[96.41937,27.26459],[95.12477,26.57357],[95.15515,26.00131],[94.60325,25.1625],[94.55266,24.67524],[94.10674,23.85074],[93.32519,24.07856],[93.28633,23.04366],[93.06029,22.70311],[93.16613,22.27846],[92.67272,22.04124],[92.65226,21.32405],[92.30323,21.47549],[92.36855,20.67088],[93.07828,19.85515],[93.66326,19.72696],[93.54099,19.36649],[94.32482,18.21351],[94.53349,17.27724],[94.1888,16.03794],[95.36935,15.71439],[96.50577,16.42724],[97.16454,16.92873],[97.59707,16.10057],[97.77773,14.83729],[98.1036,13.64046],[98.50957,13.12238],[98.42834,12.03299],[98.76455,11.44129],[98.45717,10.67527],[98.55355,9.93296],[99.03812,10.96055],[99.58729,11.89276],[99.19635,12.80475],[99.09776,13.8275],[98.43082,14.62203],[98.19207,15.1237],[98.53738,15.3085],[98.90335,16.17782],[98.49376,16.83784],[97.85912,17.56795],[97.3759,18.44544],[97.79778,18.62708],[98.25372,19.7082],[98.95968,19.75298],[99.54331,20.1866],[100.11599,20.41785]]]},"properties":{"NAME":"Myanmar","NAME_LONG":"Myanmar","ADMIN":"Myanmar","ABBREV":"Myan.","ISO_A2":"MM","ISO_A3":"MMR","ISO_N3":"104","CONTINENT":"Asia","REGION_UN":"Asia","SUBREGION":"South-Eastern Asia","name":"Myanmar","code":"MM","iso_a2":"MM","iso_a3":"MMR","continent":"Asia"}},{"type":"Feature","geometry":{"type":"Polygon","coordinates":[[[104.33434,10.48654],[105.0762,9.91849],[104.79519,9.24104],[105.15826,8.59976],[106.40511,9.53084],[107.22093,10.36448],[108.36613,11.00832],[109.20014,11.66686],[109.33527,13.42603],[108.87711,15.27669],[108.2695,16.07974],[107.36195,16.69746],[105.66201,19.05817],[105.88168,19.75205],[106.71507,20.69685],[108.05018,21.55238],[107.04342,21.8119],[106.56727,22.21821],[106.7254,22.79427],[105.81125,22.97689],[105.32921,23.35206],[104.47686,22.81915],[103.50452,22.70376],[102.70699,22.7088],[102.17044,22.46475],[102.7549,21.67514],[103.20386,20.76656],[104.435,20.75873],[104.82257,19.88664],[104.18339,19.62467],[103.89653,19.26518],[105.0946,18.66698],[106.55601,16.60428],[107.31271,15.90854],[107.56453,15.20217],[107.38273,14.20244],[107.61455,13.53553],[107.4914,12.33721],[105.81052,11.56762],[106.24967,10.96181],[105.19992,10.88931],[104.33434,10.48654]]]},"properties":{"NAME":"Vietnam","NAME_LONG":"Vietnam","ADMIN":"Vietnam","ABBREV":"Viet.","ISO_A2":"VN","ISO_A3":"VNM","ISO_N3":"704","CONTINENT":"Asia","REGION_UN":"Asia","SUBREGION":"South-Eastern Asia","name":"Vietnam","code":"VN","iso_a2":"VN","iso_a3":"VNM","continent":"Asia"}},{"type":"Feature","geometry":{"type":"Polygon","coordinates":[[[130.64,42.39502],[129.99427,42.98539],[129.59667,42.42498],[128.05221,41.99429],[128.20843,41.46677],[127.34378,41.50315],[126.86908,41.81657],[126.18205,41.10734],[125.07994,40.56982],[124.26563,39.92849],[125.38659,39.38796],[124.71216,38.10835],[125.24009,37.85722],[125.6891,37.94001],[126.17476,37.74969],[126.68372,37.80477],[127.07331,38.25612],[128.20575,38.3704],[128.34972,38.61224],[127.38543,39.21347],[127.53344,39.75685],[128.63337,40.18985],[129.18812,40.66181],[129.70519,40.88283],[129.66736,41.6011],[130.40003,42.28],[130.77999,42.22001],[130.64,42.39502]]]},"properties":{"NAME":"North Korea","NAME_LONG":"Dem. Rep. Korea","ADMIN":"North Korea","ABBREV":"N.K.","ISO_A2":"KP","ISO_A3":"PRK","ISO_N3":"408","CONTINENT":"Asia","REGION_UN":"Asia","SUBREGION":"Eastern Asia","name":"North Korea","code":"KP","iso_a2":"KP","iso_a3":"PRK","continent":"Asia"}},{"type":"Feature","geometry":{"type":"Polygon","coordinates":[[[126.17476,37.74969],[126.86014,36.89392],[126.1174,36.72549],[126.55923,35.68454],[126.37392,34.93456],[126.48575,34.39005],[127.38652,34.47567],[128.18585,34.89038],[129.09138,35.08248],[129.4683,35.63214],[129.46045,36.78419],[129.21292,37.43239],[128.34972,38.61224],[128.20575,38.3704],[127.07331,38.25612],[126.68372,37.80477],[126.17476,37.74969]]]},"properties":{"NAME":"South Korea","NAME_LONG":"Republic of Korea","ADMIN":"South Korea","ABBREV":"S.K.","ISO_A2":"KR","ISO_A3":"KOR","ISO_N3":"410","CONTINENT":"Asia","REGION_UN":"Asia","SUBREGION":"Eastern Asia","name":"South Korea","code":"KR","iso_a2":"KR","iso_a3":"KOR","continent":"Asia"}},{"type":"Feature","geometry":{"type":"Polygon","coordinates":[[[87.75126,49.2972],[88.01383,48.59946],[88.8543,48.06908],[90.28083,47.69355],[90.97081,46.88815],[90.58577,45.71972],[90.94554,45.28607],[93.48073,44.97547],[94.68893,44.35233],[95.30688,44.24133],[95.76246,43.31945],[96.3494,42.72564],[97.45176,42.74889],[99.51582,42.52469],[100.84587,42.6638],[101.83304,42.51487],[103.31228,41.90747],[104.52228,41.90835],[104.96499,41.59741],[106.12932,42.13433],[107.74477,42.48152],[109.2436,42.51945],[110.4121,42.87123],[111.12968,43.40683],[111.82959,43.74312],[111.34838,44.45744],[111.87331,45.10208],[113.46391,44.80889],[114.46033,45.33982],[115.9851,45.72724],[116.71787,46.3882],[117.4217,46.67273],[118.87433,46.80541],[119.66327,46.69268],[119.77282,47.04806],[118.86657,47.74706],[118.06414,48.06673],[117.29551,47.69771],[116.30895,47.85341],[115.74284,47.72655],[115.48528,48.13538],[116.6788,49.88853],[115.4857,49.80518],[114.96211,50.14025],[114.36246,50.2483],[112.89774,49.54357],[111.58123,49.37797],[110.66201,49.13013],[109.40245,49.29296],[108.47517,49.28255],[107.86818,49.79371],[106.8888,50.2743],[105.88659,50.40602],[103.67655,50.08997],[102.25589,50.51056],[102.06521,51.25991],[99.98173,51.63401],[98.86149,52.04737],[97.82574,51.011],[98.23176,50.4224],[97.25976,49.72605],[95.81402,49.97746],[94.81595,50.01343],[94.14757,50.48054],[93.10421,50.49529],[92.23471,50.80217],[90.71367,50.33181],[88.80557,49.47052],[87.75126,49.2972]]]},"properties":{"NAME":"Mongolia","NAME_LONG":"Mongolia","ADMIN":"Mongolia","ABBREV":"Mong.","ISO_A2":"MN","ISO_A3":"MNG","ISO_N3":"496","CONTINENT":"Asia","REGION_UN":"Asia","SUBREGION":"Eastern Asia","name":"Mongolia","code":"MN","iso_a2":"MN","iso_a3":"MNG","continent":"Asia"}},{"type":"Feature","geometry":{"type":"Polygon","coordinates":[[[97.32711,28.26158],[96.24883,28.41103],[96.58659,28.83098],[96.11768,29.4528],[95.4048,29.03172],[94.56599,29.27744],[93.41335,28.64063],[92.50312,27.89688],[91.69666,27.77174],[92.10371,27.45261],[92.03348,26.83831],[90.37328,26.87572],[89.74453,26.7194],[88.83564,27.09897],[88.81425,27.29932],[88.73033,28.08687],[88.12044,27.87654],[88.04313,27.44582],[88.1748,26.81041],[88.06024,26.41462],[87.22747,26.3979],[85.25178,26.7262],[84.67502,27.2349],[83.30425,27.36451],[81.99999,27.92548],[81.0572,28.4161],[80.08843,28.79447],[80.47672,29.72987],[81.11126,30.18348],[79.72137,30.88272],[78.73889,31.51591],[78.45845,32.61816],[79.17613,32.48378],[79.20889,32.99439],[78.81109,33.5062],[78.91227,34.32194],[77.83745,35.49401],[76.87172,34.65354],[75.75706,34.50492],[74.2402,34.74889],[73.74995,34.3177],[74.45156,32.7649],[75.25864,32.27111],[74.40593,31.69264],[74.42138,30.97982],[73.45064,29.97641],[72.82375,28.96159],[71.77767,27.91318],[70.6165,27.9892],[69.51439,26.94097],[70.16893,26.49187],[70.28287,25.72223],[70.8447,25.2151],[71.04324,24.35652],[68.8426,24.35913],[68.17664,23.69197],[69.3496,22.84318],[69.64493,22.45078],[69.16413,22.0893],[70.47046,20.87733],[71.17527,20.75744],[72.63053,21.35601],[72.82448,20.4195],[72.82091,19.20823],[73.5342,15.99065],[74.44386,14.61722],[74.86482,12.74194],[75.3961,11.78125],[75.74647,11.30825],[76.59298,8.89928],[77.5399,7.96554],[77.94117,8.25296],[78.27794,8.93305],[79.18972,9.21654],[78.88535,9.54614],[79.34051,10.30885],[79.858,10.35728],[79.86255,12.05622],[80.28629,13.00626],[80.23327,13.83577],[80.02507,15.13642],[80.3249,15.89919],[80.792,15.95197],[82.19124,16.55666],[82.19279,17.01664],[83.18922,17.67122],[83.94101,18.30201],[85.06027,19.47858],[86.49935,20.15164],[87.03317,20.74331],[86.9757,21.49556],[88.2085,21.70317],[88.88877,21.69059],[89.03196,22.05571],[88.87631,22.87915],[88.52977,23.63114],[88.69994,24.23372],[88.08442,24.50166],[88.30637,24.86608],[88.93155,25.23869],[88.20979,25.76807],[88.56305,26.44653],[89.35509,26.01441],[89.83248,25.96508],[89.92069,25.26975],[90.87221,25.1326],[91.7996,25.14743],[92.3762,24.97669],[91.91509,24.13041],[91.46773,24.07264],[91.15896,23.50353],[91.70648,22.98526],[91.86993,23.62435],[92.14604,23.6275],[92.67272,22.04124],[93.16613,22.27846],[93.06029,22.70311],[93.28633,23.04366],[93.32519,24.07856],[94.10674,23.85074],[94.55266,24.67524],[94.60325,25.1625],[95.15515,26.00131],[95.12477,26.57357],[96.41937,27.26459],[97.134,27.08377],[97.05199,27.69906],[97.40256,27.88254],[97.32711,28.26158]]]},"properties":{"NAME":"India","NAME_LONG":"India","ADMIN":"India","ABBREV":"India","ISO_A2":"IN","ISO_A3":"IND","ISO_N3":"356","CONTINENT":"Asia","REGION_UN":"Asia","SUBREGION":"Southern Asia","name":"India","code":"IN","iso_a2":"IN","iso_a3":"IND","continent":"Asia"}},{"type":"Feature","geometry":{"type":"Polygon","coordinates":[[[92.67272,22.04124],[92.14604,23.6275],[91.86993,23.62435],[91.70648,22.98526],[91.15896,23.50353],[91.46773,24.07264],[91.91509,24.13041],[92.3762,24.97669],[91.7996,25.14743],[90.87221,25.1326],[89.92069,25.26975],[89.83248,25.96508],[89.35509,26.01441],[88.56305,26.44653],[88.20979,25.76807],[88.93155,25.23869],[88.30637,24.86608],[88.08442,24.50166],[88.69994,24.23372],[88.52977,23.63114],[88.87631,22.87915],[89.03196,22.05571],[89.70205,21.85712],[89.84747,22.03915],[90.27297,21.83637],[90.58696,22.39279],[90.49601,22.80502],[91.41709,22.76502],[91.83489,22.18294],[92.08289,21.1922],[92.36855,20.67088],[92.30323,21.47549],[92.65226,21.32405],[92.67272,22.04124]]]},"properties":{"NAME":"Bangladesh","NAME_LONG":"Bangladesh","ADMIN":"Bangladesh","ABBREV":"Bang.","ISO_A2":"BD","ISO_A3":"BGD","ISO_N3":"050","CONTINENT":"Asia","REGION_UN":"Asia","SUBREGION":"Southern Asia","name":"Bangladesh","code":"BD","iso_a2":"BD","iso_a3":"BGD","continent":"Asia"}},{"type":"Feature","geometry":{"type":"Polygon","coordinates":[[[91.69666,27.77174],[91.25885,28.04061],[90.73051,28.06495],[90.01583,28.29644],[89.47581,28.04276],[88.81425,27.29932],[88.83564,27.09897],[89.74453,26.7194],[90.37328,26.87572],[92.03348,26.83831],[92.10371,27.45261],[91.69666,27.77174]]]},"properties":{"NAME":"Bhutan","NAME_LONG":"Bhutan","ADMIN":"Bhutan","ABBREV":"Bhutan","ISO_A2":"BT","ISO_A3":"BTN","ISO_N3":"064","CONTINENT":"Asia","REGION_UN":"Asia","SUBREGION":"Southern Asia","name":"Bhutan","code":"BT","iso_a2":"BT","iso_a3":"BTN","continent":"Asia"}},{"type":"Feature","geometry":{"type":"Polygon","coordinates":[[[88.12044,27.87654],[86.95452,27.97426],[85.82332,28.20358],[85.01164,28.64277],[84.23458,28.83989],[83.89899,29.32023],[83.33712,29.46373],[82.32751,30.11527],[81.5258,30.42272],[81.11126,30.18348],[80.47672,29.72987],[80.08843,28.79447],[81.0572,28.4161],[81.99999,27.92548],[83.30425,27.36451],[84.67502,27.2349],[85.25178,26.7262],[87.22747,26.3979],[88.06024,26.41462],[88.1748,26.81041],[88.04313,27.44582],[88.12044,27.87654]]]},"properties":{"NAME":"Nepal","NAME_LONG":"Nepal","ADMIN":"Nepal","ABBREV":"Nepal","ISO_A2":"NP","ISO_A3":"NPL","ISO_N3":"524","CONTINENT":"Asia","REGION_UN":"Asia","SUBREGION":"Southern Asia","name":"Nepal","code":"NP","iso_a2":"NP","iso_a3":"NPL","continent":"Asia"}},{"type":"Feature","geometry":{"type":"Polygon","coordinates":[[[77.83745,35.49401],[76.19285,35.8984],[75.8969,36.66681],[75.15803,37.13303],[74.06755,36.83618],[72.92003,36.72001],[71.84629,36.50994],[71.26235,36.07439],[71.61308,35.1532],[71.11502,34.73313],[71.15677,34.34891],[70.8818,33.98886],[69.93054,34.02012],[70.32359,33.35853],[69.68715,33.1055],[69.26252,32.50194],[69.31776,31.90141],[68.92668,31.62019],[68.55693,31.71331],[67.79269,31.58293],[67.68339,31.30315],[66.93889,31.30491],[66.38146,30.7389],[66.34647,29.88794],[65.04686,29.47218],[64.35042,29.56003],[64.148,29.34082],[63.55026,29.46833],[62.54986,29.31857],[60.87425,29.82924],[61.77187,28.69933],[62.72783,28.25965],[62.75543,27.37892],[63.2339,27.21705],[63.31663,26.75653],[61.87419,26.23998],[61.49736,25.07824],[62.9057,25.21841],[64.53041,25.23704],[66.37283,25.42514],[67.14544,24.66361],[67.44367,23.94484],[68.17664,23.69197],[68.8426,24.35913],[71.04324,24.35652],[70.8447,25.2151],[70.28287,25.72223],[70.16893,26.49187],[69.51439,26.94097],[70.6165,27.9892],[71.77767,27.91318],[72.82375,28.96159],[73.45064,29.97641],[74.42138,30.97982],[74.40593,31.69264],[75.25864,32.27111],[74.45156,32.7649],[73.74995,34.3177],[74.2402,34.74889],[75.75706,34.50492],[76.87172,34.65354],[77.83745,35.49401]]]},"properties":{"NAME":"Pakistan","NAME_LONG":"Pakistan","ADMIN":"Pakistan","ABBREV":"Pak.","ISO_A2":"PK","ISO_A3":"PAK","ISO_N3":"586","CONTINENT":"Asia","REGION_UN":"Asia","SUBREGION":"Southern Asia","name":"Pakistan","code":"PK","iso_a2":"PK","iso_a3":"PAK","continent":"Asia"}},{"type":"Feature","geometry":{"type":"Polygon","coordinates":[[[66.51861,37.36278],[65.74563,37.66116],[65.58895,37.30522],[64.74611,37.11182],[64.54648,36.31207],[63.9829,36.00796],[63.19354,35.85717],[62.98466,35.40404],[62.23065,35.27066],[61.21082,35.65007],[60.52843,33.67645],[60.9637,33.52883],[60.53608,32.98127],[60.86366,32.18292],[60.94195,31.54808],[61.69931,31.37951],[61.78122,30.73585],[60.87425,29.82924],[62.54986,29.31857],[63.55026,29.46833],[64.148,29.34082],[64.35042,29.56003],[65.04686,29.47218],[66.34647,29.88794],[66.38146,30.7389],[66.93889,31.30491],[67.68339,31.30315],[67.79269,31.58293],[68.55693,31.71331],[68.92668,31.62019],[69.31776,31.90141],[69.26252,32.50194],[69.68715,33.1055],[70.32359,33.35853],[69.93054,34.02012],[70.8818,33.98886],[71.15677,34.34891],[71.11502,34.73313],[71.61308,35.1532],[71.26235,36.07439],[71.84629,36.50994],[72.92003,36.72001],[74.06755,36.83618],[75.15803,37.13303],[74.98,37.41999],[73.26006,37.49526],[72.63689,37.04756],[71.84464,36.73817],[71.44869,37.06565],[71.54192,37.90577],[71.34813,38.25891],[70.80682,38.48628],[70.3763,38.1384],[70.11658,37.58822],[69.51878,37.609],[69.19627,37.15114],[68.85945,37.34434],[68.13556,37.02311],[67.83,37.14499],[67.07578,37.35614],[66.51861,37.36278]]]},"properties":{"NAME":"Afghanistan","NAME_LONG":"Afghanistan","ADMIN":"Afghanistan","ABBREV":"Afg.","ISO_A2":"AF","ISO_A3":"AFG","ISO_N3":"004","CONTINENT":"Asia","REGION_UN":"Asia","SUBREGION":"Southern Asia","name":"Afghanistan","code":"AF","iso_a2":"AF","iso_a3":"AFG","continent":"Asia"}},{"type":"Feature","geometry":{"type":"Polygon","coordinates":[[[67.83,37.14499],[68.13556,37.02311],[68.85945,37.34434],[69.19627,37.15114],[69.51878,37.609],[70.11658,37.58822],[70.3763,38.1384],[70.80682,38.48628],[71.34813,38.25891],[71.54192,37.90577],[71.44869,37.06565],[71.84464,36.73817],[72.63689,37.04756],[73.26006,37.49526],[74.98,37.41999],[74.86482,38.37885],[74.25751,38.60651],[73.92885,38.50582],[73.67538,39.43124],[71.78469,39.27946],[70.54916,39.6042],[69.46489,39.52668],[69.55961,40.10321],[70.64802,39.93575],[71.0142,40.24437],[70.60141,40.21853],[70.45816,40.4965],[70.66662,40.96021],[69.32949,40.72782],[69.01163,40.08616],[68.53642,39.53345],[67.70143,39.58048],[67.44222,39.14014],[68.17603,38.90155],[68.39203,38.15702],[67.83,37.14499]]]},"properties":{"NAME":"Tajikistan","NAME_LONG":"Tajikistan","ADMIN":"Tajikistan","ABBREV":"Tjk.","ISO_A2":"TJ","ISO_A3":"TJK","ISO_N3":"762","CONTINENT":"Asia","REGION_UN":"Asia","SUBREGION":"Central Asia","name":"Tajikistan","code":"TJ","iso_a2":"TJ","iso_a3":"TJK","continent":"Asia"}},{"type":"Feature","geometry":{"type":"Polygon","coordinates":[[[70.96232,42.26615],[71.25925,42.16771],[70.42002,41.52],[71.15786,41.14359],[71.87012,41.3929],[73.05542,40.86603],[71.77487,40.14584],[71.0142,40.24437],[70.64802,39.93575],[69.55961,40.10321],[69.46489,39.52668],[70.54916,39.6042],[71.78469,39.27946],[73.67538,39.43124],[73.82224,39.89397],[74.77686,40.36643],[75.46783,40.56207],[76.52637,40.42795],[76.90448,41.06649],[78.1872,41.18532],[78.54366,41.58224],[80.11943,42.12394],[80.25999,42.35],[79.64365,42.49668],[79.14218,42.85609],[76.00035,42.98802],[75.63697,42.8779],[74.21287,43.29834],[73.6453,43.09127],[73.48976,42.50089],[71.84464,42.8454],[71.18628,42.70429],[70.96232,42.26615]]]},"properties":{"NAME":"Kyrgyzstan","NAME_LONG":"Kyrgyzstan","ADMIN":"Kyrgyzstan","ABBREV":"Kgz.","ISO_A2":"KG","ISO_A3":"KGZ","ISO_N3":"417","CONTINENT":"Asia","REGION_UN":"Asia","SUBREGION":"Central Asia","name":"Kyrgyzstan","code":"KG","iso_a2":"KG","iso_a3":"KGZ","continent":"Asia"}},{"type":"Feature","geometry":{"type":"Polygon","coordinates":[[[52.50246,41.78332],[52.81469,41.13537],[52.91675,41.86812],[53.72171,42.12319],[54.00831,41.55121],[54.73685,40.95102],[53.85814,40.63103],[52.91525,40.87652],[52.69397,40.03363],[53.35781,39.97529],[53.10103,39.29057],[53.88093,38.95209],[53.73551,37.90614],[53.9216,37.19892],[54.8003,37.39242],[55.51158,37.96412],[56.18038,37.93513],[56.61937,38.12139],[57.33043,38.02923],[58.43615,37.52231],[59.23476,37.41299],[60.37764,36.52738],[61.12307,36.4916],[61.21082,35.65007],[62.23065,35.27066],[62.98466,35.40404],[63.19354,35.85717],[63.9829,36.00796],[64.54648,36.31207],[64.74611,37.11182],[65.58895,37.30522],[65.74563,37.66116],[66.51861,37.36278],[66.54615,37.97469],[65.216,38.4027],[64.17022,38.89241],[62.37426,40.05389],[61.88271,41.08486],[61.54718,41.26637],[60.46595,41.22033],[60.08334,41.42515],[59.97642,42.22308],[58.62901,42.75155],[57.78653,42.17055],[56.93222,41.82603],[57.09639,41.32231],[55.96819,41.30864],[55.45525,41.25986],[54.75535,42.04397],[54.07942,42.32411],[52.94429,42.11603],[52.50246,41.78332]]]},"properties":{"NAME":"Turkmenistan","NAME_LONG":"Turkmenistan","ADMIN":"Turkmenistan","ABBREV":"Turkm.","ISO_A2":"TM","ISO_A3":"TKM","ISO_N3":"795","CONTINENT":"Asia","REGION_UN":"Asia","SUBREGION":"Central Asia","name":"Turkmenistan","code":"TM","iso_a2":"TM","iso_a3":"TKM","continent":"Asia"}},{"type":"Feature","geometry":{"type":"Polygon","coordinates":[[[48.56797,29.92678],[48.94133,30.31709],[49.57685,29.98572],[50.11501,30.14777],[50.85295,28.81452],[51.52076,27.86569],[52.4836,27.58085],[53.4931,26.81237],[54.71509,26.48066],[55.72371,26.96463],[56.49214,27.14331],[56.97077,26.96611],[57.39725,25.7399],[58.52576,25.60996],[59.61613,25.38016],[61.49736,25.07824],[61.87419,26.23998],[63.31663,26.75653],[63.2339,27.21705],[62.75543,27.37892],[62.72783,28.25965],[61.77187,28.69933],[60.87425,29.82924],[61.78122,30.73585],[61.69931,31.37951],[60.94195,31.54808],[60.86366,32.18292],[60.53608,32.98127],[60.9637,33.52883],[60.52843,33.67645],[61.21082,35.65007],[61.12307,36.4916],[60.37764,36.52738],[59.23476,37.41299],[58.43615,37.52231],[57.33043,38.02923],[56.61937,38.12139],[56.18038,37.93513],[55.51158,37.96412],[54.8003,37.39242],[53.9216,37.19892],[53.82579,36.96503],[52.26403,36.70042],[50.84235,36.87281],[50.14777,37.37457],[49.19961,37.58287],[48.88325,38.32025],[48.63438,38.27038],[48.01074,38.79402],[48.35553,39.28877],[48.0601,39.58223],[47.68508,39.50836],[46.50572,38.77061],[46.14362,38.7412],[45.45772,38.87414],[44.95269,39.33577],[44.79399,39.713],[44.10923,39.42814],[44.4214,38.28128],[44.22576,37.97158],[44.77268,37.17044],[45.42062,35.97755],[46.07634,35.67738],[46.15179,35.09326],[45.64846,34.74814],[45.41669,33.9678],[46.10936,33.01729],[47.33466,32.46916],[47.8492,31.70918],[47.68529,30.98485],[48.0047,30.98514],[48.01457,30.45246],[48.56797,29.92678]]]},"properties":{"NAME":"Iran","NAME_LONG":"Iran","ADMIN":"Iran","ABBREV":"Iran","ISO_A2":"IR","ISO_A3":"IRN","ISO_N3":"364","CONTINENT":"Asia","REGION_UN":"Asia","SUBREGION":"Southern Asia","name":"Iran","code":"IR","iso_a2":"IR","iso_a3":"IRN","continent":"Asia"}},{"type":"Feature","geometry":{"type":"Polygon","coordinates":[[[35.71992,32.70919],[36.83406,32.31294],[38.79234,33.37869],[41.00616,34.41937],[41.38397,35.62832],[41.28971,36.35882],[41.83706,36.60585],[42.34959,37.22987],[41.21209,37.07435],[40.67326,37.09128],[39.52258,36.71605],[38.69989,36.71293],[38.16773,36.90121],[37.06676,36.62304],[36.73949,36.81752],[36.68539,36.2597],[36.14976,35.82153],[35.90502,35.41001],[35.9984,34.64491],[36.44819,34.59394],[36.61175,34.20179],[36.06646,33.82491],[35.8211,33.27743],[35.71992,32.70919]]]},"properties":{"NAME":"Syria","NAME_LONG":"Syria","ADMIN":"Syria","ABBREV":"Syria","ISO_A2":"SY","ISO_A3":"SYR","ISO_N3":"760","CONTINENT":"Asia","REGION_UN":"Asia","SUBREGION":"Western Asia","name":"Syria","code":"SY","iso_a2":"SY","iso_a3":"SYR","continent":"Asia"}},{"type":"Feature","geometry":{"type":"Polygon","coordinates":[[[46.50572,38.77061],[46.4835,39.46416],[45.61001,39.89999],[45.89191,40.21848],[45.35918,40.5615],[45.56035,40.81229],[44.97248,41.24813],[43.58275,41.09214],[43.75266,40.7402],[43.65644,40.25356],[44.40001,40.005],[44.79399,39.713],[45.73998,39.474],[46.14362,38.7412],[46.50572,38.77061]]]},"properties":{"NAME":"Armenia","NAME_LONG":"Armenia","ADMIN":"Armenia","ABBREV":"Arm.","ISO_A2":"AM","ISO_A3":"ARM","ISO_N3":"051","CONTINENT":"Asia","REGION_UN":"Asia","SUBREGION":"Western Asia","name":"Armenia","code":"AM","iso_a2":"AM","iso_a3":"ARM","continent":"Asia"}},{"type":"Feature","geometry":{"type":"Polygon","coordinates":[[[11.02737,58.85615],[11.78794,57.44182],[12.6251,56.30708],[12.94291,55.36174],[14.10072,55.40778],[14.66668,56.20089],[15.87979,56.1043],[16.44771,57.04112],[16.82919,58.71983],[17.86923,58.95377],[18.78772,60.08191],[17.83135,60.63658],[17.11955,61.34117],[17.84778,62.7494],[19.77888,63.60955],[21.36963,64.41359],[21.21352,65.02601],[22.18317,65.72374],[23.90338,66.00693],[23.56588,66.39605],[23.53947,67.93601],[20.64559,69.10625],[20.02527,69.06514],[19.87856,68.40719],[17.99387,68.56739],[17.72918,68.01055],[16.76888,68.01394],[15.10841,66.19387],[13.55569,64.78703],[13.91991,64.44542],[13.57192,64.04911],[12.57994,64.06622],[11.93057,63.12832],[11.99206,61.80036],[12.63115,61.29357],[12.30037,60.11793],[11.02737,58.85615]]]},"properties":{"NAME":"Sweden","NAME_LONG":"Sweden","ADMIN":"Sweden","ABBREV":"Swe.","ISO_A2":"SE","ISO_A3":"SWE","ISO_N3":"752","CONTINENT":"Europe","REGION_UN":"Europe","SUBREGION":"Northern Europe","name":"Sweden","code":"SE","iso_a2":"SE","iso_a3":"SWE","continent":"Europe"}},{"type":"Feature","geometry":{"type":"Polygon","coordinates":[[[28.17671,56.16913],[26.49433,55.61511],[26.58828,55.16718],[25.76843,54.84696],[25.53635,54.28242],[24.45068,53.9057],[23.48413,53.9125],[23.7992,52.6911],[23.19949,52.48698],[23.52707,51.57845],[24.55311,51.88846],[26.33796,51.83229],[28.61761,51.42771],[30.55512,51.3195],[30.61945,51.82281],[30.92755,52.04235],[31.78599,52.10168],[31.3052,53.074],[32.30452,53.13273],[32.69364,53.35142],[31.73127,53.79403],[30.75753,54.81177],[30.87391,55.55098],[28.17671,56.16913]]]},"properties":{"NAME":"Belarus","NAME_LONG":"Belarus","ADMIN":"Belarus","ABBREV":"Bela.","ISO_A2":"BY","ISO_A3":"BLR","ISO_N3":"112","CONTINENT":"Europe","REGION_UN":"Europe","SUBREGION":"Eastern Europe","name":"Belarus","code":"BY","iso_a2":"BY","iso_a3":"BLR","continent":"Europe"}},{"type":"Feature","geometry":{"type":"Polygon","coordinates":[[[31.78599,52.10168],[30.92755,52.04235],[30.61945,51.82281],[30.55512,51.3195],[28.61761,51.42771],[26.33796,51.83229],[24.55311,51.88846],[23.52707,51.57845],[24.02999,50.70541],[22.51845,49.47677],[22.55814,49.08574],[22.08561,48.42226],[22.64082,48.15024],[22.71053,47.88219],[23.14224,48.09634],[24.40206,47.98188],[24.86632,47.73753],[26.61934,48.22073],[27.52254,48.46712],[29.1227,47.8491],[29.05087,47.51023],[29.41514,47.34665],[29.55967,46.92858],[30.02466,46.42394],[28.86297,46.43789],[28.93372,46.25883],[28.23355,45.48828],[28.67978,45.30403],[29.14973,45.46493],[29.60329,45.29331],[30.37761,46.03241],[30.74875,46.5831],[31.67531,46.70625],[31.74414,46.33335],[33.29857,46.0806],[33.43599,45.97192],[33.69946,46.21957],[34.73202,45.96567],[35.01266,45.73773],[34.96234,46.2732],[35.82368,46.64596],[36.75986,46.6987],[37.42514,47.02222],[38.22354,47.10219],[38.25511,47.5464],[38.77057,47.82562],[39.73828,47.89894],[39.89562,48.23241],[39.67465,48.78382],[40.06904,49.60105],[38.59499,49.92646],[38.01063,49.91566],[37.39346,50.38395],[36.62617,50.22559],[35.35612,50.5772],[35.02218,51.20757],[34.22482,51.25599],[34.39173,51.76888],[33.7527,52.33508],[31.78599,52.10168]]]},"properties":{"NAME":"Ukraine","NAME_LONG":"Ukraine","ADMIN":"Ukraine","ABBREV":"Ukr.","ISO_A2":"UA","ISO_A3":"UKR","ISO_N3":"804","CONTINENT":"Europe","REGION_UN":"Europe","SUBREGION":"Eastern Europe","name":"Ukraine","code":"UA","iso_a2":"UA","iso_a3":"UKR","continent":"Europe"}},{"type":"Feature","geometry":{"type":"Polygon","coordinates":[[[23.48413,53.9125],[22.7311,54.32754],[20.89225,54.31253],[19.66064,54.42608],[18.69626,54.43872],[18.62086,54.68261],[17.62283,54.85154],[14.8029,54.05071],[14.11969,53.75703],[14.35332,53.24817],[14.07452,52.98126],[14.68503,52.08995],[14.6071,51.74519],[15.017,51.10667],[15.49097,50.78473],[16.23863,50.69773],[16.17625,50.42261],[16.71948,50.21575],[16.86877,50.47397],[17.55457,50.36215],[17.64945,50.04904],[18.39291,49.98863],[18.85314,49.49623],[19.32071,49.57157],[19.82502,49.21713],[20.41584,49.43145],[20.88796,49.32877],[21.60781,49.47011],[22.55814,49.08574],[22.51845,49.47677],[24.02999,50.70541],[23.52707,51.57845],[23.19949,52.48698],[23.7992,52.6911],[23.48413,53.9125]]]},"properties":{"NAME":"Poland","NAME_LONG":"Poland","ADMIN":"Poland","ABBREV":"Pol.","ISO_A2":"PL","ISO_A3":"POL","ISO_N3":"616","CONTINENT":"Europe","REGION_UN":"Europe","SUBREGION":"Eastern Europe","name":"Poland","code":"PL","iso_a2":"PL","iso_a3":"POL","continent":"Europe"}},{"type":"Feature","geometry":{"type":"Polygon","coordinates":[[[16.97967,48.1235],[16.96029,48.59698],[16.02965,48.7339],[15.25342,49.03907],[14.3389,48.55531],[13.59595,48.87717],[12.8841,48.28915],[13.02585,47.63758],[12.14136,47.70308],[11.42641,47.52377],[10.5445,47.5664],[10.40208,47.30249],[9.59423,47.52506],[9.47997,47.10281],[10.4427,46.89355],[11.04856,46.75136],[11.16483,46.94158],[12.15309,47.11539],[12.37649,46.76756],[13.80648,46.50931],[14.63247,46.43182],[15.13709,46.6587],[16.01166,46.68361],[16.2023,46.85239],[16.53427,47.49617],[16.90375,47.71487],[16.97967,48.1235]]]},"properties":{"NAME":"Austria","NAME_LONG":"Austria","ADMIN":"Austria","ABBREV":"Aust.","ISO_A2":"AT","ISO_A3":"AUT","ISO_N3":"040","CONTINENT":"Europe","REGION_UN":"Europe","SUBREGION":"Western Europe","name":"Austria","code":"AT","iso_a2":"AT","iso_a3":"AUT","continent":"Europe"}},{"type":"Feature","geometry":{"type":"Polygon","coordinates":[[[22.08561,48.42226],[21.87224,48.31997],[20.80129,48.62385],[20.23905,48.32757],[18.77702,48.08177],[18.69651,47.88095],[17.85713,47.75843],[16.97967,48.1235],[16.90375,47.71487],[16.53427,47.49617],[16.2023,46.85239],[16.56481,46.50375],[17.63007,45.95177],[18.45606,45.75948],[18.82983,45.90887],[19.59605,46.17173],[20.22019,46.12747],[21.02195,46.31609],[22.09977,47.67244],[22.71053,47.88219],[22.64082,48.15024],[22.08561,48.42226]]]},"properties":{"NAME":"Hungary","NAME_LONG":"Hungary","ADMIN":"Hungary","ABBREV":"Hun.","ISO_A2":"HU","ISO_A3":"HUN","ISO_N3":"348","CONTINENT":"Europe","REGION_UN":"Europe","SUBREGION":"Eastern Europe","name":"Hungary","code":"HU","iso_a2":"HU","iso_a3":"HUN","continent":"Europe"}},{"type":"Feature","geometry":{"type":"Polygon","coordinates":[[[26.61934,48.22073],[26.92418,48.12326],[28.12803,46.81048],[28.05444,45.94459],[28.23355,45.48828],[28.93372,46.25883],[28.86297,46.43789],[30.02466,46.42394],[29.55967,46.92858],[29.41514,47.34665],[29.05087,47.51023],[29.1227,47.8491],[27.52254,48.46712],[26.61934,48.22073]]]},"properties":{"NAME":"Moldova","NAME_LONG":"Moldova","ADMIN":"Moldova","ABBREV":"Mda.","ISO_A2":"MD","ISO_A3":"MDA","ISO_N3":"498","CONTINENT":"Europe","REGION_UN":"Europe","SUBREGION":"Eastern Europe","name":"Moldova","code":"MD","iso_a2":"MD","iso_a3":"MDA","continent":"Europe"}},{"type":"Feature","geometry":{"type":"Polygon","coordinates":[[[28.23355,45.48828],[28.05444,45.94459],[28.12803,46.81048],[26.92418,48.12326],[26.61934,48.22073],[24.86632,47.73753],[24.40206,47.98188],[23.14224,48.09634],[22.71053,47.88219],[22.09977,47.67244],[21.02195,46.31609],[20.22019,46.12747],[20.76218,45.73457],[20.87431,45.41638],[21.48353,45.18117],[21.56202,44.76895],[22.14509,44.47842],[22.45902,44.70252],[22.65715,44.23492],[22.94483,43.82379],[25.56927,43.68845],[26.06516,43.94349],[27.2424,44.17599],[27.97011,43.81247],[28.55808,43.70746],[28.83786,44.91387],[29.62654,45.03539],[29.60329,45.29331],[29.14973,45.46493],[28.67978,45.30403],[28.23355,45.48828]]]},"properties":{"NAME":"Romania","NAME_LONG":"Romania","ADMIN":"Romania","ABBREV":"Rom.","ISO_A2":"RO","ISO_A3":"ROU","ISO_N3":"642","CONTINENT":"Europe","REGION_UN":"Europe","SUBREGION":"Eastern Europe","name":"Romania","code":"RO","iso_a2":"RO","iso_a3":"ROU","continent":"Europe"}},{"type":"Feature","geometry":{"type":"Polygon","coordinates":[[[26.49433,55.61511],[24.86068,56.37253],[23.87826,56.27367],[22.20116,56.3378],[21.0558,56.03108],[21.26845,55.19048],[22.75776,54.85657],[22.7311,54.32754],[23.48413,53.9125],[24.45068,53.9057],[25.53635,54.28242],[25.76843,54.84696],[26.58828,55.16718],[26.49433,55.61511]]]},"properties":{"NAME":"Lithuania","NAME_LONG":"Lithuania","ADMIN":"Lithuania","ABBREV":"Lith.","ISO_A2":"LT","ISO_A3":"LTU","ISO_N3":"440","CONTINENT":"Europe","REGION_UN":"Europe","SUBREGION":"Northern Europe","name":"Lithuania","code":"LT","iso_a2":"LT","iso_a3":"LTU","continent":"Europe"}},{"type":"Feature","geometry":{"type":"Polygon","coordinates":[[[27.28819,57.47453],[26.46353,57.47639],[25.16459,57.97016],[24.31286,57.79342],[24.12073,57.02569],[23.31845,57.00624],[22.52434,57.75337],[21.58187,57.41187],[21.09042,56.78387],[21.0558,56.03108],[22.20116,56.3378],[23.87826,56.27367],[24.86068,56.37253],[26.49433,55.61511],[28.17671,56.16913],[27.77002,57.24426],[27.28819,57.47453]]]},"properties":{"NAME":"Latvia","NAME_LONG":"Latvia","ADMIN":"Latvia","ABBREV":"Lat.","ISO_A2":"LV","ISO_A3":"LVA","ISO_N3":"428","CONTINENT":"Europe","REGION_UN":"Europe","SUBREGION":"Northern Europe","name":"Latvia","code":"LV","iso_a2":"LV","iso_a3":"LVA","continent":"Europe"}},{"type":"Feature","geometry":{"type":"Polygon","coordinates":[[[27.98113,59.47537],[26.94914,59.4458],[25.86419,59.61109],[23.3398,59.18724],[23.42656,58.61275],[24.0612,58.25738],[24.42893,58.38341],[24.31286,57.79342],[25.16459,57.97016],[26.46353,57.47639],[27.28819,57.47453],[27.71669,57.7919],[27.42015,58.72457],[28.1317,59.30083],[27.98113,59.47537]]]},"properties":{"NAME":"Estonia","NAME_LONG":"Estonia","ADMIN":"Estonia","ABBREV":"Est.","ISO_A2":"EE","ISO_A3":"EST","ISO_N3":"233","CONTINENT":"Europe","REGION_UN":"Europe","SUBREGION":"Northern Europe","name":"Estonia","code":"EE","iso_a2":"EE","iso_a3":"EST","continent":"Europe"}},{"type":"Feature","geometry":{"type":"Polygon","coordinates":[[[14.11969,53.75703],[13.64747,54.07551],[12.51844,54.47037],[11.95625,54.19649],[10.93947,54.00869],[10.95011,54.36361],[9.93958,54.59664],[9.92191,54.9831],[9.28205,54.83087],[8.52623,54.96274],[8.80073,54.02079],[8.12171,53.52779],[7.93624,53.7483],[7.10043,53.69393],[6.90514,53.48216],[7.09205,53.14404],[6.84287,52.22844],[6.5894,51.85203],[5.98866,51.85162],[6.15666,50.80372],[6.04307,50.12805],[6.18632,49.4638],[6.65823,49.20196],[8.09928,49.01778],[7.59368,48.33302],[7.46676,47.62058],[8.3173,47.61358],[8.52261,47.83083],[9.59423,47.52506],[10.40208,47.30249],[10.5445,47.5664],[11.42641,47.52377],[12.14136,47.70308],[13.02585,47.63758],[12.8841,48.28915],[13.59595,48.87717],[12.52102,49.54742],[12.24011,50.26634],[13.33813,50.73323],[15.017,51.10667],[14.6071,51.74519],[14.68503,52.08995],[14.07452,52.98126],[14.35332,53.24817],[14.11969,53.75703]]]},"properties":{"NAME":"Germany","NAME_LONG":"Germany","ADMIN":"Germany","ABBREV":"Ger.","ISO_A2":"DE","ISO_A3":"DEU","ISO_N3":"276","CONTINENT":"Europe","REGION_UN":"Europe","SUBREGION":"Western Europe","name":"Germany","code":"DE","iso_a2":"DE","iso_a3":"DEU","continent":"Europe"}},{"type":"Feature","geometry":{"type":"Polygon","coordinates":[[[22.65715,44.23492],[22.50016,43.64281],[22.98602,43.21116],[22.6048,42.89852],[22.38053,42.32026],[22.88137,41.9993],[22.95238,41.33799],[23.69207,41.30908],[24.49265,41.5839],[25.1972,41.23449],[26.10614,41.3289],[26.11704,41.8269],[27.13574,42.14149],[27.99672,42.00736],[27.6739,42.57789],[28.0391,43.29317],[28.55808,43.70746],[27.97011,43.81247],[27.2424,44.17599],[26.06516,43.94349],[25.56927,43.68845],[22.94483,43.82379],[22.65715,44.23492]]]},"properties":{"NAME":"Bulgaria","NAME_LONG":"Bulgaria","ADMIN":"Bulgaria","ABBREV":"Bulg.","ISO_A2":"BG","ISO_A3":"BGR","ISO_N3":"100","CONTINENT":"Europe","REGION_UN":"Europe","SUBREGION":"Eastern Europe","name":"Bulgaria","code":"BG","iso_a2":"BG","iso_a3":"BGR","continent":"Europe"}},{"type":"Feature","geometry":{"type":"MultiPolygon","coordinates":[[[[26.29,35.29999],[25.02502,35.425],[24.24667,35.36802],[23.69998,35.705],[23.51498,35.27999],[24.73501,35.08499],[24.72498,34.91999],[26.165,35.005],[26.29,35.29999]]],[[[22.95238,41.33799],[22.59731,41.13049],[22.05538,41.14987],[21.02004,40.84273],[20.615,40.11001],[20.15002,39.625],[20.21771,39.34024],[21.12003,38.31032],[21.29501,37.64499],[21.67003,36.84499],[22.49003,36.41],[23.15423,36.42251],[22.77497,37.30501],[23.40997,37.40999],[23.115,37.92001],[24.04001,37.65502],[24.02503,38.21999],[22.9731,38.9709],[23.35003,39.19001],[22.84975,39.65931],[22.6263,40.25656],[22.81399,40.47601],[23.343,39.961],[24.408,40.12499],[23.71481,40.68713],[24.92585,40.94706],[26.05694,40.82412],[26.2946,40.93626],[26.6042,41.56212],[26.11704,41.8269],[26.10614,41.3289],[25.1972,41.23449],[24.49265,41.5839],[23.69207,41.30908],[22.95238,41.33799]]]]},"properties":{"NAME":"Greece","NAME_LONG":"Greece","ADMIN":"Greece","ABBREV":"Greece","ISO_A2":"GR","ISO_A3":"GRC","ISO_N3":"300","CONTINENT":"Europe","REGION_UN":"Europe","SUBREGION":"Southern Europe","name":"Greece","code":"GR","iso_a2":"GR","iso_a3":"GRC","continent":"Europe"}},{"type":"Feature","geometry":{"type":"MultiPolygon","coordinates":[[[[44.77268,37.17044],[44.22576,37.97158],[44.4214,38.28128],[44.10923,39.42814],[44.79399,39.713],[44.40001,40.005],[43.65644,40.25356],[43.75266,40.7402],[43.58275,41.09214],[42.61955,41.58317],[41.55408,41.53566],[40.37343,41.01367],[39.51261,41.10276],[38.34767,40.94859],[36.91313,41.33536],[35.1677,42.04023],[33.51328,42.01896],[32.34798,41.73626],[31.14593,41.08762],[29.24,41.21999],[28.81998,40.46001],[27.28002,40.42001],[26.17079,39.46361],[26.8047,38.98576],[26.31822,38.20813],[27.04877,37.65336],[27.64119,36.65882],[28.7329,36.67683],[29.69998,36.14436],[30.3911,36.26298],[30.62163,36.67786],[31.6996,36.64428],[32.50916,36.10756],[34.0269,36.21996],[34.71455,36.79553],[35.55094,36.56544],[36.16082,36.65061],[35.78209,36.27499],[36.14976,35.82153],[36.68539,36.2597],[36.73949,36.81752],[37.06676,36.62304],[38.16773,36.90121],[38.69989,36.71293],[39.52258,36.71605],[40.67326,37.09128],[41.21209,37.07435],[42.34959,37.22987],[42.77913,37.38526],[43.94226,37.25623],[44.29345,37.00151],[44.77268,37.17044]]],[[[26.11704,41.8269],[26.6042,41.56212],[26.2946,40.93626],[26.05694,40.82412],[26.35801,40.15199],[27.61902,40.99982],[28.80644,41.05496],[28.98844,41.29993],[28.11553,41.62289],[27.99672,42.00736],[27.13574,42.14149],[26.11704,41.8269]]]]},"properties":{"NAME":"Turkey","NAME_LONG":"Turkey","ADMIN":"Turkey","ABBREV":"Tur.","ISO_A2":"TR","ISO_A3":"TUR","ISO_N3":"792","CONTINENT":"Asia","REGION_UN":"Asia","SUBREGION":"Western Asia","name":"Turkey","code":"TR","iso_a2":"TR","iso_a3":"TUR","continent":"Asia"}},{"type":"Feature","geometry":{"type":"Polygon","coordinates":[[[21.02004,40.84273],[20.60518,41.08623],[20.59025,41.85541],[20.52295,42.21787],[20.0707,42.58863],[19.73805,42.68825],[19.30449,42.19575],[19.37177,41.87755],[19.54003,41.71999],[19.31906,40.72723],[19.40608,40.25077],[20.15002,39.625],[20.615,40.11001],[21.02004,40.84273]]]},"properties":{"NAME":"Albania","NAME_LONG":"Albania","ADMIN":"Albania","ABBREV":"Alb.","ISO_A2":"AL","ISO_A3":"ALB","ISO_N3":"008","CONTINENT":"Europe","REGION_UN":"Europe","SUBREGION":"Southern Europe","name":"Albania","code":"AL","iso_a2":"AL","iso_a3":"ALB","continent":"Europe"}},{"type":"Feature","geometry":{"type":"Polygon","coordinates":[[[16.56481,46.50375],[15.76873,46.23811],[15.32768,45.45232],[14.59511,45.63494],[14.41197,45.46617],[13.71506,45.50032],[13.65698,45.13694],[13.95226,44.80212],[14.25875,45.23378],[14.9016,45.07606],[14.92031,44.73848],[15.37625,44.31792],[15.17445,44.24319],[16.01538,43.50722],[16.93001,43.21],[17.50997,42.85],[18.45002,42.47999],[18.56,42.65],[17.67492,43.02856],[17.29737,43.44634],[16.45644,44.04124],[15.75003,44.81871],[15.95937,45.23378],[16.31816,45.00413],[17.00215,45.23378],[17.86178,45.06774],[18.55321,45.08159],[19.00549,44.86023],[19.39048,45.23652],[18.82983,45.90887],[18.45606,45.75948],[17.63007,45.95177],[16.56481,46.50375]]]},"properties":{"NAME":"Croatia","NAME_LONG":"Croatia","ADMIN":"Croatia","ABBREV":"Cro.","ISO_A2":"HR","ISO_A3":"HRV","ISO_N3":"191","CONTINENT":"Europe","REGION_UN":"Europe","SUBREGION":"Southern Europe","name":"Croatia","code":"HR","iso_a2":"HR","iso_a3":"HRV","continent":"Europe"}},{"type":"Feature","geometry":{"type":"Polygon","coordinates":[[[9.59423,47.52506],[8.52261,47.83083],[8.3173,47.61358],[7.46676,47.62058],[6.73657,47.5418],[6.76871,47.28771],[6.03739,46.72578],[6.02261,46.27299],[6.5001,46.42967],[6.84359,45.99115],[7.27385,45.77695],[7.75599,45.82449],[8.31663,46.16364],[8.96631,46.03693],[9.18288,46.44022],[9.92284,46.3149],[10.36338,46.48357],[10.4427,46.89355],[9.47997,47.10281],[9.59423,47.52506]]]},"properties":{"NAME":"Switzerland","NAME_LONG":"Switzerland","ADMIN":"Switzerland","ABBREV":"Switz.","ISO_A2":"CH","ISO_A3":"CHE","ISO_N3":"756","CONTINENT":"Europe","REGION_UN":"Europe","SUBREGION":"Western Europe","name":"Switzerland","code":"CH","iso_a2":"CH","iso_a3":"CHE","continent":"Europe"}},{"type":"Feature","geometry":{"type":"Polygon","coordinates":[[[6.04307,50.12805],[5.78242,50.09033],[5.67405,49.52948],[6.18632,49.4638],[6.04307,50.12805]]]},"properties":{"NAME":"Luxembourg","NAME_LONG":"Luxembourg","ADMIN":"Luxembourg","ABBREV":"Lux.","ISO_A2":"LU","ISO_A3":"LUX","ISO_N3":"442","CONTINENT":"Europe","REGION_UN":"Europe","SUBREGION":"Western Europe","name":"Luxembourg","code":"LU","iso_a2":"LU","iso_a3":"LUX","continent":"Europe"}},{"type":"Feature","geometry":{"type":"Polygon","coordinates":[[[6.15666,50.80372],[4.97399,51.47502],[4.04707,51.26726],[3.31501,51.34578],[2.51357,51.14851],[2.65842,50.79685],[3.12325,50.78036],[4.28602,49.9075],[4.79922,49.98537],[5.67405,49.52948],[5.78242,50.09033],[6.04307,50.12805],[6.15666,50.80372]]]},"properties":{"NAME":"Belgium","NAME_LONG":"Belgium","ADMIN":"Belgium","ABBREV":"Belg.","ISO_A2":"BE","ISO_A3":"BEL","ISO_N3":"056","CONTINENT":"Europe","REGION_UN":"Europe","SUBREGION":"Western Europe","name":"Belgium","code":"BE","iso_a2":"BE","iso_a3":"BEL","continent":"Europe"}},{"type":"Feature","geometry":{"type":"Polygon","coordinates":[[[6.90514,53.48216],[6.07418,53.5104],[4.706,53.0918],[3.83029,51.62055],[3.31501,51.34578],[4.04707,51.26726],[4.97399,51.47502],[6.15666,50.80372],[5.98866,51.85162],[6.5894,51.85203],[6.84287,52.22844],[7.09205,53.14404],[6.90514,53.48216]]]},"properties":{"NAME":"Netherlands","NAME_LONG":"Netherlands","ADMIN":"Netherlands","ABBREV":"Neth.","ISO_A2":"NL","ISO_A3":"NLD","ISO_N3":"528","CONTINENT":"Europe","REGION_UN":"Europe","SUBREGION":"Western Europe","name":"Netherlands","code":"NL","iso_a2":"NL","iso_a3":"NLD","continent":"Europe"}},{"type":"Feature","geometry":{"type":"Polygon","coordinates":[[[-9.03482,41.88057],[-8.76868,40.76064],[-9.0483,39.75509],[-9.44699,39.39207],[-9.52657,38.73743],[-9.28746,38.35849],[-8.84,38.26624],[-8.7461,37.65135],[-8.89886,36.86881],[-8.38282,36.97888],[-7.85561,36.83827],[-7.45373,37.09779],[-7.5371,37.4289],[-7.02928,38.07576],[-7.37409,38.37306],[-7.09804,39.03007],[-7.49863,39.62957],[-7.06659,39.71189],[-6.86402,40.33087],[-6.85113,41.11108],[-6.38909,41.38182],[-6.66861,41.88339],[-8.01317,41.79089],[-8.26386,42.28047],[-9.03482,41.88057]]]},"properties":{"NAME":"Portugal","NAME_LONG":"Portugal","ADMIN":"Portugal","ABBREV":"Port.","ISO_A2":"PT","ISO_A3":"PRT","ISO_N3":"620","CONTINENT":"Europe","REGION_UN":"Europe","SUBREGION":"Southern Europe","name":"Portugal","code":"PT","iso_a2":"PT","iso_a3":"PRT","continent":"Europe"}},{"type":"Feature","geometry":{"type":"Polygon","coordinates":[[[-7.45373,37.09779],[-6.52019,36.94291],[-6.23669,36.36768],[-5.86643,36.02982],[-5.37716,35.94685],[-4.3689,36.67784],[-2.14645,36.67414],[-1.43838,37.44306],[-0.68339,37.64235],[-0.46712,38.29237],[0.11129,38.73851],[-0.27871,39.30998],[0.10669,40.12393],[0.72133,40.67832],[0.81053,41.01473],[2.09184,41.22609],[3.03948,41.89212],[2.986,42.47302],[1.82679,42.34339],[0.70159,42.79573],[0.33805,42.57955],[-1.50277,43.03401],[-1.90135,43.4228],[-4.34784,43.40345],[-5.41189,43.57424],[-6.75449,43.56791],[-7.97819,43.74834],[-9.39288,43.02663],[-8.98443,42.59278],[-9.03482,41.88057],[-8.26386,42.28047],[-8.01317,41.79089],[-6.66861,41.88339],[-6.38909,41.38182],[-6.85113,41.11108],[-6.86402,40.33087],[-7.06659,39.71189],[-7.49863,39.62957],[-7.09804,39.03007],[-7.37409,38.37306],[-7.02928,38.07576],[-7.5371,37.4289],[-7.45373,37.09779]]]},"properties":{"NAME":"Spain","NAME_LONG":"Spain","ADMIN":"Spain","ABBREV":"Sp.","ISO_A2":"ES","ISO_A3":"ESP","ISO_N3":"724","CONTINENT":"Europe","REGION_UN":"Europe","SUBREGION":"Southern Europe","name":"Spain","code":"ES","iso_a2":"ES","iso_a3":"ESP","continent":"Europe"}},{"type":"Feature","geometry":{"type":"Polygon","coordinates":[[[-6.19788,53.86757],[-7.57217,54.05996],[-7.36603,54.59584],[-7.57217,55.13162],[-9.68852,53.88136],[-9.16628,52.86463],[-9.97709,51.82046],[-8.56162,51.6693],[-6.78886,52.26012],[-6.03298,53.15316],[-6.19788,53.86757]]]},"properties":{"NAME":"Ireland","NAME_LONG":"Ireland","ADMIN":"Ireland","ABBREV":"Ire.","ISO_A2":"IE","ISO_A3":"IRL","ISO_N3":"372","CONTINENT":"Europe","REGION_UN":"Europe","SUBREGION":"Northern Europe","name":"Ireland","code":"IE","iso_a2":"IE","iso_a3":"IRL","continent":"Europe"}},{"type":"Feature","geometry":{"type":"Polygon","coordinates":[[[165.77999,-21.08],[165.02004,-20.45999],[164.45997,-20.12001],[164.02961,-20.10565],[164.16799,-20.44475],[164.82982,-21.14982],[165.47438,-21.67961],[166.74004,-22.39998],[167.12001,-22.15999],[165.77999,-21.08]]]},"properties":{"NAME":"New Caledonia","NAME_LONG":"New Caledonia","ADMIN":"New Caledonia","ABBREV":"New C.","ISO_A2":"NC","ISO_A3":"NCL","ISO_N3":"540","CONTINENT":"Oceania","REGION_UN":"Oceania","SUBREGION":"Melanesia","name":"New Caledonia","code":"NC","iso_a2":"NC","iso_a3":"NCL","continent":"Oceania"}},{"type":"Feature","geometry":{"type":"MultiPolygon","coordinates":[[[[162.11903,-10.48272],[161.3198,-10.20475],[161.70003,-10.82001],[162.39865,-10.82637],[162.11903,-10.48272]]],[[[161.67998,-9.59998],[161.28001,-9.12001],[160.92003,-8.32001],[160.58,-8.32001],[160.78825,-8.91754],[161.5294,-9.78431],[161.67998,-9.59998]]],[[[160.85223,-9.87294],[160.36296,-9.4003],[159.70295,-9.24295],[159.64,-9.63998],[159.84945,-9.79403],[160.85223,-9.87294]]],[[[159.64,-8.02003],[158.35998,-7.32002],[158.21115,-7.42187],[159.13368,-8.11418],[159.9174,-8.53829],[159.64,-8.02003]]],[[[157.14,-7.02164],[156.54283,-6.59934],[156.49136,-6.76594],[156.90203,-7.17687],[157.53843,-7.34782],[157.14,-7.02164]]]]},"properties":{"NAME":"Solomon Is.","NAME_LONG":"Solomon Islands","ADMIN":"Solomon Islands","ABBREV":"S. Is.","ISO_A2":"SB","ISO_A3":"SLB","ISO_N3":"090","CONTINENT":"Oceania","REGION_UN":"Oceania","SUBREGION":"Melanesia","name":"Solomon Is.","code":"SB","iso_a2":"SB","iso_a3":"SLB","continent":"Oceania"}},{"type":"Feature","geometry":{"type":"MultiPolygon","coordinates":[[[[176.88582,-40.06598],[176.93998,-39.44974],[177.20699,-39.14578],[177.97046,-39.16634],[178.27473,-38.58281],[178.51709,-37.69537],[178.01035,-37.57982],[177.43881,-37.96125],[176.7632,-37.88125],[175.95849,-37.55538],[175.80889,-36.79894],[175.3576,-36.52619],[175.33662,-37.2091],[174.61201,-36.1564],[174.32939,-35.2655],[173.5513,-35.00618],[173.00704,-34.45066],[172.63601,-34.52911],[173.05417,-35.23712],[174.319,-36.53482],[174.69702,-37.38113],[174.74347,-38.02781],[174.5748,-38.79768],[173.85226,-39.1466],[173.82405,-39.50885],[174.90016,-39.90893],[175.22763,-40.45924],[174.65097,-41.28182],[175.23957,-41.68831],[176.01244,-41.28962],[176.88582,-40.06598]]],[[[169.66782,-43.55533],[168.30376,-44.12397],[167.04642,-45.11094],[166.50914,-45.8527],[166.67689,-46.21992],[167.76375,-46.2902],[168.41135,-46.61994],[169.33233,-46.64123],[170.6167,-45.90893],[171.45293,-44.24252],[172.30858,-43.86569],[173.08011,-43.85334],[172.71125,-43.37229],[173.22274,-42.97004],[174.24852,-41.77001],[174.24759,-41.34916],[173.95841,-40.9267],[173.24723,-41.332],[172.79858,-40.49396],[172.09723,-40.9561],[171.94871,-41.51442],[171.56971,-41.76742],[171.12509,-42.51275],[170.52492,-43.03169],[169.66782,-43.55533]]]]},"properties":{"NAME":"New Zealand","NAME_LONG":"New Zealand","ADMIN":"New Zealand","ABBREV":"N.Z.","ISO_A2":"NZ","ISO_A3":"NZL","ISO_N3":"554","CONTINENT":"Oceania","REGION_UN":"Oceania","SUBREGION":"Australia and New Zealand","name":"New Zealand","code":"NZ","iso_a2":"NZ","iso_a3":"NZL","continent":"Oceania"}},{"type":"Feature","geometry":{"type":"MultiPolygon","coordinates":[[[[147.68926,-40.80826],[146.36412,-41.13769],[145.39798,-40.79255],[144.74376,-40.70397],[144.71807,-41.16255],[145.29509,-42.03361],[145.43193,-42.69378],[146.04838,-43.54974],[146.87034,-43.6346],[147.56456,-42.93769],[147.91405,-43.21152],[148.0173,-42.40702],[148.35987,-42.06244],[148.28907,-40.87544],[147.68926,-40.80826]]],[[[126.14871,-32.21597],[127.10287,-32.28227],[129.53579,-31.59042],[131.32633,-31.4958],[132.28808,-31.98265],[132.99078,-32.01122],[134.2739,-32.61723],[134.0859,-32.84807],[134.61342,-33.22278],[135.23922,-33.94795],[135.20821,-34.47867],[135.98904,-34.89012],[136.37207,-34.09477],[136.99684,-33.75277],[137.81033,-32.90001],[137.89012,-33.64048],[137.50389,-34.13027],[137.35237,-34.70734],[136.82941,-35.26053],[137.71917,-35.07682],[138.20756,-34.38472],[138.44946,-35.12726],[138.12075,-35.6123],[139.08281,-35.73275],[139.57415,-36.13836],[139.99216,-37.40294],[140.63858,-38.01933],[142.17833,-38.38003],[143.60997,-38.80947],[144.48568,-38.08532],[145.03221,-37.89619],[144.87698,-38.41745],[145.48965,-38.59377],[146.31792,-39.03576],[147.38173,-38.21922],[148.30462,-37.80906],[149.42388,-37.77268],[149.99728,-37.42526],[150.07521,-36.42021],[150.32822,-35.67188],[150.71414,-35.17346],[151.01056,-34.31036],[151.70912,-33.04134],[152.45,-32.55],[152.89158,-31.64045],[153.0896,-30.92364],[153.06924,-30.35024],[153.51211,-28.99508],[153.56947,-28.11007],[153.09291,-27.2603],[153.13616,-26.07117],[152.8552,-25.2675],[152.07354,-24.45789],[150.89955,-23.46224],[150.72726,-22.4024],[150.48294,-22.55614],[150.07738,-22.12278],[149.67834,-22.34251],[149.28942,-21.26051],[148.71747,-20.63347],[148.84841,-20.39121],[147.47108,-19.48072],[146.38748,-18.95827],[146.06367,-18.28007],[146.16031,-17.76165],[145.8889,-16.90693],[145.63703,-16.78492],[145.27199,-15.4282],[145.37472,-14.98498],[144.56371,-14.17118],[143.9221,-14.54831],[143.56181,-13.76366],[143.52212,-12.83436],[143.15863,-12.32566],[143.11595,-11.90563],[142.86676,-11.78471],[142.79731,-11.15735],[142.51526,-10.66819],[142.14371,-11.04274],[142.11849,-11.32804],[141.68699,-12.40761],[141.84269,-12.74155],[141.65092,-12.94469],[141.51987,-13.69808],[141.56338,-14.56133],[141.70218,-15.04492],[141.27409,-16.38887],[140.87546,-17.36907],[140.21525,-17.7108],[139.26057,-17.3716],[139.10854,-17.06268],[138.30322,-16.8076],[137.06536,-15.87076],[136.29518,-15.55026],[135.50018,-14.99774],[135.42866,-14.71543],[136.07762,-13.72428],[135.96176,-13.32451],[136.30541,-13.29123],[136.68513,-12.88722],[136.95162,-12.35196],[136.49248,-11.85721],[136.25838,-12.04934],[135.88269,-11.96227],[135.29849,-12.24861],[134.67863,-11.94118],[134.39307,-12.04236],[133.55085,-11.78651],[133.01956,-11.37641],[132.35722,-11.12852],[131.8247,-11.27378],[132.55721,-11.60301],[132.5753,-12.11404],[131.73509,-12.30245],[131.2235,-12.18365],[130.6178,-12.53639],[130.18351,-13.10752],[130.33947,-13.35738],[129.88864,-13.6187],[129.4096,-14.42067],[129.62147,-14.96978],[128.35969,-14.86917],[127.80463,-14.27691],[127.06587,-13.81797],[126.14282,-14.09599],[126.12515,-14.34734],[125.6858,-14.23066],[125.67009,-14.51007],[125.16728,-14.6804],[124.92615,-15.0751],[124.37973,-15.56706],[124.25829,-16.32794],[123.81707,-16.11132],[123.50324,-16.59651],[123.85935,-17.06903],[123.43379,-17.26856],[123.01257,-16.4052],[122.31277,-17.25497],[122.24167,-18.19765],[121.65514,-18.70532],[121.39986,-19.23976],[120.85622,-19.68371],[119.80523,-19.97651],[119.25249,-19.95294],[118.83609,-20.26331],[118.22956,-20.37421],[117.44155,-20.7469],[116.71162,-20.70168],[115.94737,-21.06869],[115.46017,-21.49517],[114.64776,-21.82952],[114.22531,-22.51749],[114.14976,-21.75588],[113.73655,-22.47547],[113.84342,-23.05999],[113.50204,-23.80635],[113.39352,-24.38476],[114.21616,-25.78628],[114.23285,-26.29845],[113.9369,-25.91123],[113.44096,-25.62128],[113.77836,-26.54902],[113.33895,-26.11654],[113.4775,-26.54313],[114.04888,-27.33476],[114.17358,-28.11808],[114.6165,-28.5164],[114.64197,-28.81023],[115.04004,-29.46109],[114.99704,-30.03072],[115.16091,-30.60159],[115.68961,-31.61244],[115.80165,-32.20506],[115.54512,-33.48726],[115.04862,-33.62342],[115.02681,-34.19652],[115.56435,-34.38643],[116.62511,-35.0251],[118.02497,-35.06473],[119.00734,-34.46415],[119.2989,-34.50937],[119.8937,-33.97606],[121.29919,-33.82104],[122.18306,-34.0034],[123.65967,-33.89018],[124.02895,-33.48385],[124.22165,-32.95949],[125.08862,-32.72875],[126.14871,-32.21597]]]]},"properties":{"NAME":"Australia","NAME_LONG":"Australia","ADMIN":"Australia","ABBREV":"Auz.","ISO_A2":"AU","ISO_A3":"AUS","ISO_N3":"036","CONTINENT":"Oceania","REGION_UN":"Oceania","SUBREGION":"Australia and New Zealand","name":"Australia","code":"AU","iso_a2":"AU","iso_a3":"AUS","continent":"Oceania"}},{"type":"Feature","geometry":{"type":"Polygon","coordinates":[[[81.78796,7.52306],[81.30432,8.56421],[80.83882,9.26843],[80.1478,9.82408],[79.69517,8.20084],[79.87247,6.76346],[80.34836,5.96837],[81.21802,6.19714],[81.63732,6.48178],[81.78796,7.52306]]]},"properties":{"NAME":"Sri Lanka","NAME_LONG":"Sri Lanka","ADMIN":"Sri Lanka","ABBREV":"Sri L.","ISO_A2":"LK","ISO_A3":"LKA","ISO_N3":"144","CONTINENT":"Asia","REGION_UN":"Asia","SUBREGION":"Southern Asia","name":"Sri Lanka","code":"LK","iso_a2":"LK","iso_a3":"LKA","continent":"Asia"}},{"type":"Feature","geometry":{"type":"MultiPolygon","coordinates":[[[[109.47521,18.1977],[110.33919,18.67839],[110.57065,19.25588],[111.01005,19.69593],[110.78655,20.07753],[110.2116,20.10125],[109.11906,19.82104],[108.62622,19.36789],[108.65521,18.50768],[109.47521,18.1977]]],[[[80.25999,42.35],[80.11943,42.12394],[78.54366,41.58224],[78.1872,41.18532],[76.90448,41.06649],[76.52637,40.42795],[75.46783,40.56207],[74.77686,40.36643],[73.82224,39.89397],[73.67538,39.43124],[73.92885,38.50582],[74.25751,38.60651],[74.86482,38.37885],[74.98,37.41999],[75.15803,37.13303],[75.8969,36.66681],[76.19285,35.8984],[77.83745,35.49401],[78.91227,34.32194],[78.81109,33.5062],[79.20889,32.99439],[79.17613,32.48378],[78.45845,32.61816],[78.73889,31.51591],[79.72137,30.88272],[81.11126,30.18348],[81.5258,30.42272],[82.32751,30.11527],[83.33712,29.46373],[83.89899,29.32023],[84.23458,28.83989],[85.01164,28.64277],[85.82332,28.20358],[86.95452,27.97426],[88.12044,27.87654],[88.73033,28.08687],[88.81425,27.29932],[89.47581,28.04276],[90.01583,28.29644],[90.73051,28.06495],[91.25885,28.04061],[91.69666,27.77174],[92.50312,27.89688],[93.41335,28.64063],[94.56599,29.27744],[95.4048,29.03172],[96.11768,29.4528],[96.58659,28.83098],[96.24883,28.41103],[97.32711,28.26158],[97.91199,28.33595],[98.24623,27.74722],[98.68269,27.50881],[98.67184,25.9187],[97.72461,25.08364],[97.60472,23.89741],[98.66026,24.06329],[98.89875,23.14272],[99.53199,22.94904],[99.2409,22.11831],[100.41654,21.55884],[101.15003,21.84998],[101.18001,21.43657],[101.27003,21.20165],[101.80312,21.17437],[101.65202,22.3182],[102.17044,22.46475],[102.70699,22.7088],[103.50452,22.70376],[104.47686,22.81915],[105.32921,23.35206],[105.81125,22.97689],[106.7254,22.79427],[106.56727,22.21821],[107.04342,21.8119],[108.05018,21.55238],[108.52281,21.71521],[109.86449,21.39505],[109.62766,21.00823],[109.88986,20.28246],[110.44404,20.34103],[110.78547,21.39714],[111.84359,21.55049],[113.24108,22.05137],[113.80678,22.54834],[114.15255,22.22376],[114.76383,22.66807],[115.89074,22.78287],[117.28161,23.6245],[118.65687,24.54739],[119.5855,25.74078],[121.12566,28.13567],[121.68444,28.22551],[122.09211,29.83252],[121.50352,30.14292],[121.26426,30.67627],[121.89192,30.94935],[121.90815,31.69217],[121.22901,32.46032],[120.62037,33.37672],[120.22753,34.36033],[119.15121,34.90986],[119.66456,35.60979],[120.63701,36.11144],[121.10416,36.65133],[122.52,36.93061],[122.35794,37.45448],[121.71126,37.48112],[120.82346,37.87043],[119.7028,37.15639],[118.91164,37.44846],[118.87815,37.89733],[118.0597,38.06148],[117.5327,38.73764],[118.04275,39.20427],[119.02346,39.25233],[119.6396,39.89806],[120.76863,40.59339],[121.64036,40.94639],[122.1686,40.42244],[121.37676,39.75026],[121.586,39.36085],[121.05455,38.89747],[122.13139,39.17045],[122.86757,39.63779],[124.26563,39.92849],[125.07994,40.56982],[126.18205,41.10734],[126.86908,41.81657],[127.34378,41.50315],[128.20843,41.46677],[128.05221,41.99429],[129.59667,42.42498],[129.99427,42.98539],[130.64,42.39502],[130.63387,42.90302],[131.14469,42.92999],[131.28856,44.11152],[131.02519,44.96796],[131.88345,45.32116],[133.09712,45.14409],[133.76964,46.11693],[134.11235,47.21248],[134.50081,47.57845],[135.02631,48.47823],[133.3736,48.18344],[132.50669,47.78896],[130.98726,47.79013],[130.58229,48.72969],[129.39782,49.4406],[127.6574,49.76027],[127.28746,50.7398],[125.94635,52.7928],[125.06821,53.16105],[123.57147,53.4588],[122.24575,53.43173],[121.00309,53.2514],[120.17709,52.75389],[120.72579,52.51623],[120.7382,51.96411],[120.18208,51.64355],[119.27939,50.58292],[119.28846,50.14288],[117.87924,49.51098],[116.6788,49.88853],[115.48528,48.13538],[115.74284,47.72655],[116.30895,47.85341],[117.29551,47.69771],[118.06414,48.06673],[118.86657,47.74706],[119.77282,47.04806],[119.66327,46.69268],[118.87433,46.80541],[117.4217,46.67273],[116.71787,46.3882],[115.9851,45.72724],[114.46033,45.33982],[113.46391,44.80889],[111.87331,45.10208],[111.34838,44.45744],[111.82959,43.74312],[111.12968,43.40683],[110.4121,42.87123],[109.2436,42.51945],[107.74477,42.48152],[106.12932,42.13433],[104.96499,41.59741],[104.52228,41.90835],[103.31228,41.90747],[101.83304,42.51487],[100.84587,42.6638],[99.51582,42.52469],[97.45176,42.74889],[96.3494,42.72564],[95.76246,43.31945],[95.30688,44.24133],[94.68893,44.35233],[93.48073,44.97547],[90.94554,45.28607],[90.58577,45.71972],[90.97081,46.88815],[90.28083,47.69355],[88.8543,48.06908],[88.01383,48.59946],[87.75126,49.2972],[87.35997,49.21498],[86.59878,48.54918],[85.76823,48.45575],[85.72048,47.45297],[85.16429,47.00096],[83.18048,47.33003],[82.45893,45.53965],[81.94707,45.31703],[79.96611,44.91752],[80.86621,43.18036],[80.18015,42.92007],[80.25999,42.35]]]]},"properties":{"NAME":"China","NAME_LONG":"China","ADMIN":"China","ABBREV":"China","ISO_A2":"CN","ISO_A3":"CHN","ISO_N3":"156","CONTINENT":"Asia","REGION_UN":"Asia","SUBREGION":"Eastern Asia","name":"China","code":"CN","iso_a2":"CN","iso_a3":"CHN","continent":"Asia"}},{"type":"Feature","geometry":{"type":"Polygon","coordinates":[[[121.77782,24.39427],[121.95124,24.9976],[121.49504,25.29546],[120.69468,24.53845],[120.10619,23.55626],[120.22008,22.81486],[120.74708,21.97057],[121.17563,22.79086],[121.77782,24.39427]]]},"properties":{"NAME":"Taiwan","NAME_LONG":"Taiwan","ADMIN":"Taiwan","ABBREV":"Taiwan","ISO_A2":"CN-TW","ISO_A3":"TWN","ISO_N3":"158","CONTINENT":"Asia","REGION_UN":"Asia","SUBREGION":"Eastern Asia","name":"Taiwan","code":"CN-TW","iso_a2":"CN-TW","iso_a3":"TWN","continent":"Asia"}},{"type":"Feature","geometry":{"type":"MultiPolygon","coordinates":[[[[10.4427,46.89355],[10.36338,46.48357],[9.92284,46.3149],[9.18288,46.44022],[8.96631,46.03693],[8.31663,46.16364],[7.75599,45.82449],[7.27385,45.77695],[6.84359,45.99115],[7.09665,45.3331],[6.74996,45.02852],[7.00756,44.25477],[7.5496,44.1279],[7.43519,43.69385],[7.85077,43.76715],[8.42856,44.23123],[8.88895,44.36634],[10.20003,43.92001],[10.51195,42.93146],[12.10668,41.70454],[12.88808,41.25309],[13.62799,41.18829],[14.06067,40.78635],[14.70327,40.60455],[14.9985,40.17295],[15.41361,40.04836],[16.10933,38.96455],[15.89198,38.75094],[15.68409,37.90885],[16.10096,37.9859],[16.63509,38.84357],[17.05284,38.90287],[17.17149,39.4247],[16.44874,39.7954],[16.8696,40.44223],[17.73838,40.27767],[18.29339,39.81077],[18.37669,40.35563],[17.51917,40.87714],[15.88935,41.54108],[15.92619,41.96132],[15.14257,41.95514],[14.02982,42.76101],[13.52691,43.58773],[12.58924,44.09137],[12.26145,44.60048],[12.32858,45.38178],[13.14161,45.73669],[13.93763,45.59102],[13.69811,46.01678],[13.80648,46.50931],[12.37649,46.76756],[12.15309,47.11539],[11.16483,46.94158],[11.04856,46.75136],[10.4427,46.89355]]],[[[14.76125,38.14387],[13.74116,38.03497],[12.57094,38.12638],[12.431,37.61295],[13.82673,37.10453],[14.33523,36.99663],[15.09999,36.61999],[15.3099,37.13422],[15.16024,37.44405],[15.52038,38.23116],[14.76125,38.14387]]],[[[8.70999,40.89998],[8.16,40.95001],[8.38825,40.37831],[8.4283,39.17185],[8.80694,38.90662],[9.21482,39.24047],[9.66952,39.17738],[9.80998,40.50001],[9.21001,41.20999],[8.70999,40.89998]]]]},"properties":{"NAME":"Italy","NAME_LONG":"Italy","ADMIN":"Italy","ABBREV":"Italy","ISO_A2":"IT","ISO_A3":"ITA","ISO_N3":"380","CONTINENT":"Europe","REGION_UN":"Europe","SUBREGION":"Southern Europe","name":"Italy","code":"IT","iso_a2":"IT","iso_a3":"ITA","continent":"Europe"}},{"type":"Feature","geometry":{"type":"MultiPolygon","coordinates":[[[[9.92191,54.9831],[9.64998,55.47],[10.36999,56.19001],[10.91218,56.45862],[10.36999,56.60998],[10.58001,57.73002],[9.42447,57.17207],[8.54344,57.11],[8.08998,56.54001],[8.12031,55.51772],[8.52623,54.96274],[9.28205,54.83087],[9.92191,54.9831]]],[[[12.3709,56.11141],[10.90391,55.77996],[11.04354,55.36486],[12.08999,54.80002],[12.69001,55.60999],[12.3709,56.11141]]]]},"properties":{"NAME":"Denmark","NAME_LONG":"Denmark","ADMIN":"Denmark","ABBREV":"Den.","ISO_A2":"DK","ISO_A3":"DNK","ISO_N3":"208","CONTINENT":"Europe","REGION_UN":"Europe","SUBREGION":"Northern Europe","name":"Denmark","code":"DK","iso_a2":"DK","iso_a3":"DNK","continent":"Europe"}},{"type":"Feature","geometry":{"type":"MultiPolygon","coordinates":[[[[-6.19788,53.86757],[-5.66195,54.5546],[-6.73385,55.17286],[-7.57217,55.13162],[-7.36603,54.59584],[-7.57217,54.05996],[-6.19788,53.86757]]],[[[-3.09383,53.40455],[-4.58,53.495],[-4.77001,52.84001],[-4.22235,52.30136],[-5.2673,51.9914],[-4.98437,51.59347],[-3.41485,51.42601],[-4.30999,51.21],[-5.77657,50.15968],[-5.24502,49.96],[-4.54251,50.34184],[-3.61745,50.22836],[-2.95627,50.69688],[-2.49,50.50002],[-0.78752,50.77499],[0.55033,50.76574],[1.44987,51.28943],[1.05056,51.80676],[1.55999,52.1],[1.68153,52.73952],[0.46998,52.93],[-0.43048,54.46438],[-1.11499,54.62499],[-2.08501,55.91],[-3.119,55.97379],[-2.21999,56.87002],[-1.95928,57.6848],[-4.07383,57.55303],[-3.005,58.635],[-4.21149,58.55085],[-5.01,58.63001],[-5.78682,57.81885],[-6.14998,56.78501],[-5.645,56.27502],[-5.5864,55.31115],[-5.04798,55.78399],[-4.71911,55.50847],[-5.08253,55.0616],[-4.84417,54.79097],[-3.63,54.61501],[-2.94501,53.985],[-3.09383,53.40455]]]]},"properties":{"NAME":"United Kingdom","NAME_LONG":"United Kingdom","ADMIN":"United Kingdom","ABBREV":"U.K.","ISO_A2":"GB","ISO_A3":"GBR","ISO_N3":"826","CONTINENT":"Europe","REGION_UN":"Europe","SUBREGION":"Northern Europe","name":"United Kingdom","code":"GB","iso_a2":"GB","iso_a3":"GBR","continent":"Europe"}},{"type":"Feature","geometry":{"type":"Polygon","coordinates":[[[-14.50869,66.45589],[-16.16782,66.52679],[-17.79862,65.99385],[-19.05684,66.2766],[-20.57628,65.73211],[-22.13492,66.41047],[-23.65051,66.26252],[-24.32618,65.61119],[-22.22742,65.37859],[-22.1844,65.08497],[-23.95504,64.89113],[-21.77848,64.40212],[-22.76297,63.96018],[-18.65625,63.49638],[-14.90983,64.36408],[-13.60973,65.12667],[-14.73964,65.80875],[-14.50869,66.45589]]]},"properties":{"NAME":"Iceland","NAME_LONG":"Iceland","ADMIN":"Iceland","ABBREV":"Iceland","ISO_A2":"IS","ISO_A3":"ISL","ISO_N3":"352","CONTINENT":"Europe","REGION_UN":"Europe","SUBREGION":"Northern Europe","name":"Iceland","code":"IS","iso_a2":"IS","iso_a3":"ISL","continent":"Europe"}},{"type":"Feature","geometry":{"type":"MultiPolygon","coordinates":[[[[46.40495,41.86068],[46.14543,41.7228],[46.63791,41.18167],[45.9626,41.12387],[45.21743,41.41145],[44.97248,41.24813],[45.56035,40.81229],[45.35918,40.5615],[45.89191,40.21848],[45.61001,39.89999],[46.4835,39.46416],[46.50572,38.77061],[47.68508,39.50836],[48.0601,39.58223],[48.35553,39.28877],[48.01074,38.79402],[48.63438,38.27038],[48.88325,38.32025],[48.85653,38.81549],[49.22323,39.04922],[49.5692,40.1761],[50.39282,40.25656],[49.61892,40.57292],[48.58435,41.80887],[47.81567,41.15142],[47.37332,41.21973],[46.68607,41.82714],[46.40495,41.86068]]],[[[46.14362,38.7412],[45.73998,39.474],[44.79399,39.713],[44.95269,39.33577],[45.45772,38.87414],[46.14362,38.7412]]]]},"properties":{"NAME":"Azerbaijan","NAME_LONG":"Azerbaijan","ADMIN":"Azerbaijan","ABBREV":"Aze.","ISO_A2":"AZ","ISO_A3":"AZE","ISO_N3":"031","CONTINENT":"Asia","REGION_UN":"Asia","SUBREGION":"Western Asia","name":"Azerbaijan","code":"AZ","iso_a2":"AZ","iso_a3":"AZE","continent":"Asia"}},{"type":"Feature","geometry":{"type":"Polygon","coordinates":[[[39.95501,43.435],[40.32139,43.12863],[40.87547,43.01363],[41.45347,42.64512],[41.70317,41.96294],[41.55408,41.53566],[42.61955,41.58317],[43.58275,41.09214],[44.97248,41.24813],[45.21743,41.41145],[45.9626,41.12387],[46.63791,41.18167],[46.14543,41.7228],[46.40495,41.86068],[45.7764,42.09244],[45.47028,42.50278],[44.53762,42.71199],[43.93121,42.55496],[43.75599,42.74083],[42.3944,43.2203],[40.92219,43.38215],[40.07697,43.5531],[39.95501,43.435]]]},"properties":{"NAME":"Georgia","NAME_LONG":"Georgia","ADMIN":"Georgia","ABBREV":"Geo.","ISO_A2":"GE","ISO_A3":"GEO","ISO_N3":"268","CONTINENT":"Asia","REGION_UN":"Asia","SUBREGION":"Western Asia","name":"Georgia","code":"GE","iso_a2":"GE","iso_a3":"GEO","continent":"Asia"}},{"type":"Feature","geometry":{"type":"MultiPolygon","coordinates":[[[[120.8339,12.7045],[121.26219,12.20556],[121.52739,13.06959],[121.18013,13.4297],[120.32344,13.46641],[120.8339,12.7045]]],[[[122.58609,9.98105],[122.38006,9.71336],[122.99588,9.02219],[123.30992,9.31827],[123.62318,9.95009],[123.98244,10.27878],[124.07794,11.23273],[123.33777,10.26738],[123.49885,10.94062],[122.94741,10.88187],[122.83708,10.26116],[122.58609,9.98105]]],[[[126.37681,8.41471],[126.22271,9.28607],[125.41212,9.76034],[125.47139,8.987],[124.76461,8.96041],[124.60147,8.51416],[123.84115,8.24032],[123.48769,8.69301],[122.31236,8.03496],[121.91993,7.19212],[122.0855,6.89942],[122.82551,7.45738],[123.29607,7.41888],[123.61021,7.83353],[124.24366,7.36061],[123.93872,6.88514],[124.21979,6.16136],[125.39651,5.581],[125.68316,6.04966],[125.36385,6.78649],[125.83142,7.29372],[126.19677,6.27429],[126.53742,7.18938],[126.37681,8.41471]]],[[[118.50458,9.31638],[119.02946,10.00365],[119.68968,10.55429],[119.5115,11.36967],[118.98734,10.37629],[118.38691,9.6845],[117.66448,9.06689],[117.17428,8.3675],[118.50458,9.31638]]],[[[122.33696,18.22488],[122.24601,18.47895],[121.9376,18.21855],[121.32131,18.50407],[120.71587,18.50523],[120.39005,17.59908],[120.28649,16.03463],[119.88377,16.3637],[119.92093,15.40635],[120.07043,14.97087],[120.56415,14.39628],[120.69334,14.75667],[120.99182,14.52539],[120.67938,14.27102],[120.62864,13.85766],[121.12639,13.63669],[122.03465,13.78448],[122.67136,13.18584],[122.92865,13.55292],[123.29804,13.02753],[124.07742,12.53668],[124.18129,12.99753],[123.85511,13.23777],[123.9503,13.78213],[122.70128,14.33654],[122.25893,14.2182],[121.72883,14.32838],[121.50507,15.12481],[121.66279,15.93102],[122.25231,16.26244],[122.51565,17.09351],[122.17428,17.81028],[122.33696,18.22488]]],[[[122.03837,11.41584],[122.00261,10.44102],[122.63771,10.74131],[123.10084,11.16593],[123.12022,11.58366],[122.48382,11.58219],[121.88355,11.89176],[122.03837,11.41584]]],[[[125.50255,12.1627],[125.22712,12.53572],[124.26676,12.55776],[124.87799,11.79419],[124.89101,11.41558],[124.30252,11.49537],[124.4591,10.88993],[124.76017,10.838],[124.80182,10.13468],[125.27745,10.35872],[125.01188,11.31146],[125.78347,11.04612],[125.50255,12.1627]]]]},"properties":{"NAME":"Philippines","NAME_LONG":"Philippines","ADMIN":"Philippines","ABBREV":"Phil.","ISO_A2":"PH","ISO_A3":"PHL","ISO_N3":"608","CONTINENT":"Asia","REGION_UN":"Asia","SUBREGION":"South-Eastern Asia","name":"Philippines","code":"PH","iso_a2":"PH","iso_a3":"PHL","continent":"Asia"}},{"type":"Feature","geometry":{"type":"MultiPolygon","coordinates":[[[[100.08576,6.46449],[100.30626,6.04056],[100.19671,5.31249],[100.55741,4.76728],[100.69544,3.93914],[101.27354,3.27029],[101.39064,2.76081],[102.57362,1.96712],[103.51971,1.22633],[104.22881,1.29305],[104.24793,1.63114],[103.85467,2.51545],[103.50245,2.79102],[103.33212,3.7267],[103.43858,4.18161],[103.38122,4.855],[102.96171,5.5245],[102.14119,6.22164],[101.81428,5.81081],[101.15422,5.69138],[101.07552,6.20487],[100.2596,6.64283],[100.08576,6.46449]]],[[[117.88204,4.13755],[118.61832,4.4782],[118.43973,4.96652],[119.11069,5.01613],[119.1819,5.40784],[117.68908,5.98749],[117.64339,6.42217],[117.12963,6.92805],[116.7251,6.92477],[116.22074,6.14319],[115.45071,5.44773],[115.34746,4.31664],[114.86956,4.34831],[114.6596,4.00764],[114.20402,4.52587],[112.99562,3.1024],[111.79693,2.8859],[111.37008,2.6973],[111.16885,1.85064],[110.39614,1.66378],[109.66326,2.00647],[109.83023,1.33814],[110.51406,0.77313],[111.15914,0.97648],[111.79755,0.90444],[112.38025,1.41012],[112.85981,1.49779],[113.80585,1.21755],[114.62136,1.43069],[115.13404,2.82148],[115.51908,3.16924],[115.86552,4.30656],[117.01521,4.30609],[117.88204,4.13755]]]]},"properties":{"NAME":"Malaysia","NAME_LONG":"Malaysia","ADMIN":"Malaysia","ABBREV":"Malay.","ISO_A2":"MY","ISO_A3":"MYS","ISO_N3":"458","CONTINENT":"Asia","REGION_UN":"Asia","SUBREGION":"South-Eastern Asia","name":"Malaysia","code":"MY","iso_a2":"MY","iso_a3":"MYS","continent":"Asia"}},{"type":"Feature","geometry":{"type":"Polygon","coordinates":[[[115.45071,5.44773],[114.59996,4.90001],[114.20402,4.52587],[114.6596,4.00764],[114.86956,4.34831],[115.34746,4.31664],[115.45071,5.44773]]]},"properties":{"NAME":"Brunei","NAME_LONG":"Brunei Darussalam","ADMIN":"Brunei","ABBREV":"Brunei","ISO_A2":"BN","ISO_A3":"BRN","ISO_N3":"096","CONTINENT":"Asia","REGION_UN":"Asia","SUBREGION":"South-Eastern Asia","name":"Brunei","code":"BN","iso_a2":"BN","iso_a3":"BRN","continent":"Asia"}},{"type":"Feature","geometry":{"type":"Polygon","coordinates":[[[13.80648,46.50931],[13.69811,46.01678],[13.93763,45.59102],[13.71506,45.50032],[14.41197,45.46617],[14.59511,45.63494],[15.32768,45.45232],[15.76873,46.23811],[16.56481,46.50375],[16.2023,46.85239],[16.01166,46.68361],[15.13709,46.6587],[14.63247,46.43182],[13.80648,46.50931]]]},"properties":{"NAME":"Slovenia","NAME_LONG":"Slovenia","ADMIN":"Slovenia","ABBREV":"Slo.","ISO_A2":"SI","ISO_A3":"SVN","ISO_N3":"705","CONTINENT":"Europe","REGION_UN":"Europe","SUBREGION":"Southern Europe","name":"Slovenia","code":"SI","iso_a2":"SI","iso_a3":"SVN","continent":"Europe"}},{"type":"Feature","geometry":{"type":"Polygon","coordinates":[[[28.59193,69.06478],[29.01557,69.76649],[27.73229,70.16419],[26.17962,69.8253],[25.68921,69.09211],[24.73568,68.64956],[23.66205,68.89125],[22.35624,68.84174],[21.24494,69.37044],[20.64559,69.10625],[23.53947,67.93601],[23.56588,66.39605],[23.90338,66.00693],[25.29404,65.53435],[25.39807,65.11143],[24.73051,64.90234],[22.44274,63.81781],[21.53603,63.18974],[21.05921,62.60739],[21.54487,61.70533],[21.32224,60.72017],[22.29076,60.39192],[22.8697,59.84637],[24.49662,60.05732],[26.25517,60.42396],[28.07,60.50352],[31.13999,62.35769],[31.51609,62.86769],[30.03587,63.55281],[30.44469,64.20445],[29.54443,64.94867],[30.21765,65.80598],[29.05459,66.94429],[29.97743,67.6983],[28.44594,68.36461],[28.59193,69.06478]]]},"properties":{"NAME":"Finland","NAME_LONG":"Finland","ADMIN":"Finland","ABBREV":"Fin.","ISO_A2":"FI","ISO_A3":"FIN","ISO_N3":"246","CONTINENT":"Europe","REGION_UN":"Europe","SUBREGION":"Northern Europe","name":"Finland","code":"FI","iso_a2":"FI","iso_a3":"FIN","continent":"Europe"}},{"type":"Feature","geometry":{"type":"Polygon","coordinates":[[[22.55814,49.08574],[21.60781,49.47011],[20.88796,49.32877],[20.41584,49.43145],[19.82502,49.21713],[19.32071,49.57157],[18.85314,49.49623],[18.1705,49.27152],[18.10497,49.04398],[16.96029,48.59698],[16.97967,48.1235],[17.85713,47.75843],[18.69651,47.88095],[18.77702,48.08177],[20.23905,48.32757],[20.80129,48.62385],[21.87224,48.31997],[22.08561,48.42226],[22.55814,49.08574]]]},"properties":{"NAME":"Slovakia","NAME_LONG":"Slovakia","ADMIN":"Slovakia","ABBREV":"Svk.","ISO_A2":"SK","ISO_A3":"SVK","ISO_N3":"703","CONTINENT":"Europe","REGION_UN":"Europe","SUBREGION":"Eastern Europe","name":"Slovakia","code":"SK","iso_a2":"SK","iso_a3":"SVK","continent":"Europe"}},{"type":"Feature","geometry":{"type":"Polygon","coordinates":[[[15.017,51.10667],[13.33813,50.73323],[12.24011,50.26634],[12.52102,49.54742],[13.59595,48.87717],[14.3389,48.55531],[15.25342,49.03907],[16.02965,48.7339],[16.96029,48.59698],[18.10497,49.04398],[18.1705,49.27152],[18.85314,49.49623],[18.39291,49.98863],[17.64945,50.04904],[17.55457,50.36215],[16.86877,50.47397],[16.71948,50.21575],[16.17625,50.42261],[16.23863,50.69773],[15.49097,50.78473],[15.017,51.10667]]]},"properties":{"NAME":"Czechia","NAME_LONG":"Czech Republic","ADMIN":"Czechia","ABBREV":"Cz.","ISO_A2":"CZ","ISO_A3":"CZE","ISO_N3":"203","CONTINENT":"Europe","REGION_UN":"Europe","SUBREGION":"Eastern Europe","name":"Czechia","code":"CZ","iso_a2":"CZ","iso_a3":"CZE","continent":"Europe"}},{"type":"Feature","geometry":{"type":"Polygon","coordinates":[[[36.42951,14.42211],[37.59377,14.2131],[37.90607,14.95943],[38.51295,14.50547],[39.0994,14.74064],[39.34061,14.53155],[40.02625,14.51959],[40.8966,14.11864],[41.59856,13.45209],[42.35156,12.54223],[42.77964,12.45542],[43.08123,12.69964],[42.58958,13.00042],[41.17927,14.49108],[39.81429,15.43565],[39.26611,15.92272],[38.99062,16.84063],[38.41009,17.99831],[37.904,17.42754],[37.16747,17.26314],[36.85253,16.95655],[36.75389,16.29186],[36.32322,14.82249],[36.42951,14.42211]]]},"properties":{"NAME":"Eritrea","NAME_LONG":"Eritrea","ADMIN":"Eritrea","ABBREV":"Erit.","ISO_A2":"ER","ISO_A3":"ERI","ISO_N3":"232","CONTINENT":"Africa","REGION_UN":"Africa","SUBREGION":"Eastern Africa","name":"Eritrea","code":"ER","iso_a2":"ER","iso_a3":"ERI","continent":"Africa"}},{"type":"Feature","geometry":{"type":"MultiPolygon","coordinates":[[[[141.8846,39.18086],[141.91426,39.99162],[141.36897,41.37856],[140.30578,41.19501],[139.88338,40.56331],[140.05479,39.43881],[139.4264,38.21596],[137.39061,36.82739],[136.72383,37.30498],[135.67754,35.52713],[134.6083,35.73162],[132.61767,35.43339],[131.88423,34.74971],[130.87845,34.23274],[130.35394,33.60415],[129.40846,33.29606],[129.81469,32.61031],[130.44768,32.31947],[130.20242,31.41824],[130.68632,31.02958],[131.33279,31.45036],[132.00004,33.14999],[130.98615,33.88576],[132.15677,33.90493],[133.34032,34.37594],[135.07943,34.59655],[135.12098,33.84907],[135.79298,33.46481],[137.2176,34.60629],[138.97553,34.6676],[140.25328,35.13811],[140.77407,35.84288],[140.59977,36.34398],[140.97639,37.14207],[140.95949,38.174],[141.8846,39.18086]]],[[[144.61343,43.96088],[143.14287,44.51036],[141.96765,45.55148],[141.67195,44.77213],[141.38055,43.38883],[140.31209,43.33327],[139.81754,42.56376],[139.95511,41.56956],[141.06729,41.58459],[141.61149,42.67879],[143.18385,41.99522],[144.05966,42.98836],[145.54314,43.26209],[145.32083,44.38473],[144.61343,43.96088]]],[[[132.37118,33.46364],[132.36312,32.98938],[133.01486,32.70457],[133.28027,33.28957],[133.79295,33.52199],[134.20342,33.20118],[134.76638,33.80633],[134.63843,34.14923],[133.90411,34.36493],[133.49297,33.94462],[132.92437,34.0603],[132.37118,33.46364]]]]},"properties":{"NAME":"Japan","NAME_LONG":"Japan","ADMIN":"Japan","ABBREV":"Japan","ISO_A2":"JP","ISO_A3":"JPN","ISO_N3":"392","CONTINENT":"Asia","REGION_UN":"Asia","SUBREGION":"Eastern Asia","name":"Japan","code":"JP","iso_a2":"JP","iso_a3":"JPN","continent":"Asia"}},{"type":"Feature","geometry":{"type":"Polygon","coordinates":[[[-58.16639,-20.1767],[-58.18347,-19.8684],[-59.11504,-19.35691],[-60.04356,-19.34275],[-61.78633,-19.63374],[-62.26596,-20.51373],[-62.29118,-21.05163],[-62.68506,-22.24903],[-60.84656,-23.88071],[-60.02897,-24.0328],[-58.80713,-24.77146],[-57.77722,-25.16234],[-57.63366,-25.60366],[-58.61817,-27.12372],[-57.60976,-27.3959],[-56.4867,-27.5485],[-55.69585,-27.38784],[-54.78879,-26.62179],[-54.62529,-25.73925],[-54.29348,-24.5708],[-54.29296,-24.02101],[-54.65283,-23.83958],[-55.40075,-23.95693],[-55.61068,-22.65562],[-55.79796,-22.35693],[-56.47332,-22.0863],[-56.88151,-22.28215],[-57.93716,-22.09018],[-57.87067,-20.73269],[-58.16639,-20.1767]]]},"properties":{"NAME":"Paraguay","NAME_LONG":"Paraguay","ADMIN":"Paraguay","ABBREV":"Para.","ISO_A2":"PY","ISO_A3":"PRY","ISO_N3":"600","CONTINENT":"South America","REGION_UN":"Americas","SUBREGION":"South America","name":"Paraguay","code":"PY","iso_a2":"PY","iso_a3":"PRY","continent":"South America"}},{"type":"Feature","geometry":{"type":"Polygon","coordinates":[[[52.00001,19],[49.11667,18.61667],[48.18334,18.16667],[47.4667,17.11668],[47.00001,16.95],[46.74999,17.28334],[46.36666,17.23332],[45.21665,17.43333],[44.06261,17.41036],[43.79152,17.31998],[43.38079,17.57999],[43.1158,17.08844],[43.21838,16.66689],[42.77933,16.34789],[42.70244,15.71889],[42.80502,15.26196],[42.60487,15.21334],[42.89225,14.80225],[43.25145,13.76758],[43.22287,13.22095],[43.48296,12.6368],[44.17511,12.58595],[44.98953,12.69959],[45.62505,13.29095],[46.71708,13.3997],[47.35445,13.59222],[47.93891,14.00723],[48.67923,14.0032],[49.57458,14.70877],[51.17252,15.17525],[52.16817,15.59742],[52.38521,16.38241],[53.10857,16.65105],[52.00001,19]]]},"properties":{"NAME":"Yemen","NAME_LONG":"Yemen","ADMIN":"Yemen","ABBREV":"Yem.","ISO_A2":"YE","ISO_A3":"YEM","ISO_N3":"887","CONTINENT":"Asia","REGION_UN":"Asia","SUBREGION":"Western Asia","name":"Yemen","code":"YE","iso_a2":"YE","iso_a3":"YEM","continent":"Asia"}},{"type":"Feature","geometry":{"type":"Polygon","coordinates":[[[34.95604,29.35656],[34.63234,28.05855],[35.13019,28.06335],[36.24914,26.57014],[36.6396,25.82623],[37.20949,25.08454],[37.15482,24.85848],[37.48364,24.2855],[38.02386,24.07869],[38.49277,23.68845],[39.06633,22.57966],[39.0237,21.98688],[39.1394,21.29191],[39.80169,20.33886],[40.24765,20.17463],[40.93934,19.48648],[41.22139,18.6716],[41.75438,17.83305],[42.27089,17.47472],[42.34799,17.07581],[42.64957,16.77464],[42.77933,16.34789],[43.21838,16.66689],[43.1158,17.08844],[43.38079,17.57999],[43.79152,17.31998],[44.06261,17.41036],[45.21665,17.43333],[46.36666,17.23332],[46.74999,17.28334],[47.00001,16.95],[47.4667,17.11668],[48.18334,18.16667],[49.11667,18.61667],[52.00001,19],[54.99998,19.99999],[55.66666,22],[55.20834,22.70833],[55.0068,22.49695],[52.00073,23.00115],[51.57952,24.2455],[51.38961,24.62739],[50.81011,24.75474],[50.1133,25.94397],[50.15242,26.68966],[49.47091,27.11],[49.29955,27.46122],[48.8076,27.68963],[48.41609,28.552],[47.70885,28.52606],[47.45982,29.00252],[46.56871,29.09903],[44.7095,29.17889],[41.88998,31.19001],[40.39999,31.88999],[39.19547,32.16101],[39.00489,32.01022],[37.00217,31.50841],[37.99885,30.5085],[37.50358,30.00378],[36.74053,29.86528],[36.06894,29.1975],[34.95604,29.35656]]]},"properties":{"NAME":"Saudi Arabia","NAME_LONG":"Saudi Arabia","ADMIN":"Saudi Arabia","ABBREV":"Saud.","ISO_A2":"SA","ISO_A3":"SAU","ISO_N3":"682","CONTINENT":"Asia","REGION_UN":"Asia","SUBREGION":"Western Asia","name":"Saudi Arabia","code":"SA","iso_a2":"SA","iso_a3":"SAU","continent":"Asia"}},{"type":"Feature","geometry":{"type":"MultiPolygon","coordinates":[[[[-48.66062,-78.04702],[-51.85313,-79.94773],[-53.98799,-80.22203],[-54.16426,-80.63353],[-52.85199,-80.96668],[-50.48211,-81.02544],[-43.33327,-80.02612],[-43.92083,-78.4781],[-45.15476,-78.04707],[-46.66286,-77.83148],[-48.66062,-78.04702]]],[[[-66.29003,-80.25577],[-64.48812,-80.92193],[-60.15966,-81.00033],[-59.57209,-80.04018],[-60.61012,-79.62868],[-61.88325,-80.39287],[-66.29003,-80.25577]]],[[[-73.91582,-71.26934],[-75.01262,-71.66126],[-74.95389,-72.07276],[-74.19004,-72.36669],[-71.8985,-72.09234],[-72.38813,-72.48426],[-71.07589,-72.50384],[-68.7843,-72.17074],[-68.33383,-71.40649],[-68.45135,-70.95582],[-69.72445,-69.25102],[-70.25325,-68.87874],[-71.17382,-69.03548],[-71.74179,-69.50578],[-71.78096,-70.68147],[-72.07472,-71.19095],[-73.91582,-71.26934]]],[[[-102.33072,-71.89416],[-101.80187,-72.30566],[-100.78345,-72.50162],[-96.98376,-72.44286],[-96.20035,-72.5212],[-96.78794,-71.95297],[-97.88474,-72.07054],[-101.70397,-71.71779],[-102.33072,-71.89416]]],[[[-122.62173,-73.65778],[-121.62283,-74.01047],[-120.23222,-74.08881],[-118.72414,-73.48135],[-119.91885,-73.65772],[-122.40624,-73.32462],[-122.62173,-73.65778]]],[[[-127.28313,-73.46177],[-124.03188,-73.87327],[-126.55847,-73.24623],[-127.28313,-73.46177]]],[[[-163.7129,-78.59567],[-161.1276,-79.63421],[-159.20818,-79.49706],[-159.4824,-79.04634],[-161.24511,-78.38018],[-163.1058,-78.22334],[-163.7129,-78.59567]]],[[[180,-84.71338],[175.98567,-84.159],[173.22408,-84.41371],[172.28393,-84.04143],[169.40478,-83.82589],[168.89567,-83.336],[162.49099,-82.06228],[161.12002,-81.2785],[159.78821,-80.9454],[160.92416,-79.73048],[161.76639,-79.16225],[163.66622,-79.12302],[166.99578,-78.75075],[166.60413,-78.31961],[164.74346,-78.18251],[163.4899,-77.06558],[163.56824,-76.24258],[164.23419,-75.4588],[166.0948,-74.38104],[167.38749,-74.1655],[167.9751,-73.81281],[169.28732,-73.65602],[171.20679,-71.6965],[170.50167,-71.40262],[168.42562,-70.97148],[166.11444,-70.75594],[162.6869,-70.73635],[161.57048,-70.57962],[159.6707,-69.99175],[159.18101,-69.59983],[156.81113,-69.38429],[154.28457,-68.56129],[153.6382,-68.8945],[152.50225,-68.87481],[148.83963,-68.38502],[146.64607,-67.89513],[145.9997,-67.6012],[146.19555,-67.22887],[145.49043,-66.91535],[143.06184,-66.79778],[140.80942,-66.81737],[137.46027,-66.95457],[136.61805,-66.7782],[135.69749,-65.58287],[135.07075,-65.30857],[134.75739,-66.20996],[132.9359,-66.38628],[130.78145,-66.4255],[128.80328,-66.75861],[127.00143,-66.56265],[125.16025,-66.71939],[123.2213,-66.48426],[122.32037,-66.56265],[120.871,-67.1897],[118.57946,-67.17011],[116.69916,-66.66063],[115.60238,-66.6998],[114.38809,-66.07276],[113.60467,-65.8768],[111.74396,-66.13157],[110.23584,-66.6998],[108.08139,-66.95457],[106.18156,-66.93493],[104.24256,-65.97478],[102.83241,-65.56328],[99.71818,-67.2485],[98.68021,-67.1113],[95.78147,-67.38565],[95.01759,-67.17011],[91.5901,-67.1113],[90.63037,-67.22887],[88.82841,-66.95457],[87.98629,-66.20991],[87.47702,-66.87617],[86.75236,-67.15047],[85.65553,-67.09172],[83.77533,-67.30726],[82.77643,-67.20928],[81.48379,-67.54239],[80.93535,-67.87555],[79.11386,-68.32622],[78.42837,-68.69844],[77.6449,-69.46268],[73.86488,-69.87418],[73.08141,-70.71677],[71.90629,-71.32422],[71.0249,-72.08841],[69.86931,-72.26479],[68.71377,-72.16681],[67.94989,-71.85329],[69.06631,-70.67754],[67.94989,-70.69718],[67.81274,-70.30527],[69.55594,-69.67823],[69.71262,-68.97279],[68.89004,-67.9343],[67.89113,-67.9343],[64.99245,-67.62073],[64.05235,-67.40524],[62.38749,-68.01269],[61.42781,-67.95389],[59.93932,-67.40524],[58.74451,-67.28767],[57.25597,-66.68022],[57.15809,-66.24913],[56.35504,-65.97478],[54.53355,-65.81805],[52.61413,-66.05318],[50.94933,-66.52348],[50.75347,-66.87617],[49.93089,-67.1113],[48.99074,-67.09172],[47.44344,-67.71876],[46.50334,-67.6012],[44.11388,-68.26741],[41.95943,-68.60051],[40.02043,-69.10994],[39.66789,-69.54108],[38.6494,-69.7762],[37.20004,-69.16875],[36.16201,-69.24714],[34.9085,-68.65927],[33.87042,-68.50259],[32.75405,-69.38429],[31.99017,-69.65864],[30.03158,-69.93294],[29.15024,-70.20729],[27.09373,-70.46206],[23.66618,-70.52081],[22.5694,-70.69718],[21.45299,-70.07014],[19.25937,-69.89377],[17.02659,-69.91335],[15.94934,-70.03092],[15.12676,-70.40325],[14.735,-70.03092],[13.42278,-69.97216],[12.40429,-70.24651],[11.95382,-70.63837],[10.81782,-70.83433],[9.52514,-70.01133],[8.48711,-70.14853],[7.74287,-69.89377],[7.13572,-70.24651],[4.13906,-70.85392],[0.8682,-71.30464],[-0.22864,-71.63774],[-0.65949,-71.22625],[-1.79549,-71.16744],[-4.34167,-71.46137],[-5.53637,-71.40262],[-5.79098,-71.03029],[-6.86823,-70.93231],[-7.41662,-71.6965],[-8.61138,-71.65733],[-9.10101,-71.32422],[-10.29577,-71.26542],[-11.51007,-72.01007],[-13.31197,-72.71546],[-15.44685,-73.14654],[-16.46532,-73.87161],[-15.40771,-74.10674],[-15.70149,-74.4986],[-17.52298,-75.1257],[-21.22469,-75.90947],[-23.92755,-76.24258],[-25.47482,-76.2818],[-28.88278,-76.67366],[-32.21237,-77.65345],[-35.32655,-78.12365],[-35.77701,-78.33925],[-35.63991,-79.45613],[-29.6858,-79.26023],[-28.5498,-80.33794],[-34.3864,-80.90617],[-38.24482,-81.33731],[-40.77143,-81.35689],[-42.80836,-82.08191],[-47.27393,-81.70959],[-49.76135,-81.72917],[-53.61977,-82.25823],[-58.22249,-83.21843],[-59.69142,-82.37585],[-63.25603,-81.74876],[-68.19165,-81.31767],[-71.44295,-80.69063],[-75.3601,-80.25954],[-78.02378,-79.18183],[-77.92586,-78.37842],[-76.4961,-78.12365],[-74.77254,-78.22163],[-73.65612,-77.90811],[-75.39929,-77.28107],[-76.92698,-77.1048],[-77.24037,-76.71289],[-73.96954,-76.63449],[-70.60072,-76.63449],[-69.79772,-76.22299],[-65.86099,-75.63512],[-64.35284,-75.26285],[-63.2952,-74.577],[-61.96337,-74.43985],[-60.82737,-73.69524],[-60.69027,-73.16618],[-61.37581,-72.01007],[-61.51291,-71.08904],[-63.1973,-69.22756],[-64.78371,-68.67891],[-65.66508,-67.95389],[-65.50842,-67.58161],[-63.74569,-66.50385],[-62.12008,-66.19033],[-62.59013,-65.85722],[-62.51176,-65.09303],[-60.61193,-64.3092],[-59.78934,-64.21122],[-59.04507,-64.36801],[-57.59573,-63.85853],[-57.22358,-63.52542],[-57.81114,-63.27066],[-58.59456,-63.38822],[-59.88727,-63.95651],[-61.41493,-64.27003],[-62.04169,-64.58355],[-63.00139,-64.64231],[-64.17654,-65.17142],[-64.56828,-65.60251],[-66.05681,-66.20996],[-67.25155,-66.87617],[-67.74118,-67.32685],[-67.42784,-68.14984],[-68.44628,-69.32553],[-68.48545,-70.10931],[-67.25155,-71.63774],[-67.36906,-72.48033],[-68.93592,-73.00939],[-72.83353,-73.40131],[-74.89005,-73.87161],[-76.22188,-73.96954],[-77.92586,-73.42089],[-79.29689,-73.51887],[-80.29579,-73.12696],[-81.47091,-73.85198],[-82.66565,-73.63643],[-85.19224,-73.4797],[-86.01482,-73.08779],[-87.26834,-73.18576],[-88.42395,-73.00939],[-89.22695,-72.55872],[-90.08873,-73.32291],[-91.42056,-73.40131],[-92.439,-73.16618],[-96.33659,-73.61685],[-97.68804,-73.55804],[-98.11889,-73.20535],[-100.31253,-72.75468],[-101.60524,-72.81344],[-103.68129,-72.61753],[-103.11331,-73.73441],[-102.54534,-74.10674],[-101.2527,-74.18508],[-100.1167,-74.87093],[-100.64553,-75.30202],[-103.36795,-74.9885],[-104.87607,-74.94933],[-107.55935,-75.18445],[-110.06632,-74.79254],[-111.26106,-74.42026],[-112.29908,-74.7142],[-113.94433,-73.71483],[-116.21631,-74.24389],[-117.4698,-74.02835],[-119.70256,-74.47902],[-125.40208,-74.51824],[-128.24204,-74.32228],[-130.92531,-74.47902],[-132.25717,-74.3027],[-133.74565,-74.43985],[-135.21458,-74.3027],[-138.85759,-74.96891],[-141.63876,-75.08647],[-144.32204,-75.5372],[-144.90962,-75.20404],[-146.20231,-75.38041],[-146.49609,-75.73315],[-146.10441,-76.47776],[-147.61248,-76.57574],[-151.33378,-77.39874],[-152.92025,-77.49666],[-153.74283,-77.06558],[-156.97457,-77.30076],[-158.36513,-76.88921],[-158.05177,-78.02568],[-155.32938,-79.06427],[-149.5319,-79.3582],[-146.77029,-79.92644],[-147.22075,-80.67105],[-150.64829,-81.33731],[-152.09766,-81.00415],[-156.83745,-81.10213],[-152.86152,-82.04269],[-153.5862,-83.68869],[-150.90293,-83.90423],[-150.06073,-84.29615],[-142.89228,-84.5705],[-143.10772,-85.04075],[-148.53307,-85.60904],[-155.19225,-85.09956],[-158.07138,-85.37391],[-167.0221,-84.5705],[-169.95122,-83.88465],[-172.88911,-84.06102],[-174.3825,-84.53432],[-176.08467,-84.09926],[-177.25677,-84.45293],[-179.05868,-84.13941],[-180,-84.71338],[-180,-90],[180,-90],[180,-84.71338]]]]},"properties":{"NAME":"Antarctica","NAME_LONG":"Antarctica","ADMIN":"Antarctica","ABBREV":"Ant.","ISO_A2":"AQ","ISO_A3":"ATA","ISO_N3":"010","CONTINENT":"Antarctica","REGION_UN":"Antarctica","SUBREGION":"Antarctica","name":"Antarctica","code":"AQ","iso_a2":"AQ","iso_a3":"ATA","continent":"Antarctica"}},{"type":"Feature","geometry":{"type":"Polygon","coordinates":[[[32.73178,35.14003],[33.97362,35.05851],[33.9008,35.24576],[34.57647,35.6716],[33.66723,35.37322],[32.94696,35.3867],[32.73178,35.14003]]]},"properties":{"NAME":"N. Cyprus","NAME_LONG":"Northern Cyprus","ADMIN":"Northern Cyprus","ABBREV":"N. Cy.","ISO_A2":"-99","ISO_A3":"-99","ISO_N3":"-99","CONTINENT":"Asia","REGION_UN":"Asia","SUBREGION":"Western Asia","name":"N. Cyprus","code":"CYN","iso_a3":"CYN","continent":"Asia"}},{"type":"Feature","geometry":{"type":"Polygon","coordinates":[[[32.73178,35.14003],[32.25667,35.10323],[32.4903,34.70166],[32.97983,34.57187],[33.97362,35.05851],[32.73178,35.14003]]]},"properties":{"NAME":"Cyprus","NAME_LONG":"Cyprus","ADMIN":"Cyprus","ABBREV":"Cyp.","ISO_A2":"CY","ISO_A3":"CYP","ISO_N3":"196","CONTINENT":"Asia","REGION_UN":"Asia","SUBREGION":"Western Asia","name":"Cyprus","code":"CY","iso_a2":"CY","iso_a3":"CYP","continent":"Asia"}},{"type":"Feature","geometry":{"type":"Polygon","coordinates":[[[-2.16991,35.1684],[-3.64006,35.39986],[-4.59101,35.33071],[-5.19386,35.75518],[-5.92999,35.75999],[-6.91254,34.11048],[-8.65748,33.24025],[-9.30069,32.56468],[-9.81472,31.17774],[-9.56481,29.93357],[-10.39959,29.09859],[-10.90096,28.83214],[-11.68892,28.14864],[-12.61884,28.03819],[-13.13994,27.64015],[-13.7738,26.61889],[-14.43994,26.25442],[-14.80093,25.63627],[-14.82464,25.10353],[-15.08933,24.52026],[-15.426,24.35913],[-15.98261,23.72336],[-16.32641,23.01777],[-16.26192,22.67934],[-16.58914,22.15823],[-16.97325,21.88575],[-17.02043,21.42231],[-14.75095,21.5006],[-14.63083,21.86094],[-14.22117,22.31016],[-13.89111,23.69101],[-12.50096,24.77012],[-12.03076,26.03087],[-11.71822,26.10409],[-11.39255,26.88342],[-10.55126,26.99081],[-9.73534,26.86095],[-9.41304,27.08848],[-8.79488,27.1207],[-8.66559,27.65643],[-8.67412,28.84129],[-7.05923,29.57923],[-6.06063,29.7317],[-5.24213,30.00044],[-4.85965,30.50119],[-3.69044,30.89695],[-3.6475,31.63729],[-3.06898,31.7245],[-2.6166,32.09435],[-1.3079,32.26289],[-1.12455,32.65152],[-1.38805,32.86402],[-1.73345,33.91971],[-1.79299,34.52792],[-2.16991,35.1684]]]},"properties":{"NAME":"Morocco","NAME_LONG":"Morocco","ADMIN":"Morocco","ABBREV":"Mor.","ISO_A2":"MA","ISO_A3":"MAR","ISO_N3":"504","CONTINENT":"Africa","REGION_UN":"Africa","SUBREGION":"Northern Africa","name":"Morocco","code":"MA","iso_a2":"MA","iso_a3":"MAR","continent":"Africa"}},{"type":"Feature","geometry":{"type":"Polygon","coordinates":[[[36.86623,22],[35.52598,23.10244],[35.49372,23.75237],[35.69241,23.92671],[34.79507,25.03375],[34.10455,26.14227],[33.34876,27.69989],[32.73482,28.70523],[32.32046,29.76043],[32.42323,29.85108],[33.13676,28.41765],[33.92136,27.6487],[34.42655,28.34399],[34.64174,29.09942],[34.9226,29.50133],[34.82324,29.76108],[34.26543,31.21936],[33.7734,30.96746],[32.99392,31.02407],[32.19247,31.26034],[31.96041,30.9336],[31.68796,31.4296],[30.97693,31.55586],[30.09503,31.4734],[28.91353,30.87005],[26.49533,31.58568],[25.16482,31.56915],[24.80287,31.08929],[24.95762,30.6616],[24.70007,30.04419],[25,29.23866],[25,25.6825],[25,22],[29.02,22],[32.9,22],[36.86623,22]]]},"properties":{"NAME":"Egypt","NAME_LONG":"Egypt","ADMIN":"Egypt","ABBREV":"Egypt","ISO_A2":"EG","ISO_A3":"EGY","ISO_N3":"818","CONTINENT":"Africa","REGION_UN":"Africa","SUBREGION":"Northern Africa","name":"Egypt","code":"EG","iso_a2":"EG","iso_a3":"EGY","continent":"Africa"}},{"type":"Feature","geometry":{"type":"Polygon","coordinates":[[[25,22],[25,25.6825],[25,29.23866],[24.70007,30.04419],[24.95762,30.6616],[24.80287,31.08929],[25.16482,31.56915],[24.92114,31.89936],[23.2368,32.19149],[22.89576,32.63858],[21.54298,32.8432],[20.85452,32.7068],[20.13397,32.2382],[19.82033,31.75179],[20.05335,30.98576],[19.57404,30.52582],[19.08641,30.26639],[18.02109,30.76357],[15.71394,31.37626],[15.24563,32.26508],[13.91868,32.71196],[13.08326,32.87882],[12.66331,32.79278],[11.48879,33.137],[11.43225,32.3689],[10.6369,31.76142],[9.95023,31.37607],[9.97002,30.53933],[9.48214,30.30756],[9.80563,29.42464],[9.86,28.95999],[9.68389,28.14417],[9.75613,27.68826],[9.62906,27.14095],[9.71629,26.51221],[9.31941,26.09433],[9.91069,25.36546],[9.94826,24.93695],[10.30385,24.37931],[10.77136,24.56253],[11.56067,24.09791],[11.99951,23.47167],[13.58143,23.04051],[14.14387,22.49129],[14.8513,22.86295],[15.86085,23.40972],[19.84926,21.49509],[23.83766,19.58047],[23.85,20],[25,20.00304],[25,22]]]},"properties":{"NAME":"Libya","NAME_LONG":"Libya","ADMIN":"Libya","ABBREV":"Libya","ISO_A2":"LY","ISO_A3":"LBY","ISO_N3":"434","CONTINENT":"Africa","REGION_UN":"Africa","SUBREGION":"Northern Africa","name":"Libya","code":"LY","iso_a2":"LY","iso_a3":"LBY","continent":"Africa"}},{"type":"Feature","geometry":{"type":"Polygon","coordinates":[[[47.78942,8.003],[46.94834,7.99688],[43.67875,9.18358],[43.29699,9.54048],[42.55876,10.57258],[42.77685,10.92688],[42.55493,11.10511],[41.75557,11.05091],[41.66176,11.6312],[42.35156,12.54223],[41.59856,13.45209],[40.8966,14.11864],[40.02625,14.51959],[39.34061,14.53155],[39.0994,14.74064],[38.51295,14.50547],[37.90607,14.95943],[37.59377,14.2131],[36.42951,14.42211],[36.27022,13.56333],[35.86363,12.57828],[35.26049,12.08286],[34.83163,11.31896],[34.73115,10.91017],[34.25745,10.63009],[33.96162,9.58358],[33.97498,8.68456],[33.8255,8.37916],[33.2948,8.35458],[32.95418,7.78497],[33.56829,7.71334],[34.0751,7.22595],[34.25032,6.82607],[34.70702,6.59422],[35.29801,5.506],[35.81745,5.33823],[35.81745,4.77697],[36.15908,4.44786],[36.85509,4.44786],[38.12091,3.59861],[38.67114,3.61607],[39.55938,3.42206],[39.85494,3.83879],[40.76848,4.25702],[41.1718,3.91909],[41.85508,3.91891],[42.12861,4.23413],[42.76967,4.25259],[43.66087,4.95755],[44.9636,5.00162],[47.78942,8.003]]]},"properties":{"NAME":"Ethiopia","NAME_LONG":"Ethiopia","ADMIN":"Ethiopia","ABBREV":"Eth.","ISO_A2":"ET","ISO_A3":"ETH","ISO_N3":"231","CONTINENT":"Africa","REGION_UN":"Africa","SUBREGION":"Eastern Africa","name":"Ethiopia","code":"ET","iso_a2":"ET","iso_a3":"ETH","continent":"Africa"}},{"type":"Feature","geometry":{"type":"Polygon","coordinates":[[[42.35156,12.54223],[41.66176,11.6312],[41.75557,11.05091],[42.55493,11.10511],[42.77685,10.92688],[43.14531,11.46204],[42.71587,11.73564],[43.28638,11.97493],[43.31785,12.39015],[43.08123,12.69964],[42.77964,12.45542],[42.35156,12.54223]]]},"properties":{"NAME":"Djibouti","NAME_LONG":"Djibouti","ADMIN":"Djibouti","ABBREV":"Dji.","ISO_A2":"DJ","ISO_A3":"DJI","ISO_N3":"262","CONTINENT":"Africa","REGION_UN":"Africa","SUBREGION":"Eastern Africa","name":"Djibouti","code":"DJ","iso_a2":"DJ","iso_a3":"DJI","continent":"Africa"}},{"type":"Feature","geometry":{"type":"Polygon","coordinates":[[[48.94821,11.41062],[48.37878,11.37548],[46.6454,10.81655],[45.55694,10.69803],[44.61426,10.44221],[44.1178,10.44554],[43.66667,10.86417],[43.47066,11.27771],[43.14531,11.46204],[42.77685,10.92688],[42.55876,10.57258],[43.29699,9.54048],[43.67875,9.18358],[46.94834,7.99688],[47.78942,8.003],[48.93813,9.45175],[48.94821,11.41062]]]},"properties":{"NAME":"Somaliland","NAME_LONG":"Somaliland","ADMIN":"Somaliland","ABBREV":"Solnd.","ISO_A2":"-99","ISO_A3":"-99","ISO_N3":"-99","CONTINENT":"Africa","REGION_UN":"Africa","SUBREGION":"Eastern Africa","name":"Somaliland","code":"SOL","iso_a3":"SOL","continent":"Africa"}},{"type":"Feature","geometry":{"type":"Polygon","coordinates":[[[33.90371,-0.95],[33.89357,0.10981],[34.6721,1.17694],[35.03599,1.90584],[34.59607,3.05374],[34.47913,3.5556],[34.005,4.24989],[33.39,3.79],[32.68642,3.79232],[31.88145,3.55827],[31.24556,3.7819],[30.83385,3.50917],[30.77335,2.33988],[31.17415,2.20447],[30.46851,1.58381],[29.87578,0.59738],[29.8195,-0.20531],[29.58784,-0.58741],[29.57947,-1.34131],[29.82152,-1.44332],[30.41911,-1.13466],[30.76986,-1.01455],[31.86617,-1.02736],[33.90371,-0.95]]]},"properties":{"NAME":"Uganda","NAME_LONG":"Uganda","ADMIN":"Uganda","ABBREV":"Uga.","ISO_A2":"UG","ISO_A3":"UGA","ISO_N3":"800","CONTINENT":"Africa","REGION_UN":"Africa","SUBREGION":"Eastern Africa","name":"Uganda","code":"UG","iso_a2":"UG","iso_a3":"UGA","continent":"Africa"}},{"type":"Feature","geometry":{"type":"Polygon","coordinates":[[[30.41911,-1.13466],[29.82152,-1.44332],[29.57947,-1.34131],[29.29189,-1.62006],[29.25484,-2.21511],[29.02493,-2.83926],[29.63218,-2.91786],[29.93836,-2.34849],[30.46967,-2.41385],[30.75831,-2.28725],[30.81614,-1.69891],[30.41911,-1.13466]]]},"properties":{"NAME":"Rwanda","NAME_LONG":"Rwanda","ADMIN":"Rwanda","ABBREV":"Rwa.","ISO_A2":"RW","ISO_A3":"RWA","ISO_N3":"646","CONTINENT":"Africa","REGION_UN":"Africa","SUBREGION":"Eastern Africa","name":"Rwanda","code":"RW","iso_a2":"RW","iso_a3":"RWA","continent":"Africa"}},{"type":"Feature","geometry":{"type":"Polygon","coordinates":[[[18.56,42.65],[18.70648,43.20011],[19.21852,43.52384],[19.59976,44.03847],[19.11761,44.42307],[19.36803,44.863],[19.00549,44.86023],[18.55321,45.08159],[17.86178,45.06774],[17.00215,45.23378],[16.31816,45.00413],[15.95937,45.23378],[15.75003,44.81871],[16.45644,44.04124],[17.29737,43.44634],[17.67492,43.02856],[18.56,42.65]]]},"properties":{"NAME":"Bosnia and Herz.","NAME_LONG":"Bosnia and Herzegovina","ADMIN":"Bosnia and Herzegovina","ABBREV":"B.H.","ISO_A2":"BA","ISO_A3":"BIH","ISO_N3":"070","CONTINENT":"Europe","REGION_UN":"Europe","SUBREGION":"Southern Europe","name":"Bosnia and Herz.","code":"BA","iso_a2":"BA","iso_a3":"BIH","continent":"Europe"}},{"type":"Feature","geometry":{"type":"Polygon","coordinates":[[[22.38053,42.32026],[21.57664,42.24522],[20.76216,42.05186],[20.59025,41.85541],[20.60518,41.08623],[21.02004,40.84273],[22.05538,41.14987],[22.59731,41.13049],[22.95238,41.33799],[22.88137,41.9993],[22.38053,42.32026]]]},"properties":{"NAME":"North Macedonia","NAME_LONG":"North Macedonia","ADMIN":"North Macedonia","ABBREV":"N. Mac.","ISO_A2":"MK","ISO_A3":"MKD","ISO_N3":"807","CONTINENT":"Europe","REGION_UN":"Europe","SUBREGION":"Southern Europe","name":"North Macedonia","code":"MK","iso_a2":"MK","iso_a3":"MKD","continent":"Europe"}},{"type":"Feature","geometry":{"type":"Polygon","coordinates":[[[18.82983,45.90887],[19.39048,45.23652],[19.00549,44.86023],[19.36803,44.863],[19.11761,44.42307],[19.59976,44.03847],[19.21852,43.52384],[20.25758,42.81275],[20.81448,43.27205],[21.77505,42.6827],[21.57664,42.24522],[22.38053,42.32026],[22.6048,42.89852],[22.98602,43.21116],[22.50016,43.64281],[22.65715,44.23492],[22.45902,44.70252],[22.14509,44.47842],[21.56202,44.76895],[21.48353,45.18117],[20.87431,45.41638],[20.76218,45.73457],[20.22019,46.12747],[19.59605,46.17173],[18.82983,45.90887]]]},"properties":{"NAME":"Serbia","NAME_LONG":"Serbia","ADMIN":"Republic of Serbia","ABBREV":"Serb.","ISO_A2":"RS","ISO_A3":"SRB","ISO_N3":"688","CONTINENT":"Europe","REGION_UN":"Europe","SUBREGION":"Southern Europe","name":"Serbia","code":"RS","iso_a2":"RS","iso_a3":"SRB","continent":"Europe"}},{"type":"Feature","geometry":{"type":"Polygon","coordinates":[[[20.0707,42.58863],[20.25758,42.81275],[19.21852,43.52384],[18.70648,43.20011],[18.56,42.65],[18.45002,42.47999],[19.37177,41.87755],[19.30449,42.19575],[19.73805,42.68825],[20.0707,42.58863]]]},"properties":{"NAME":"Montenegro","NAME_LONG":"Montenegro","ADMIN":"Montenegro","ABBREV":"Mont.","ISO_A2":"ME","ISO_A3":"MNE","ISO_N3":"499","CONTINENT":"Europe","REGION_UN":"Europe","SUBREGION":"Southern Europe","name":"Montenegro","code":"ME","iso_a2":"ME","iso_a3":"MNE","continent":"Europe"}},{"type":"Feature","geometry":{"type":"Polygon","coordinates":[[[20.59025,41.85541],[20.76216,42.05186],[21.57664,42.24522],[21.77505,42.6827],[20.81448,43.27205],[20.25758,42.81275],[20.0707,42.58863],[20.52295,42.21787],[20.59025,41.85541]]]},"properties":{"NAME":"Kosovo","NAME_LONG":"Kosovo","ADMIN":"Kosovo","ABBREV":"Kos.","ISO_A2":"-99","ISO_A3":"-99","ISO_N3":"-99","CONTINENT":"Europe","REGION_UN":"Europe","SUBREGION":"Southern Europe","name":"Kosovo","code":"XK","iso_a2":"XK","iso_a3":"KOS","continent":"Europe"}},{"type":"Feature","geometry":{"type":"Polygon","coordinates":[[[-61.68,10.76],[-61.77,10],[-60.935,10.11],[-60.895,10.855],[-61.68,10.76]]]},"properties":{"NAME":"Trinidad and Tobago","NAME_LONG":"Trinidad and Tobago","ADMIN":"Trinidad and Tobago","ABBREV":"Tr.T.","ISO_A2":"TT","ISO_A3":"TTO","ISO_N3":"780","CONTINENT":"North America","REGION_UN":"Americas","SUBREGION":"Caribbean","name":"Trinidad and Tobago","code":"TT","iso_a2":"TT","iso_a3":"TTO","continent":"North America"}},{"type":"Feature","geometry":{"type":"Polygon","coordinates":[[[30.83385,3.50917],[31.24556,3.7819],[31.88145,3.55827],[32.68642,3.79232],[33.39,3.79],[34.005,4.24989],[35.29801,5.506],[34.70702,6.59422],[34.25032,6.82607],[34.0751,7.22595],[33.56829,7.71334],[32.95418,7.78497],[33.2948,8.35458],[33.8255,8.37916],[33.97498,8.68456],[33.96339,9.46429],[33.82496,9.48406],[33.72196,10.32526],[33.20694,10.72011],[33.08677,11.44114],[33.20694,12.17934],[32.74342,12.24801],[32.67475,12.02483],[32.07389,11.97333],[32.31423,11.68148],[32.40007,11.08063],[31.85072,10.53127],[31.35286,9.81024],[30.83784,9.70724],[29.99664,10.29093],[29.61896,10.08492],[29.51595,9.79307],[29.00093,9.60423],[28.9666,9.39822],[27.97089,9.39822],[27.83355,9.60423],[26.47733,9.55273],[25.79063,10.4111],[25.0696,10.27376],[24.79493,9.81024],[24.53742,8.91754],[23.88698,8.61973],[24.56737,8.22919],[25.11493,7.8251],[25.12413,7.50009],[26.21342,6.5466],[26.46591,5.94672],[27.21341,5.55095],[27.37423,5.23394],[27.97998,4.40841],[28.42899,4.28716],[28.69668,4.45508],[29.15908,4.38927],[29.716,4.60081],[29.9535,4.1737],[30.83385,3.50917]]]},"properties":{"NAME":"S. Sudan","NAME_LONG":"South Sudan","ADMIN":"South Sudan","ABBREV":"S. Sud.","ISO_A2":"SS","ISO_A3":"SSD","ISO_N3":"728","CONTINENT":"Africa","REGION_UN":"Africa","SUBREGION":"Eastern Africa","name":"S. Sudan","code":"SS","iso_a2":"SS","iso_a3":"SSD","continent":"Africa"}}]}